2026-09-07 20:14:26,313 WARNING crawler.fetch.stealth_fetch: CLOAKBROWSER_EXECUTABLE_PATH chua duoc cau hinh - dang fallback ve Chromium mac dinh cua Playwright (khong co stealth fingerprinting).
2026-09-07 20:14:34,950 INFO crawler.probing.prober: Sitemap https://duhal.com.vn/sitemap_index.xml: 2 URL san pham + 0 trang danh muc, do tin cay = 0%
2026-09-07 20:14:36,186 INFO crawler.probing.prober: Sitemap https://duhal.com.vn/sitemap.xml: 2 URL san pham + 0 trang danh muc, do tin cay = 0%
2026-09-07 20:14:36,319 INFO crawler.probing.prober: Khong tim thay sitemap dang tin cay cho duhal.com.vn, fallback menu crawl
2026-09-07 20:14:56,817 INFO crawler.fetch.stealth_fetch: https://duhal.com.vn/tuyen-dung -> 429, retry lan 1
2026-09-07 20:14:56,817 INFO crawler.fetch.stealth_fetch: Server phản ứng chậm/từ chối - giãn nhịp fetch lên 1.0s
2026-09-07 20:14:58,599 INFO crawler.fetch.stealth_fetch: https://duhal.com.vn/tuyen-dung -> 429, retry lan 2
2026-09-07 20:14:58,599 INFO crawler.fetch.stealth_fetch: Server phản ứng chậm/từ chối - giãn nhịp fetch lên 2.0s
2026-09-07 20:15:03,863 INFO crawler.fetch.stealth_fetch: https://duhal.com.vn/gioi-thieu -> 429, retry lan 1
2026-09-07 20:15:03,863 INFO crawler.fetch.stealth_fetch: Server phản ứng chậm/từ chối - giãn nhịp fetch lên 4.0s
2026-09-07 20:15:07,825 INFO crawler.fetch.stealth_fetch: https://duhal.com.vn/gioi-thieu -> 429, retry lan 2
2026-09-07 20:15:07,825 INFO crawler.fetch.stealth_fetch: Server phản ứng chậm/từ chối - giãn nhịp fetch lên 8.0s
2026-09-07 20:15:24,142 INFO crawler.fetch.stealth_fetch: https://duhal.com.vn/product-tag/bong-led/ -> 429, retry lan 1
2026-09-07 20:15:24,143 INFO crawler.fetch.stealth_fetch: Server phản ứng chậm/từ chối - giãn nhịp fetch lên 15.0s
2026-09-07 20:16:24,087 INFO crawler.fetch.stealth_fetch: https://duhal.com.vn/product-tag/den-led-tru-cong-vien/ -> 429, retry lan 1
2026-09-07 20:16:24,087 INFO crawler.fetch.stealth_fetch: Server phản ứng chậm/từ chối - giãn nhịp fetch lên 1.0s
2026-09-07 20:16:26,119 INFO crawler.fetch.stealth_fetch: https://duhal.com.vn/product-tag/den-led-tru-cong-vien/ -> 429, retry lan 2
2026-09-07 20:16:26,120 INFO crawler.fetch.stealth_fetch: Server phản ứng chậm/từ chối - giãn nhịp fetch lên 2.0s
2026-09-07 20:16:31,631 INFO crawler.fetch.stealth_fetch: https://duhal.com.vn/product-tag/den-led-san-vuon/ -> 429, retry lan 1
2026-09-07 20:16:31,632 INFO crawler.fetch.stealth_fetch: Server phản ứng chậm/từ chối - giãn nhịp fetch lên 4.0s
2026-09-07 20:16:35,601 INFO crawler.fetch.stealth_fetch: https://duhal.com.vn/product-tag/den-led-san-vuon/ -> 429, retry lan 2
2026-09-07 20:16:35,602 INFO crawler.fetch.stealth_fetch: Server phản ứng chậm/từ chối - giãn nhịp fetch lên 8.0s
2026-09-07 20:17:22,187 INFO crawler.fetch.stealth_fetch: https://duhal.com.vn/product-tag/den-led-chieu-diem/ -> 429, retry lan 1
2026-09-07 20:17:22,187 INFO crawler.fetch.stealth_fetch: Server phản ứng chậm/từ chối - giãn nhịp fetch lên 1.0s
2026-09-07 20:17:24,249 INFO crawler.fetch.stealth_fetch: https://duhal.com.vn/product-tag/den-led-chieu-diem/ -> 429, retry lan 2
2026-09-07 20:17:24,249 INFO crawler.fetch.stealth_fetch: Server phản ứng chậm/từ chối - giãn nhịp fetch lên 2.0s
2026-09-07 20:17:29,725 INFO crawler.fetch.stealth_fetch: https://duhal.com.vn/product-tag/den-am-tuong-am-san-led/ -> 429, retry lan 1
2026-09-07 20:17:29,725 INFO crawler.fetch.stealth_fetch: Server phản ứng chậm/từ chối - giãn nhịp fetch lên 4.0s
2026-09-07 20:17:33,770 INFO crawler.fetch.stealth_fetch: https://duhal.com.vn/product-tag/den-am-tuong-am-san-led/ -> 429, retry lan 2
2026-09-07 20:17:33,770 INFO crawler.fetch.stealth_fetch: Server phản ứng chậm/từ chối - giãn nhịp fetch lên 8.0s
2026-09-07 20:18:26,410 INFO crawler.fetch.stealth_fetch: https://duhal.com.vn/product-tag/bo-giu-day-cap-dien/ -> 429, retry lan 1
2026-09-07 20:18:26,410 INFO crawler.fetch.stealth_fetch: Server phản ứng chậm/từ chối - giãn nhịp fetch lên 1.0s
2026-09-07 20:18:28,457 INFO crawler.fetch.stealth_fetch: https://duhal.com.vn/product-tag/bo-giu-day-cap-dien/ -> 429, retry lan 2
2026-09-07 20:18:28,457 INFO crawler.fetch.stealth_fetch: Server phản ứng chậm/từ chối - giãn nhịp fetch lên 2.0s
2026-09-07 20:18:33,850 INFO crawler.fetch.stealth_fetch: https://duhal.com.vn/product-tag/day-led-chong-tham-dui-e27/ -> 429, retry lan 1
2026-09-07 20:18:33,850 INFO crawler.fetch.stealth_fetch: Server phản ứng chậm/từ chối - giãn nhịp fetch lên 4.0s
2026-09-07 20:18:37,866 INFO crawler.fetch.stealth_fetch: https://duhal.com.vn/product-tag/day-led-chong-tham-dui-e27/ -> 429, retry lan 2
2026-09-07 20:18:37,866 INFO crawler.fetch.stealth_fetch: Server phản ứng chậm/từ chối - giãn nhịp fetch lên 8.0s
2026-09-07 20:19:24,889 INFO crawler.fetch.stealth_fetch: https://duhal.com.vn/du-an/du-an-an-ninh-quoc-gia -> 429, retry lan 1
2026-09-07 20:19:24,889 INFO crawler.fetch.stealth_fetch: Server phản ứng chậm/từ chối - giãn nhịp fetch lên 1.0s
2026-09-07 20:19:26,634 INFO crawler.fetch.stealth_fetch: https://duhal.com.vn/du-an/du-an-an-ninh-quoc-gia -> 429, retry lan 2
2026-09-07 20:19:26,634 INFO crawler.fetch.stealth_fetch: Server phản ứng chậm/từ chối - giãn nhịp fetch lên 2.0s
2026-09-07 20:19:31,857 INFO crawler.fetch.stealth_fetch: https://duhal.com.vn/du-an/khach-san -> 429, retry lan 1
2026-09-07 20:19:31,857 INFO crawler.fetch.stealth_fetch: Server phản ứng chậm/từ chối - giãn nhịp fetch lên 4.0s
2026-09-07 20:19:35,876 INFO crawler.fetch.stealth_fetch: https://duhal.com.vn/du-an/khach-san -> 429, retry lan 2
2026-09-07 20:19:35,876 INFO crawler.fetch.stealth_fetch: Server phản ứng chậm/từ chối - giãn nhịp fetch lên 8.0s
2026-09-07 20:19:51,908 INFO crawler.fetch.stealth_fetch: https://duhal.com.vn/du-an/building-trung-tam-thuong-mai -> 429, retry lan 1
2026-09-07 20:19:51,908 INFO crawler.fetch.stealth_fetch: Server phản ứng chậm/từ chối - giãn nhịp fetch lên 15.0s
2026-09-07 20:20:49,825 INFO crawler.fetch.stealth_fetch: Server phản ứng chậm/từ chối - giãn nhịp fetch lên 3.8s
2026-09-07 20:21:13,928 INFO crawler.fetch.stealth_fetch: Server phản ứng chậm/từ chối - giãn nhịp fetch lên 1.0s
2026-09-07 20:21:47,011 INFO crawler.fetch.stealth_fetch: Server phản ứng chậm/từ chối - giãn nhịp fetch lên 1.0s
2026-09-07 20:22:04,428 INFO crawler.fetch.stealth_fetch: https://duhal.com.vn/bong-led-tru-chong-tham-30w-klb130.html -> 429, retry lan 1
2026-09-07 20:22:04,428 INFO crawler.fetch.stealth_fetch: Server phản ứng chậm/từ chối - giãn nhịp fetch lên 1.0s
2026-09-07 20:22:06,269 INFO crawler.fetch.stealth_fetch: https://duhal.com.vn/bong-led-tru-chong-tham-30w-klb130.html -> 429, retry lan 2
2026-09-07 20:22:06,269 INFO crawler.fetch.stealth_fetch: Server phản ứng chậm/từ chối - giãn nhịp fetch lên 2.0s
2026-09-07 20:22:39,334 INFO crawler.fetch.stealth_fetch: Server phản ứng chậm/từ chối - giãn nhịp fetch lên 4.0s
2026-09-07 20:23:33,051 INFO crawler.fetch.stealth_fetch: Server phản ứng chậm/từ chối - giãn nhịp fetch lên 1.0s
2026-09-07 20:24:00,594 INFO crawler.fetch.stealth_fetch: https://duhal.com.vn/den-led-downlight-chieu-sau-bong-chen-mat-ech-14w-dfc6141.html -> 429, retry lan 1
2026-09-07 20:24:00,594 INFO crawler.fetch.stealth_fetch: Server phản ứng chậm/từ chối - giãn nhịp fetch lên 1.0s
2026-09-07 20:24:02,488 INFO crawler.fetch.stealth_fetch: https://duhal.com.vn/den-led-downlight-chieu-sau-bong-chen-mat-ech-14w-dfc6141.html -> 429, retry lan 2
2026-09-07 20:24:02,489 INFO crawler.fetch.stealth_fetch: Server phản ứng chậm/từ chối - giãn nhịp fetch lên 2.0s
2026-09-07 20:24:07,817 INFO crawler.fetch.stealth_fetch: https://duhal.com.vn/den-led-downlight-gan-noi-ip65-18w-dib8181.html -> 429, retry lan 1
2026-09-07 20:24:07,817 INFO crawler.fetch.stealth_fetch: Server phản ứng chậm/từ chối - giãn nhịp fetch lên 4.0s
2026-09-07 20:24:11,828 INFO crawler.fetch.stealth_fetch: https://duhal.com.vn/den-led-downlight-gan-noi-ip65-18w-dib8181.html -> 429, retry lan 2
2026-09-07 20:24:11,828 INFO crawler.fetch.stealth_fetch: Server phản ứng chậm/từ chối - giãn nhịp fetch lên 8.0s
2026-09-07 20:24:27,868 INFO crawler.fetch.stealth_fetch: https://duhal.com.vn/den-led-khung-60w-slla1060.html -> 429, retry lan 1
2026-09-07 20:24:27,868 INFO crawler.fetch.stealth_fetch: Server phản ứng chậm/từ chối - giãn nhịp fetch lên 15.0s
2026-09-07 20:25:39,996 INFO crawler.fetch.stealth_fetch: Server phản ứng chậm/từ chối - giãn nhịp fetch lên 1.0s
2026-09-07 20:26:39,421 INFO crawler.fetch.stealth_fetch: Server phản ứng chậm/từ chối - giãn nhịp fetch lên 1.0s
2026-09-07 20:26:42,962 INFO crawler.fetch.stealth_fetch: https://duhal.com.vn/truong-thpt-nguyen-tri-phuong-tphue.html -> 429, retry lan 1
2026-09-07 20:26:42,962 INFO crawler.fetch.stealth_fetch: Server phản ứng chậm/từ chối - giãn nhịp fetch lên 1.0s
2026-09-07 20:27:11,141 INFO crawler.fetch.stealth_fetch: https://duhal.com.vn/bong-led-tuyp-t8-23w-sdh123.html -> 429, retry lan 1
2026-09-07 20:27:11,141 INFO crawler.fetch.stealth_fetch: Server phản ứng chậm/từ chối - giãn nhịp fetch lên 1.0s
2026-09-07 20:27:12,970 INFO crawler.fetch.stealth_fetch: https://duhal.com.vn/bong-led-tuyp-t8-23w-sdh123.html -> 429, retry lan 2
2026-09-07 20:27:12,970 INFO crawler.fetch.stealth_fetch: Server phản ứng chậm/từ chối - giãn nhịp fetch lên 2.0s
2026-09-07 20:27:18,314 INFO crawler.fetch.stealth_fetch: https://duhal.com.vn/bong-led-tuyp-than-nhom-12m-18w-sdhr18 -> 429, retry lan 1
2026-09-07 20:27:18,314 INFO crawler.fetch.stealth_fetch: Server phản ứng chậm/từ chối - giãn nhịp fetch lên 4.0s
2026-09-07 20:27:22,324 INFO crawler.fetch.stealth_fetch: https://duhal.com.vn/bong-led-tuyp-than-nhom-12m-18w-sdhr18 -> 429, retry lan 2
2026-09-07 20:27:22,324 INFO crawler.fetch.stealth_fetch: Server phản ứng chậm/từ chối - giãn nhịp fetch lên 8.0s
2026-09-07 20:27:38,354 INFO crawler.fetch.stealth_fetch: https://duhal.com.vn/bong-led-tuyp-15m-23w-sdht804 -> 429, retry lan 1
2026-09-07 20:27:38,354 INFO crawler.fetch.stealth_fetch: Server phản ứng chậm/từ chối - giãn nhịp fetch lên 15.0s
2026-09-07 20:28:31,404 INFO crawler.fetch.stealth_fetch: https://duhal.com.vn/den-led-batten-10w-kdhd310 -> 429, retry lan 1
2026-09-07 20:28:31,405 INFO crawler.fetch.stealth_fetch: Server phản ứng chậm/từ chối - giãn nhịp fetch lên 1.0s
2026-09-07 20:28:33,248 INFO crawler.fetch.stealth_fetch: https://duhal.com.vn/den-led-batten-10w-kdhd310 -> 429, retry lan 2
2026-09-07 20:28:33,249 INFO crawler.fetch.stealth_fetch: Server phản ứng chậm/từ chối - giãn nhịp fetch lên 2.0s
2026-09-07 20:28:38,624 INFO crawler.fetch.stealth_fetch: https://duhal.com.vn/den-led-batten-2x10w-sdhd210 -> 429, retry lan 1
2026-09-07 20:28:38,624 INFO crawler.fetch.stealth_fetch: Server phản ứng chậm/từ chối - giãn nhịp fetch lên 4.0s
2026-09-07 20:28:42,631 INFO crawler.fetch.stealth_fetch: https://duhal.com.vn/den-led-batten-2x10w-sdhd210 -> 429, retry lan 2
2026-09-07 20:28:42,631 INFO crawler.fetch.stealth_fetch: Server phản ứng chậm/từ chối - giãn nhịp fetch lên 8.0s
2026-09-07 20:29:45,847 INFO crawler.fetch.stealth_fetch: Server phản ứng chậm/từ chối - giãn nhịp fetch lên 1.0s
2026-09-07 20:30:53,802 INFO crawler.fetch.stealth_fetch: Server phản ứng chậm/từ chối - giãn nhịp fetch lên 1.0s
2026-09-07 20:30:58,525 INFO crawler.fetch.stealth_fetch: https://duhal.com.vn/mang-den-tan-quang-lap-noi-chup-mica-2x9w-lln209 -> 429, retry lan 1
2026-09-07 20:30:58,525 INFO crawler.fetch.stealth_fetch: Server phản ứng chậm/từ chối - giãn nhịp fetch lên 1.0s
2026-09-07 20:31:37,301 INFO crawler.fetch.stealth_fetch: Server phản ứng chậm/từ chối - giãn nhịp fetch lên 1.0s
2026-09-07 20:32:21,157 INFO crawler.fetch.stealth_fetch: Server phản ứng chậm/từ chối - giãn nhịp fetch lên 1.0s
2026-09-07 20:32:54,025 INFO crawler.fetch.stealth_fetch: Server phản ứng chậm/từ chối - giãn nhịp fetch lên 1.0s
2026-09-07 20:33:20,573 INFO crawler.fetch.stealth_fetch: https://duhal.com.vn/den-led-panel-vien-kinh-12w-dgv212.html -> 429, retry lan 1
2026-09-07 20:33:20,574 INFO crawler.fetch.stealth_fetch: Server phản ứng chậm/từ chối - giãn nhịp fetch lên 1.0s
2026-09-07 20:33:22,520 INFO crawler.fetch.stealth_fetch: https://duhal.com.vn/den-led-panel-vien-kinh-12w-dgv212.html -> 429, retry lan 2
2026-09-07 20:33:22,520 INFO crawler.fetch.stealth_fetch: Server phản ứng chậm/từ chối - giãn nhịp fetch lên 2.0s
2026-09-07 20:33:55,582 INFO crawler.fetch.stealth_fetch: Server phản ứng chậm/từ chối - giãn nhịp fetch lên 4.0s
2026-09-07 20:34:45,530 INFO crawler.fetch.stealth_fetch: Server phản ứng chậm/từ chối - giãn nhịp fetch lên 1.0s
2026-09-07 20:35:11,865 INFO crawler.fetch.stealth_fetch: https://duhal.com.vn/den-mang-led-am-tran-30w-sla309 -> 429, retry lan 1
2026-09-07 20:35:11,865 INFO crawler.fetch.stealth_fetch: Server phản ứng chậm/từ chối - giãn nhịp fetch lên 1.0s
2026-09-07 20:35:13,689 INFO crawler.fetch.stealth_fetch: https://duhal.com.vn/den-mang-led-am-tran-30w-sla309 -> 429, retry lan 2
2026-09-07 20:35:13,689 INFO crawler.fetch.stealth_fetch: Server phản ứng chậm/từ chối - giãn nhịp fetch lên 2.0s
2026-09-07 20:35:19,002 INFO crawler.fetch.stealth_fetch: https://duhal.com.vn/den-mang-led-am-tran-72w-sdla0721 -> 429, retry lan 1
2026-09-07 20:35:19,002 INFO crawler.fetch.stealth_fetch: Server phản ứng chậm/từ chối - giãn nhịp fetch lên 4.0s
2026-09-07 20:35:23,010 INFO crawler.fetch.stealth_fetch: https://duhal.com.vn/den-mang-led-am-tran-72w-sdla0721 -> 429, retry lan 2
2026-09-07 20:35:23,010 INFO crawler.fetch.stealth_fetch: Server phản ứng chậm/từ chối - giãn nhịp fetch lên 8.0s
2026-09-07 20:35:39,039 INFO crawler.fetch.stealth_fetch: https://duhal.com.vn/den-chong-no-lsc228 -> 429, retry lan 1
2026-09-07 20:35:39,039 INFO crawler.fetch.stealth_fetch: Server phản ứng chậm/từ chối - giãn nhịp fetch lên 15.0s
2026-09-07 20:36:56,595 INFO crawler.fetch.stealth_fetch: Server phản ứng chậm/từ chối - giãn nhịp fetch lên 1.0s
2026-09-07 20:37:22,629 INFO crawler.fetch.stealth_fetch: https://duhal.com.vn/den-led-am-nuoc-anh-sang-don-sac-12w-dma512 -> 429, retry lan 1
2026-09-07 20:37:22,629 INFO crawler.fetch.stealth_fetch: Server phản ứng chậm/từ chối - giãn nhịp fetch lên 1.0s
2026-09-07 20:37:24,458 INFO crawler.fetch.stealth_fetch: https://duhal.com.vn/den-led-am-nuoc-anh-sang-don-sac-12w-dma512 -> 429, retry lan 2
2026-09-07 20:37:24,458 INFO crawler.fetch.stealth_fetch: Server phản ứng chậm/từ chối - giãn nhịp fetch lên 2.0s
2026-09-07 20:37:29,812 INFO crawler.fetch.stealth_fetch: https://duhal.com.vn/den-led-chong-tham-1x18w-lsi118 -> 429, retry lan 1
2026-09-07 20:37:29,812 INFO crawler.fetch.stealth_fetch: Server phản ứng chậm/từ chối - giãn nhịp fetch lên 4.0s
2026-09-07 20:37:33,824 INFO crawler.fetch.stealth_fetch: https://duhal.com.vn/den-led-chong-tham-1x18w-lsi118 -> 429, retry lan 2
2026-09-07 20:37:33,824 INFO crawler.fetch.stealth_fetch: Server phản ứng chậm/từ chối - giãn nhịp fetch lên 8.0s
2026-09-07 20:37:49,812 INFO crawler.fetch.stealth_fetch: https://duhal.com.vn/den-led-downlight-am-tran-cao-chieu-sau-chong-tham-30w-bfb040 -> 429, retry lan 1
2026-09-07 20:37:49,812 INFO crawler.fetch.stealth_fetch: Server phản ứng chậm/từ chối - giãn nhịp fetch lên 15.0s
2026-09-07 20:38:57,257 INFO crawler.fetch.stealth_fetch: Server phản ứng chậm/từ chối - giãn nhịp fetch lên 1.0s
2026-09-07 20:39:35,876 INFO crawler.fetch.stealth_fetch: Server phản ứng chậm/từ chối - giãn nhịp fetch lên 1.0s
2026-09-07 20:40:04,698 INFO crawler.fetch.stealth_fetch: https://duhal.com.vn/den-pha-led-30w-kdj2030.html -> 429, retry lan 1
2026-09-07 20:40:04,698 INFO crawler.fetch.stealth_fetch: Server phản ứng chậm/từ chối - giãn nhịp fetch lên 1.0s
2026-09-07 20:40:38,819 INFO crawler.fetch.stealth_fetch: Server phản ứng chậm/từ chối - giãn nhịp fetch lên 1.0s
2026-09-07 20:41:04,551 INFO crawler.fetch.stealth_fetch: https://duhal.com.vn/den-led-tru-cong-9w-dva004 -> 429, retry lan 1
2026-09-07 20:41:04,551 INFO crawler.fetch.stealth_fetch: Server phản ứng chậm/từ chối - giãn nhịp fetch lên 1.0s
2026-09-07 20:41:06,388 INFO crawler.fetch.stealth_fetch: https://duhal.com.vn/den-led-tru-cong-9w-dva004 -> 429, retry lan 2
2026-09-07 20:41:06,388 INFO crawler.fetch.stealth_fetch: Server phản ứng chậm/từ chối - giãn nhịp fetch lên 2.0s
2026-09-07 20:41:37,774 INFO crawler.fetch.stealth_fetch: https://duhal.com.vn/den-led-san-vuon-5w-dva505 -> 429, retry lan 1
2026-09-07 20:41:37,774 INFO crawler.fetch.stealth_fetch: Server phản ứng chậm/từ chối - giãn nhịp fetch lên 1.0s
2026-09-07 20:41:39,786 INFO crawler.fetch.stealth_fetch: https://duhal.com.vn/den-led-san-vuon-5w-dva505 -> 429, retry lan 2
2026-09-07 20:41:39,786 INFO crawler.fetch.stealth_fetch: Server phản ứng chậm/từ chối - giãn nhịp fetch lên 2.0s
2026-09-07 20:41:45,137 INFO crawler.fetch.stealth_fetch: https://duhal.com.vn/den-led-quan-sat-san-vuon-7w-aby211.html -> 429, retry lan 1
2026-09-07 20:41:45,138 INFO crawler.fetch.stealth_fetch: Server phản ứng chậm/từ chối - giãn nhịp fetch lên 4.0s
2026-09-07 20:41:49,169 INFO crawler.fetch.stealth_fetch: https://duhal.com.vn/den-led-quan-sat-san-vuon-7w-aby211.html -> 429, retry lan 2
2026-09-07 20:41:49,170 INFO crawler.fetch.stealth_fetch: Server phản ứng chậm/từ chối - giãn nhịp fetch lên 8.0s
2026-09-07 20:42:05,135 INFO crawler.fetch.stealth_fetch: https://duhal.com.vn/den-led-san-vuon-40w-sdsv0401 -> 429, retry lan 1
2026-09-07 20:42:05,136 INFO crawler.fetch.stealth_fetch: Server phản ứng chậm/từ chối - giãn nhịp fetch lên 15.0s
2026-09-07 20:42:56,941 INFO crawler.fetch.stealth_fetch: https://duhal.com.vn/den-duong-led-80w-sdhq80 -> 429, retry lan 1
2026-09-07 20:42:56,941 INFO crawler.fetch.stealth_fetch: Server phản ứng chậm/từ chối - giãn nhịp fetch lên 1.0s
2026-09-07 20:42:58,796 INFO crawler.fetch.stealth_fetch: https://duhal.com.vn/den-duong-led-80w-sdhq80 -> 429, retry lan 2
2026-09-07 20:42:58,796 INFO crawler.fetch.stealth_fetch: Server phản ứng chậm/từ chối - giãn nhịp fetch lên 2.0s
2026-09-07 20:43:04,174 INFO crawler.fetch.stealth_fetch: https://duhal.com.vn/den-duong-solar-100w-dhl1100.html -> 429, retry lan 1
2026-09-07 20:43:04,174 INFO crawler.fetch.stealth_fetch: Server phản ứng chậm/từ chối - giãn nhịp fetch lên 4.0s
2026-09-07 20:43:08,152 INFO crawler.fetch.stealth_fetch: https://duhal.com.vn/den-duong-solar-100w-dhl1100.html -> 429, retry lan 2
2026-09-07 20:43:08,152 INFO crawler.fetch.stealth_fetch: Server phản ứng chậm/từ chối - giãn nhịp fetch lên 8.0s
2026-09-07 20:43:53,268 INFO crawler.fetch.stealth_fetch: https://duhal.com.vn/den-ngu-nghiep-danh-bat-hai-san-500w-nnl500.html -> 429, retry lan 1
2026-09-07 20:43:53,268 INFO crawler.fetch.stealth_fetch: Server phản ứng chậm/từ chối - giãn nhịp fetch lên 1.0s
2026-09-07 20:43:55,080 INFO crawler.fetch.stealth_fetch: https://duhal.com.vn/den-ngu-nghiep-danh-bat-hai-san-500w-nnl500.html -> 429, retry lan 2
2026-09-07 20:43:55,080 INFO crawler.fetch.stealth_fetch: Server phản ứng chậm/từ chối - giãn nhịp fetch lên 2.0s
2026-09-07 20:44:00,405 INFO crawler.fetch.stealth_fetch: https://duhal.com.vn/den-choa-cong-nghiep-hbm250 -> 429, retry lan 1
2026-09-07 20:44:00,405 INFO crawler.fetch.stealth_fetch: Server phản ứng chậm/từ chối - giãn nhịp fetch lên 4.0s
2026-09-07 20:44:04,398 INFO crawler.fetch.stealth_fetch: https://duhal.com.vn/den-choa-cong-nghiep-hbm250 -> 429, retry lan 2
2026-09-07 20:44:04,398 INFO crawler.fetch.stealth_fetch: Server phản ứng chậm/từ chối - giãn nhịp fetch lên 8.0s
2026-09-07 20:44:20,408 INFO crawler.fetch.stealth_fetch: https://duhal.com.vn/den-pha-lsq1000 -> 429, retry lan 1
2026-09-07 20:44:20,408 INFO crawler.fetch.stealth_fetch: Server phản ứng chậm/từ chối - giãn nhịp fetch lên 15.0s
2026-09-07 20:45:08,612 INFO crawler.fetch.stealth_fetch: https://duhal.com.vn/den-cong-nghiep-choa-son-tinh-dien-1x9w-dtj109 -> 429, retry lan 1
2026-09-07 20:45:08,612 INFO crawler.fetch.stealth_fetch: Server phản ứng chậm/từ chối - giãn nhịp fetch lên 1.0s
2026-09-07 20:45:10,451 INFO crawler.fetch.stealth_fetch: https://duhal.com.vn/den-cong-nghiep-choa-son-tinh-dien-1x9w-dtj109 -> 429, retry lan 2
2026-09-07 20:45:10,451 INFO crawler.fetch.stealth_fetch: Server phản ứng chậm/từ chối - giãn nhịp fetch lên 2.0s
2026-09-07 20:45:15,768 INFO crawler.fetch.stealth_fetch: https://duhal.com.vn/den-cong-nghiep-choa-son-tinh-dien-2x18w-tth218 -> 429, retry lan 1
2026-09-07 20:45:15,768 INFO crawler.fetch.stealth_fetch: Server phản ứng chậm/từ chối - giãn nhịp fetch lên 4.0s
2026-09-07 20:45:19,766 INFO crawler.fetch.stealth_fetch: https://duhal.com.vn/den-cong-nghiep-choa-son-tinh-dien-2x18w-tth218 -> 429, retry lan 2
2026-09-07 20:45:19,766 INFO crawler.fetch.stealth_fetch: Server phản ứng chậm/từ chối - giãn nhịp fetch lên 8.0s
2026-09-07 20:46:03,920 INFO crawler.fetch.stealth_fetch: https://duhal.com.vn/den-batten-t5-1x9w-ttf109 -> 429, retry lan 1
2026-09-07 20:46:03,920 INFO crawler.fetch.stealth_fetch: Server phản ứng chậm/từ chối - giãn nhịp fetch lên 1.0s
2026-09-07 20:46:05,732 INFO crawler.fetch.stealth_fetch: https://duhal.com.vn/den-batten-t5-1x9w-ttf109 -> 429, retry lan 2
2026-09-07 20:46:05,732 INFO crawler.fetch.stealth_fetch: Server phản ứng chậm/từ chối - giãn nhịp fetch lên 2.0s
2026-09-07 20:46:11,049 INFO crawler.fetch.stealth_fetch: https://duhal.com.vn/den-batten-t8-2x18w-ltf218 -> 429, retry lan 1
2026-09-07 20:46:11,050 INFO crawler.fetch.stealth_fetch: Server phản ứng chậm/từ chối - giãn nhịp fetch lên 4.0s
2026-09-07 20:46:15,049 INFO crawler.fetch.stealth_fetch: https://duhal.com.vn/den-batten-t8-2x18w-ltf218 -> 429, retry lan 2
2026-09-07 20:46:15,050 INFO crawler.fetch.stealth_fetch: Server phản ứng chậm/từ chối - giãn nhịp fetch lên 8.0s
2026-09-07 20:46:31,061 INFO crawler.fetch.stealth_fetch: https://duhal.com.vn/den-batten-t5-1x18w-ttf118 -> 429, retry lan 1
2026-09-07 20:46:31,062 INFO crawler.fetch.stealth_fetch: Server phản ứng chậm/từ chối - giãn nhịp fetch lên 15.0s
2026-09-07 20:47:20,161 INFO crawler.fetch.stealth_fetch: https://duhal.com.vn/den-downlight-am-tran-lgl-111 -> 429, retry lan 1
2026-09-07 20:47:20,161 INFO crawler.fetch.stealth_fetch: Server phản ứng chậm/từ chối - giãn nhịp fetch lên 1.0s
2026-09-07 20:47:21,985 INFO crawler.fetch.stealth_fetch: https://duhal.com.vn/den-downlight-am-tran-lgl-111 -> 429, retry lan 2
2026-09-07 20:47:21,986 INFO crawler.fetch.stealth_fetch: Server phản ứng chậm/từ chối - giãn nhịp fetch lên 2.0s
2026-09-07 20:47:27,314 INFO crawler.fetch.stealth_fetch: https://duhal.com.vn/den-ngu-nghiep-danh-bat-hai-san-500w-nnl500.html -> 429, retry lan 1
2026-09-07 20:47:27,315 INFO crawler.fetch.stealth_fetch: Server phản ứng chậm/từ chối - giãn nhịp fetch lên 4.0s
2026-09-07 20:47:31,298 INFO crawler.fetch.stealth_fetch: https://duhal.com.vn/den-ngu-nghiep-danh-bat-hai-san-500w-nnl500.html -> 429, retry lan 2
2026-09-07 20:47:31,298 INFO crawler.fetch.stealth_fetch: Server phản ứng chậm/từ chối - giãn nhịp fetch lên 8.0s
2026-09-07 20:48:37,061 INFO crawler.fetch.stealth_fetch: Server phản ứng chậm/từ chối - giãn nhịp fetch lên 1.0s
2026-09-07 20:49:08,617 INFO crawler.fetch.stealth_fetch: Server phản ứng chậm/từ chối - giãn nhịp fetch lên 2.0s
2026-09-07 20:49:36,879 INFO crawler.fetch.stealth_fetch: https://duhal.com.vn/den-led-am-tran-trang-tri-18w-dfa1181 -> 429, retry lan 1
2026-09-07 20:49:36,879 INFO crawler.fetch.stealth_fetch: Server phản ứng chậm/từ chối - giãn nhịp fetch lên 1.0s
2026-09-07 20:49:38,704 INFO crawler.fetch.stealth_fetch: https://duhal.com.vn/den-led-am-tran-trang-tri-18w-dfa1181 -> 429, retry lan 2
2026-09-07 20:49:38,704 INFO crawler.fetch.stealth_fetch: Server phản ứng chậm/từ chối - giãn nhịp fetch lên 2.0s
2026-09-07 20:49:44,031 INFO crawler.fetch.stealth_fetch: https://duhal.com.vn/den-led-am-tran-trang-tri-7w-dfa1071 -> 429, retry lan 1
2026-09-07 20:49:44,031 INFO crawler.fetch.stealth_fetch: Server phản ứng chậm/từ chối - giãn nhịp fetch lên 4.0s
2026-09-07 20:49:48,055 INFO crawler.fetch.stealth_fetch: https://duhal.com.vn/den-led-am-tran-trang-tri-7w-dfa1071 -> 429, retry lan 2
2026-09-07 20:49:48,056 INFO crawler.fetch.stealth_fetch: Server phản ứng chậm/từ chối - giãn nhịp fetch lên 8.0s
2026-09-07 20:50:04,026 INFO crawler.fetch.stealth_fetch: https://duhal.com.vn/den-led-am-tran-trang-tri-7w-dfa0078 -> 429, retry lan 1
2026-09-07 20:50:04,026 INFO crawler.fetch.stealth_fetch: Server phản ứng chậm/từ chối - giãn nhịp fetch lên 15.0s
2026-09-07 20:51:07,800 INFO crawler.fetch.stealth_fetch: Server phản ứng chậm/từ chối - giãn nhịp fetch lên 1.0s
2026-09-07 20:52:06,773 INFO crawler.fetch.stealth_fetch: Server phản ứng chậm/từ chối - giãn nhịp fetch lên 1.0s
2026-09-07 20:52:14,988 INFO crawler.fetch.stealth_fetch: https://duhal.com.vn/den-led-treo-tha-9w-sdtb210 -> 429, retry lan 1
2026-09-07 20:52:14,989 INFO crawler.fetch.stealth_fetch: Server phản ứng chậm/từ chối - giãn nhịp fetch lên 1.0s
2026-09-07 20:52:16,807 INFO crawler.fetch.stealth_fetch: https://duhal.com.vn/den-led-treo-tha-9w-sdtb210 -> 429, retry lan 2
2026-09-07 20:52:16,807 INFO crawler.fetch.stealth_fetch: Server phản ứng chậm/từ chối - giãn nhịp fetch lên 2.0s
2026-09-07 20:52:44,829 INFO crawler.fetch.stealth_fetch: https://duhal.com.vn/den-led-op-vach-soi-guong-phong-tam-15w-lse0151 -> 429, retry lan 1
2026-09-07 20:52:44,829 INFO crawler.fetch.stealth_fetch: Server phản ứng chậm/từ chối - giãn nhịp fetch lên 1.0s
2026-09-07 20:52:46,646 INFO crawler.fetch.stealth_fetch: https://duhal.com.vn/den-led-op-vach-soi-guong-phong-tam-15w-lse0151 -> 429, retry lan 2
2026-09-07 20:52:46,646 INFO crawler.fetch.stealth_fetch: Server phản ứng chậm/từ chối - giãn nhịp fetch lên 2.0s
2026-09-07 20:52:51,972 INFO crawler.fetch.stealth_fetch: https://duhal.com.vn/den-led-tu-kieng-3w-dtk813 -> 429, retry lan 1
2026-09-07 20:52:51,972 INFO crawler.fetch.stealth_fetch: Server phản ứng chậm/từ chối - giãn nhịp fetch lên 4.0s
2026-09-07 20:52:55,960 INFO crawler.fetch.stealth_fetch: https://duhal.com.vn/den-led-tu-kieng-3w-dtk813 -> 429, retry lan 2
2026-09-07 20:52:55,960 INFO crawler.fetch.stealth_fetch: Server phản ứng chậm/từ chối - giãn nhịp fetch lên 8.0s
2026-09-07 20:53:11,990 INFO crawler.fetch.stealth_fetch: https://duhal.com.vn/den-led-soi-guong-phong-tam-xong-hoi-5w-aig0051 -> 429, retry lan 1
2026-09-07 20:53:11,990 INFO crawler.fetch.stealth_fetch: Server phản ứng chậm/từ chối - giãn nhịp fetch lên 15.0s
2026-09-07 20:54:00,618 INFO crawler.fetch.stealth_fetch: https://duhal.com.vn/led-day-anh-sang-xanh-la-6wm-ldl01 -> 429, retry lan 1
2026-09-07 20:54:00,618 INFO crawler.fetch.stealth_fetch: Server phản ứng chậm/từ chối - giãn nhịp fetch lên 1.0s
2026-09-07 20:54:02,431 INFO crawler.fetch.stealth_fetch: https://duhal.com.vn/led-day-anh-sang-xanh-la-6wm-ldl01 -> 429, retry lan 2
2026-09-07 20:54:02,432 INFO crawler.fetch.stealth_fetch: Server phản ứng chậm/từ chối - giãn nhịp fetch lên 2.0s
2026-09-07 20:54:07,740 INFO crawler.fetch.stealth_fetch: https://duhal.com.vn/led-day-kieu-neon-be-goc-hai-chieu-anh-sang-xanh-lam-6wm-nel01 -> 429, retry lan 1
2026-09-07 20:54:07,741 INFO crawler.fetch.stealth_fetch: Server phản ứng chậm/từ chối - giãn nhịp fetch lên 4.0s
2026-09-07 20:54:11,740 INFO crawler.fetch.stealth_fetch: https://duhal.com.vn/led-day-kieu-neon-be-goc-hai-chieu-anh-sang-xanh-lam-6wm-nel01 -> 429, retry lan 2
2026-09-07 20:54:11,740 INFO crawler.fetch.stealth_fetch: Server phản ứng chậm/từ chối - giãn nhịp fetch lên 8.0s
2026-09-07 20:55:05,923 INFO crawler.fetch.stealth_fetch: Server phản ứng chậm/từ chối - giãn nhịp fetch lên 1.0s
2026-09-07 20:55:26,039 INFO crawler.fetch.stealth_fetch: https://duhal.com.vn/den-led-gan-vach-10w-dtv863 -> 429, retry lan 1
2026-09-07 20:55:26,039 INFO crawler.fetch.stealth_fetch: Server phản ứng chậm/từ chối - giãn nhịp fetch lên 1.0s
2026-09-07 20:55:52,643 INFO crawler.fetch.stealth_fetch: https://duhal.com.vn/k9-series-mccb-chong-dong-ro-3p1n-630a-65ka-100ma-300ma-500ma-k9d4-630.html -> 429, retry lan 1
2026-09-07 20:55:52,643 INFO crawler.fetch.stealth_fetch: Server phản ứng chậm/từ chối - giãn nhịp fetch lên 1.0s
2026-09-07 20:55:54,486 INFO crawler.fetch.stealth_fetch: https://duhal.com.vn/k9-series-mccb-chong-dong-ro-3p1n-630a-65ka-100ma-300ma-500ma-k9d4-630.html -> 429, retry lan 2
2026-09-07 20:55:54,486 INFO crawler.fetch.stealth_fetch: Server phản ứng chậm/từ chối - giãn nhịp fetch lên 2.0s
2026-09-07 20:55:59,950 INFO crawler.fetch.stealth_fetch: https://duhal.com.vn/mat-cong-tac-cam-ung-on-off-4-diem-cham-dang-chu-nhat-a5a470.html -> 429, retry lan 1
2026-09-07 20:55:59,951 INFO crawler.fetch.stealth_fetch: Server phản ứng chậm/từ chối - giãn nhịp fetch lên 4.0s
2026-09-07 20:56:03,863 INFO crawler.fetch.stealth_fetch: https://duhal.com.vn/mat-cong-tac-cam-ung-on-off-4-diem-cham-dang-chu-nhat-a5a470.html -> 429, retry lan 2
2026-09-07 20:56:03,863 INFO crawler.fetch.stealth_fetch: Server phản ứng chậm/từ chối - giãn nhịp fetch lên 8.0s
2026-09-07 20:56:19,840 INFO crawler.fetch.stealth_fetch: https://duhal.com.vn/k9-series-mccb-chong-dong-ro-3p1n-100a-50ka-100ma-300ma-500ma-k9d4-100.html -> 429, retry lan 1
2026-09-07 20:56:19,840 INFO crawler.fetch.stealth_fetch: Server phản ứng chậm/từ chối - giãn nhịp fetch lên 15.0s
2026-09-07 20:57:08,315 INFO crawler.fetch.stealth_fetch: https://duhal.com.vn/mat-cong-tac-wifi-cam-ung-dim-den-3-diem-cham-dang-chu-nhat-a5a369.html -> 429, retry lan 1
2026-09-07 20:57:08,315 INFO crawler.fetch.stealth_fetch: Server phản ứng chậm/từ chối - giãn nhịp fetch lên 1.0s
2026-09-07 20:57:10,207 INFO crawler.fetch.stealth_fetch: https://duhal.com.vn/mat-cong-tac-wifi-cam-ung-dim-den-3-diem-cham-dang-chu-nhat-a5a369.html -> 429, retry lan 2
2026-09-07 20:57:10,207 INFO crawler.fetch.stealth_fetch: Server phản ứng chậm/từ chối - giãn nhịp fetch lên 2.0s
2026-09-07 20:57:15,625 INFO crawler.fetch.stealth_fetch: https://duhal.com.vn/mat-cong-tac-cam-ung-on-off-3-diem-cham-dang-chu-nhat-a3a370.html -> 429, retry lan 1
2026-09-07 20:57:15,625 INFO crawler.fetch.stealth_fetch: Server phản ứng chậm/từ chối - giãn nhịp fetch lên 4.0s
2026-09-07 20:57:19,580 INFO crawler.fetch.stealth_fetch: https://duhal.com.vn/mat-cong-tac-cam-ung-on-off-3-diem-cham-dang-chu-nhat-a3a370.html -> 429, retry lan 2
2026-09-07 20:57:19,580 INFO crawler.fetch.stealth_fetch: Server phản ứng chậm/từ chối - giãn nhịp fetch lên 8.0s
2026-09-07 20:58:31,555 INFO crawler.fetch.stealth_fetch: Server phản ứng chậm/từ chối - giãn nhịp fetch lên 1.0s
2026-09-07 20:59:05,133 INFO crawler.fetch.stealth_fetch: https://duhal.com.vn/nep-vuong-18m-s1n280 -> 429, retry lan 1
2026-09-07 20:59:05,133 INFO crawler.fetch.stealth_fetch: Server phản ứng chậm/từ chối - giãn nhịp fetch lên 1.0s
2026-09-07 20:59:07,046 INFO crawler.fetch.stealth_fetch: https://duhal.com.vn/nep-vuong-18m-s1n280 -> 429, retry lan 2
2026-09-07 20:59:07,046 INFO crawler.fetch.stealth_fetch: Server phản ứng chậm/từ chối - giãn nhịp fetch lên 2.0s
2026-09-07 20:59:12,387 INFO crawler.fetch.stealth_fetch: https://duhal.com.vn/nep-vuong-19m-s1n330 -> 429, retry lan 1
2026-09-07 20:59:12,387 INFO crawler.fetch.stealth_fetch: Server phản ứng chậm/từ chối - giãn nhịp fetch lên 4.0s
2026-09-07 20:59:16,382 INFO crawler.fetch.stealth_fetch: https://duhal.com.vn/nep-vuong-19m-s1n330 -> 429, retry lan 2
2026-09-07 20:59:16,382 INFO crawler.fetch.stealth_fetch: Server phản ứng chậm/từ chối - giãn nhịp fetch lên 8.0s
2026-09-07 20:59:32,372 INFO crawler.fetch.stealth_fetch: https://duhal.com.vn/nep-vuong-18m-s1n250 -> 429, retry lan 1
2026-09-07 20:59:32,372 INFO crawler.fetch.stealth_fetch: Server phản ứng chậm/từ chối - giãn nhịp fetch lên 15.0s
2026-09-07 21:00:29,866 INFO crawler.fetch.stealth_fetch: https://duhal.com.vn/tap-lo-dien-8x20-s1g703 -> 429, retry lan 1
2026-09-07 21:00:29,866 INFO crawler.fetch.stealth_fetch: Server phản ứng chậm/từ chối - giãn nhịp fetch lên 1.0s
2026-09-07 21:00:31,784 INFO crawler.fetch.stealth_fetch: https://duhal.com.vn/tap-lo-dien-8x20-s1g703 -> 429, retry lan 2
2026-09-07 21:00:31,784 INFO crawler.fetch.stealth_fetch: Server phản ứng chậm/từ chối - giãn nhịp fetch lên 2.0s
2026-09-07 21:00:37,142 INFO crawler.fetch.stealth_fetch: https://duhal.com.vn/day-rut-2-tac-5-5x250-s1g317 -> 429, retry lan 1
2026-09-07 21:00:37,142 INFO crawler.fetch.stealth_fetch: Server phản ứng chậm/từ chối - giãn nhịp fetch lên 4.0s
2026-09-07 21:00:41,175 INFO crawler.fetch.stealth_fetch: https://duhal.com.vn/day-rut-2-tac-5-5x250-s1g317 -> 429, retry lan 2
2026-09-07 21:00:41,176 INFO crawler.fetch.stealth_fetch: Server phản ứng chậm/từ chối - giãn nhịp fetch lên 8.0s
2026-09-07 21:01:24,854 INFO crawler.fetch.stealth_fetch: Server phản ứng chậm/từ chối - giãn nhịp fetch lên 4.0s
2026-09-07 21:02:17,030 INFO crawler.fetch.stealth_fetch: https://duhal.com.vn/thanh-ray-gan-noi-80cm-co-cong-tac-mau-trang-s1r108-s1r108 -> 429, retry lan 1
2026-09-07 21:02:17,030 INFO crawler.fetch.stealth_fetch: Server phản ứng chậm/từ chối - giãn nhịp fetch lên 1.0s
2026-09-07 21:02:18,871 INFO crawler.fetch.stealth_fetch: https://duhal.com.vn/thanh-ray-gan-noi-80cm-co-cong-tac-mau-trang-s1r108-s1r108 -> 429, retry lan 2
2026-09-07 21:02:18,871 INFO crawler.fetch.stealth_fetch: Server phản ứng chậm/từ chối - giãn nhịp fetch lên 2.0s
2026-09-07 21:02:24,214 INFO crawler.fetch.stealth_fetch: https://duhal.com.vn/thanh-ray-gan-noi-80cm-mau-trang-s1r208-s1r208 -> 429, retry lan 1
2026-09-07 21:02:24,214 INFO crawler.fetch.stealth_fetch: Server phản ứng chậm/từ chối - giãn nhịp fetch lên 4.0s
2026-09-07 21:02:28,207 INFO crawler.fetch.stealth_fetch: https://duhal.com.vn/thanh-ray-gan-noi-80cm-mau-trang-s1r208-s1r208 -> 429, retry lan 2
2026-09-07 21:02:28,208 INFO crawler.fetch.stealth_fetch: Server phản ứng chậm/từ chối - giãn nhịp fetch lên 8.0s
2026-09-07 21:02:44,220 INFO crawler.fetch.stealth_fetch: https://duhal.com.vn/quat-trang-tri-cao-cap-vnq019 -> 429, retry lan 1
2026-09-07 21:02:44,221 INFO crawler.fetch.stealth_fetch: Server phản ứng chậm/từ chối - giãn nhịp fetch lên 15.0s
2026-09-07 21:03:39,485 INFO crawler.fetch.stealth_fetch: https://duhal.com.vn/den-sac-led-det20 -> 429, retry lan 1
2026-09-07 21:03:39,485 INFO crawler.fetch.stealth_fetch: Server phản ứng chậm/từ chối - giãn nhịp fetch lên 1.0s
2026-09-07 21:03:41,352 INFO crawler.fetch.stealth_fetch: https://duhal.com.vn/den-sac-led-det20 -> 429, retry lan 2
2026-09-07 21:03:41,366 INFO crawler.fetch.stealth_fetch: Server phản ứng chậm/từ chối - giãn nhịp fetch lên 2.0s
2026-09-07 21:03:46,701 INFO crawler.fetch.stealth_fetch: https://duhal.com.vn/den-ban-led-mini-1w-dbl0011 -> 429, retry lan 1
2026-09-07 21:03:46,701 INFO crawler.fetch.stealth_fetch: Server phản ứng chậm/từ chối - giãn nhịp fetch lên 4.0s
2026-09-07 21:03:50,706 INFO crawler.fetch.stealth_fetch: https://duhal.com.vn/den-ban-led-mini-1w-dbl0011 -> 429, retry lan 2
2026-09-07 21:03:50,706 INFO crawler.fetch.stealth_fetch: Server phản ứng chậm/từ chối - giãn nhịp fetch lên 8.0s
2026-09-07 21:04:44,063 INFO crawler.fetch.stealth_fetch: Server phản ứng chậm/từ chối - giãn nhịp fetch lên 2.0s
2026-09-07 21:05:15,664 INFO crawler.fetch.stealth_fetch: Server phản ứng chậm/từ chối - giãn nhịp fetch lên 4.0s
2026-09-07 21:05:48,582 INFO crawler.fetch.stealth_fetch: https://duhal.com.vn/den-downlight-vien-xi-doi-mau-15w-fx41519.html -> 429, retry lan 1
2026-09-07 21:05:48,582 INFO crawler.fetch.stealth_fetch: Server phản ứng chậm/từ chối - giãn nhịp fetch lên 1.0s
2026-09-07 21:05:50,504 INFO crawler.fetch.stealth_fetch: https://duhal.com.vn/den-downlight-vien-xi-doi-mau-15w-fx41519.html -> 429, retry lan 2
2026-09-07 21:05:50,504 INFO crawler.fetch.stealth_fetch: Server phản ứng chậm/từ chối - giãn nhịp fetch lên 2.0s
2026-09-07 21:05:55,933 INFO crawler.fetch.stealth_fetch: https://duhal.com.vn/den-downlight-vien-xi-9w-fx4091.html -> 429, retry lan 1
2026-09-07 21:05:55,933 INFO crawler.fetch.stealth_fetch: Server phản ứng chậm/từ chối - giãn nhịp fetch lên 4.0s
2026-09-07 21:05:59,932 INFO crawler.fetch.stealth_fetch: https://duhal.com.vn/den-downlight-vien-xi-9w-fx4091.html -> 429, retry lan 2
2026-09-07 21:05:59,932 INFO crawler.fetch.stealth_fetch: Server phản ứng chậm/từ chối - giãn nhịp fetch lên 8.0s
2026-09-07 21:06:15,897 INFO crawler.fetch.stealth_fetch: https://duhal.com.vn/den-downlight-vien-xi-doi-mau-12w-fx41229.html -> 429, retry lan 1
2026-09-07 21:06:15,897 INFO crawler.fetch.stealth_fetch: Server phản ứng chậm/từ chối - giãn nhịp fetch lên 15.0s
2026-09-07 21:07:06,168 INFO crawler.fetch.stealth_fetch: https://duhal.com.vn/den-led-tru-cong-vien-9w-dvr102 -> 429, retry lan 1
2026-09-07 21:07:06,168 INFO crawler.fetch.stealth_fetch: Server phản ứng chậm/từ chối - giãn nhịp fetch lên 1.0s
2026-09-07 21:07:08,008 INFO crawler.fetch.stealth_fetch: https://duhal.com.vn/den-led-tru-cong-vien-9w-dvr102 -> 429, retry lan 2
2026-09-07 21:07:08,008 INFO crawler.fetch.stealth_fetch: Server phản ứng chậm/từ chối - giãn nhịp fetch lên 2.0s
2026-09-07 21:07:13,355 INFO crawler.fetch.stealth_fetch: https://duhal.com.vn/den-led-tru-cong-vien-3x9w-doa010 -> 429, retry lan 1
2026-09-07 21:07:13,355 INFO crawler.fetch.stealth_fetch: Server phản ứng chậm/từ chối - giãn nhịp fetch lên 4.0s
2026-09-07 21:07:17,371 INFO crawler.fetch.stealth_fetch: https://duhal.com.vn/den-led-tru-cong-vien-3x9w-doa010 -> 429, retry lan 2
2026-09-07 21:07:17,372 INFO crawler.fetch.stealth_fetch: Server phản ứng chậm/từ chối - giãn nhịp fetch lên 8.0s
2026-09-07 21:08:11,892 INFO crawler.fetch.stealth_fetch: Server phản ứng chậm/từ chối - giãn nhịp fetch lên 1.0s
2026-09-07 21:09:17,840 INFO crawler.fetch.stealth_fetch: Server phản ứng chậm/từ chối - giãn nhịp fetch lên 1.0s
2026-09-07 21:09:50,650 INFO crawler.fetch.stealth_fetch: Server phản ứng chậm/từ chối - giãn nhịp fetch lên 1.0s
2026-09-07 21:10:17,559 INFO crawler.fetch.stealth_fetch: https://duhal.com.vn/den-duong-led-80w-sdhq80 -> 429, retry lan 1
2026-09-07 21:10:17,559 INFO crawler.fetch.stealth_fetch: Server phản ứng chậm/từ chối - giãn nhịp fetch lên 1.0s
2026-09-07 21:10:19,424 INFO crawler.fetch.stealth_fetch: https://duhal.com.vn/den-duong-led-80w-sdhq80 -> 429, retry lan 2
2026-09-07 21:10:19,424 INFO crawler.fetch.stealth_fetch: Server phản ứng chậm/từ chối - giãn nhịp fetch lên 2.0s
2026-09-07 21:10:24,799 INFO crawler.fetch.stealth_fetch: https://duhal.com.vn/den-cong-nghiep-choa-son-tinh-dien-1x9w-dtj109 -> 429, retry lan 1
2026-09-07 21:10:24,799 INFO crawler.fetch.stealth_fetch: Server phản ứng chậm/từ chối - giãn nhịp fetch lên 4.0s
2026-09-07 21:10:28,768 INFO crawler.fetch.stealth_fetch: https://duhal.com.vn/den-cong-nghiep-choa-son-tinh-dien-1x9w-dtj109 -> 429, retry lan 2
2026-09-07 21:10:28,768 INFO crawler.fetch.stealth_fetch: Server phản ứng chậm/từ chối - giãn nhịp fetch lên 8.0s
2026-09-07 21:10:44,803 INFO crawler.fetch.stealth_fetch: https://duhal.com.vn/den-batten-t5-1x9w-ttf109 -> 429, retry lan 1
2026-09-07 21:10:44,803 INFO crawler.fetch.stealth_fetch: Server phản ứng chậm/từ chối - giãn nhịp fetch lên 15.0s
2026-09-07 21:11:43,674 INFO crawler.fetch.stealth_fetch: Server phản ứng chậm/từ chối - giãn nhịp fetch lên 1.9s
2026-09-07 21:12:17,538 INFO crawler.fetch.stealth_fetch: Server phản ứng chậm/từ chối - giãn nhịp fetch lên 1.0s
2026-09-07 21:12:51,530 INFO crawler.fetch.stealth_fetch: Server phản ứng chậm/từ chối - giãn nhịp fetch lên 1.0s
2026-09-07 21:13:04,537 INFO crawler.probing.product_discovery: Hinh dang /*: 624 ung vien, mau 14/20 la san pham -> kiem-tung-url (466 URL)
2026-09-07 21:13:37,214 INFO crawler.fetch.stealth_fetch: Server phản ứng chậm/từ chối - giãn nhịp fetch lên 1.0s
2026-09-07 21:13:46,267 INFO crawler.probing.product_discovery: Hinh dang /*.html: 246 ung vien, mau 14/20 la san pham -> kiem-tung-url (147 URL)
2026-09-07 21:13:46,267 INFO crawler.probing.product_discovery: Hinh dang /den-pha-led-chieu-diem-12w-aby225/*.html: 1 ung vien, mau 1/1 la san pham -> nhan-ca-nhom (1 URL)
2026-09-07 21:13:46,267 INFO crawler.probing.product_discovery: Hinh dang /den-pha-led-chieu-diem-30w-aby226/*.html: 1 ung vien, mau 1/1 la san pham -> nhan-ca-nhom (1 URL)
2026-09-07 21:13:46,268 INFO crawler.probing.product_discovery: Hinh dang /product-tag/*: 55 ung vien, mau 0/5 la san pham -> loai-ca-nhom (0 URL)
2026-09-07 21:13:46,268 INFO crawler.probing.product_discovery: Hinh dang /thong-tin-va-chinh-sach/*: 10 ung vien, mau 0/5 la san pham -> loai-ca-nhom (0 URL)
2026-09-07 21:13:46,268 INFO crawler.probing.prober: Do khong-sitemap duhal.com.vn: 0 trang danh muc, 615 URL san pham, 1009 trang da fetch
2026-09-07 21:13:46,270 INFO crawl_site: Site probing: strategy=menu_crawl reliability=None sitemap=None
2026-09-07 21:13:46,337 INFO crawl_site: Sẽ crawl 615 URL sản phẩm của duhal.com.vn
2026-09-07 21:13:46,402 INFO crawl_site: Kho dữ liệu đã có 1 bản ghi của duhal.com.vn (bản ghi OK sẽ không crawl lại)
2026-09-07 21:13:46,456 INFO crawler.pipeline: Cần crawl 615/615 URL (0 tái sử dụng từ lần trước), 4 luồng xử lý
2026-09-07 21:13:47,200 WARNING crawler.fetch.stealth_fetch: CLOAKBROWSER_EXECUTABLE_PATH chua duoc cau hinh - dang fallback ve Chromium mac dinh cua Playwright (khong co stealth fingerprinting).
2026-09-07 21:13:48,791 INFO crawler.llm.fallback: Gọi LLM provider: vertex-ai
2026-09-07 21:13:48,845 INFO google_genai.models: AFC is enabled with max remote calls: 10.
2026-09-07 21:13:49,981 INFO crawler.llm.fallback: Gọi LLM provider: vertex-ai
2026-09-07 21:13:49,982 INFO google_genai.models: AFC is enabled with max remote calls: 10.
2026-09-07 21:13:51,244 INFO crawler.llm.fallback: Gọi LLM provider: vertex-ai
2026-09-07 21:13:51,245 INFO google_genai.models: AFC is enabled with max remote calls: 10.
2026-09-07 21:13:52,327 INFO httpx: HTTP Request: POST https://us-central1-aiplatform.googleapis.com/v1beta1/projects/project-bf21b155-6b73-4230-8ef/locations/us-central1/publishers/google/models/gemini-2.5-flash:generateContent "HTTP/1.1 200 OK"
2026-09-07 21:13:52,618 INFO crawler.llm.fallback: Gọi LLM provider: vertex-ai
2026-09-07 21:13:52,618 INFO google_genai.models: AFC is enabled with max remote calls: 10.
2026-09-07 21:13:53,426 ERROR extruct._extruct: Failed to extract json-ld, raises Expecting ',' delimiter: line 7 column 67 (char 355)
Traceback (most recent call last):
  File "/home/tdh/Intern/rivals_crawl/.venv/lib/python3.11/site-packages/extruct/jsonld.py", line 39, in _extract_items
    data = json.loads(script, strict=False)
           ^^^^^^^^^^^^^^^^^^^^^^^^^^^^^^^^
  File "/home/tdh/.local/share/uv/python/cpython-3.11.15-linux-x86_64-gnu/lib/python3.11/json/__init__.py", line 359, in loads
    return cls(**kw).decode(s)
           ^^^^^^^^^^^^^^^^^^^
  File "/home/tdh/.local/share/uv/python/cpython-3.11.15-linux-x86_64-gnu/lib/python3.11/json/decoder.py", line 337, in decode
    obj, end = self.raw_decode(s, idx=_w(s, 0).end())
               ^^^^^^^^^^^^^^^^^^^^^^^^^^^^^^^^^^^^^^
  File "/home/tdh/.local/share/uv/python/cpython-3.11.15-linux-x86_64-gnu/lib/python3.11/json/decoder.py", line 353, in raw_decode
    obj, end = self.scan_once(s, idx)
               ^^^^^^^^^^^^^^^^^^^^^^
json.decoder.JSONDecodeError: Expecting ',' delimiter: line 7 column 67 (char 355)

During handling of the above exception, another exception occurred:

Traceback (most recent call last):
  File "/home/tdh/Intern/rivals_crawl/.venv/lib/python3.11/site-packages/extruct/_extruct.py", line 131, in extract
    output[syntax] = list(extract(document, base_url=base_url))
                          ^^^^^^^^^^^^^^^^^^^^^^^^^^^^^^^^^^^^
  File "/home/tdh/Intern/rivals_crawl/.venv/lib/python3.11/site-packages/extruct/jsonld.py", line 27, in extract_items
    return [
           ^
  File "/home/tdh/Intern/rivals_crawl/.venv/lib/python3.11/site-packages/extruct/jsonld.py", line 27, in <listcomp>
    return [
           ^
  File "/home/tdh/Intern/rivals_crawl/.venv/lib/python3.11/site-packages/extruct/jsonld.py", line 42, in _extract_items
    data = jstyleson.loads(HTML_OR_JS_COMMENTLINE.sub("", script), strict=False)
           ^^^^^^^^^^^^^^^^^^^^^^^^^^^^^^^^^^^^^^^^^^^^^^^^^^^^^^^^^^^^^^^^^^^^^
  File "/home/tdh/Intern/rivals_crawl/.venv/lib/python3.11/site-packages/jstyleson.py", line 123, in loads
    return json.loads(dispose(text), **kwargs)
           ^^^^^^^^^^^^^^^^^^^^^^^^^^^^^^^^^^^
  File "/home/tdh/.local/share/uv/python/cpython-3.11.15-linux-x86_64-gnu/lib/python3.11/json/__init__.py", line 359, in loads
    return cls(**kw).decode(s)
           ^^^^^^^^^^^^^^^^^^^
  File "/home/tdh/.local/share/uv/python/cpython-3.11.15-linux-x86_64-gnu/lib/python3.11/json/decoder.py", line 337, in decode
    obj, end = self.raw_decode(s, idx=_w(s, 0).end())
               ^^^^^^^^^^^^^^^^^^^^^^^^^^^^^^^^^^^^^^
  File "/home/tdh/.local/share/uv/python/cpython-3.11.15-linux-x86_64-gnu/lib/python3.11/json/decoder.py", line 353, in raw_decode
    obj, end = self.scan_once(s, idx)
               ^^^^^^^^^^^^^^^^^^^^^^
json.decoder.JSONDecodeError: Expecting ',' delimiter: line 7 column 67 (char 355)
2026-09-07 21:13:53,506 INFO crawler.llm.fallback: Gọi LLM provider: vertex-ai
2026-09-07 21:13:53,506 INFO google_genai.models: AFC is enabled with max remote calls: 10.
2026-09-07 21:13:53,728 INFO httpx: HTTP Request: POST https://us-central1-aiplatform.googleapis.com/v1beta1/projects/project-bf21b155-6b73-4230-8ef/locations/us-central1/publishers/google/models/gemini-2.5-flash:generateContent "HTTP/1.1 200 OK"
2026-09-07 21:13:53,749 INFO httpx: HTTP Request: POST https://us-central1-aiplatform.googleapis.com/v1beta1/projects/project-bf21b155-6b73-4230-8ef/locations/us-central1/publishers/google/models/gemini-2.5-flash:generateContent "HTTP/1.1 200 OK"
2026-09-07 21:13:54,279 INFO httpx: HTTP Request: POST https://us-central1-aiplatform.googleapis.com/v1beta1/projects/project-bf21b155-6b73-4230-8ef/locations/us-central1/publishers/google/models/gemini-2.5-flash:generateContent "HTTP/1.1 200 OK"
2026-09-07 21:13:54,588 INFO crawler.llm.fallback: Gọi LLM provider: vertex-ai
2026-09-07 21:13:54,589 INFO google_genai.models: AFC is enabled with max remote calls: 10.
2026-09-07 21:13:55,858 INFO httpx: HTTP Request: POST https://us-central1-aiplatform.googleapis.com/v1beta1/projects/project-bf21b155-6b73-4230-8ef/locations/us-central1/publishers/google/models/gemini-2.5-flash:generateContent "HTTP/1.1 200 OK"
2026-09-07 21:13:56,075 INFO crawler.llm.fallback: Gọi LLM provider: vertex-ai
2026-09-07 21:13:56,076 INFO google_genai.models: AFC is enabled with max remote calls: 10.
2026-09-07 21:13:56,155 INFO httpx: HTTP Request: POST https://us-central1-aiplatform.googleapis.com/v1beta1/projects/project-bf21b155-6b73-4230-8ef/locations/us-central1/publishers/google/models/gemini-2.5-flash:generateContent "HTTP/1.1 200 OK"
2026-09-07 21:13:57,005 ERROR extruct._extruct: Failed to extract json-ld, raises Expecting ',' delimiter: line 7 column 74 (char 360)
Traceback (most recent call last):
  File "/home/tdh/Intern/rivals_crawl/.venv/lib/python3.11/site-packages/extruct/jsonld.py", line 39, in _extract_items
    data = json.loads(script, strict=False)
           ^^^^^^^^^^^^^^^^^^^^^^^^^^^^^^^^
  File "/home/tdh/.local/share/uv/python/cpython-3.11.15-linux-x86_64-gnu/lib/python3.11/json/__init__.py", line 359, in loads
    return cls(**kw).decode(s)
           ^^^^^^^^^^^^^^^^^^^
  File "/home/tdh/.local/share/uv/python/cpython-3.11.15-linux-x86_64-gnu/lib/python3.11/json/decoder.py", line 337, in decode
    obj, end = self.raw_decode(s, idx=_w(s, 0).end())
               ^^^^^^^^^^^^^^^^^^^^^^^^^^^^^^^^^^^^^^
  File "/home/tdh/.local/share/uv/python/cpython-3.11.15-linux-x86_64-gnu/lib/python3.11/json/decoder.py", line 353, in raw_decode
    obj, end = self.scan_once(s, idx)
               ^^^^^^^^^^^^^^^^^^^^^^
json.decoder.JSONDecodeError: Expecting ',' delimiter: line 7 column 74 (char 360)

During handling of the above exception, another exception occurred:

Traceback (most recent call last):
  File "/home/tdh/Intern/rivals_crawl/.venv/lib/python3.11/site-packages/extruct/_extruct.py", line 131, in extract
    output[syntax] = list(extract(document, base_url=base_url))
                          ^^^^^^^^^^^^^^^^^^^^^^^^^^^^^^^^^^^^
  File "/home/tdh/Intern/rivals_crawl/.venv/lib/python3.11/site-packages/extruct/jsonld.py", line 27, in extract_items
    return [
           ^
  File "/home/tdh/Intern/rivals_crawl/.venv/lib/python3.11/site-packages/extruct/jsonld.py", line 27, in <listcomp>
    return [
           ^
  File "/home/tdh/Intern/rivals_crawl/.venv/lib/python3.11/site-packages/extruct/jsonld.py", line 42, in _extract_items
    data = jstyleson.loads(HTML_OR_JS_COMMENTLINE.sub("", script), strict=False)
           ^^^^^^^^^^^^^^^^^^^^^^^^^^^^^^^^^^^^^^^^^^^^^^^^^^^^^^^^^^^^^^^^^^^^^
  File "/home/tdh/Intern/rivals_crawl/.venv/lib/python3.11/site-packages/jstyleson.py", line 123, in loads
    return json.loads(dispose(text), **kwargs)
           ^^^^^^^^^^^^^^^^^^^^^^^^^^^^^^^^^^^
  File "/home/tdh/.local/share/uv/python/cpython-3.11.15-linux-x86_64-gnu/lib/python3.11/json/__init__.py", line 359, in loads
    return cls(**kw).decode(s)
           ^^^^^^^^^^^^^^^^^^^
  File "/home/tdh/.local/share/uv/python/cpython-3.11.15-linux-x86_64-gnu/lib/python3.11/json/decoder.py", line 337, in decode
    obj, end = self.raw_decode(s, idx=_w(s, 0).end())
               ^^^^^^^^^^^^^^^^^^^^^^^^^^^^^^^^^^^^^^
  File "/home/tdh/.local/share/uv/python/cpython-3.11.15-linux-x86_64-gnu/lib/python3.11/json/decoder.py", line 353, in raw_decode
    obj, end = self.scan_once(s, idx)
               ^^^^^^^^^^^^^^^^^^^^^^
json.decoder.JSONDecodeError: Expecting ',' delimiter: line 7 column 74 (char 360)
2026-09-07 21:13:57,120 INFO crawler.llm.fallback: Gọi LLM provider: vertex-ai
2026-09-07 21:13:57,120 INFO google_genai.models: AFC is enabled with max remote calls: 10.
2026-09-07 21:13:57,808 INFO httpx: HTTP Request: POST https://us-central1-aiplatform.googleapis.com/v1beta1/projects/project-bf21b155-6b73-4230-8ef/locations/us-central1/publishers/google/models/gemini-2.5-flash:generateContent "HTTP/1.1 200 OK"
2026-09-07 21:13:58,265 ERROR extruct._extruct: Failed to extract json-ld, raises Expecting ',' delimiter: line 7 column 74 (char 360)
Traceback (most recent call last):
  File "/home/tdh/Intern/rivals_crawl/.venv/lib/python3.11/site-packages/extruct/jsonld.py", line 39, in _extract_items
    data = json.loads(script, strict=False)
           ^^^^^^^^^^^^^^^^^^^^^^^^^^^^^^^^
  File "/home/tdh/.local/share/uv/python/cpython-3.11.15-linux-x86_64-gnu/lib/python3.11/json/__init__.py", line 359, in loads
    return cls(**kw).decode(s)
           ^^^^^^^^^^^^^^^^^^^
  File "/home/tdh/.local/share/uv/python/cpython-3.11.15-linux-x86_64-gnu/lib/python3.11/json/decoder.py", line 337, in decode
    obj, end = self.raw_decode(s, idx=_w(s, 0).end())
               ^^^^^^^^^^^^^^^^^^^^^^^^^^^^^^^^^^^^^^
  File "/home/tdh/.local/share/uv/python/cpython-3.11.15-linux-x86_64-gnu/lib/python3.11/json/decoder.py", line 353, in raw_decode
    obj, end = self.scan_once(s, idx)
               ^^^^^^^^^^^^^^^^^^^^^^
json.decoder.JSONDecodeError: Expecting ',' delimiter: line 7 column 74 (char 360)

During handling of the above exception, another exception occurred:

Traceback (most recent call last):
  File "/home/tdh/Intern/rivals_crawl/.venv/lib/python3.11/site-packages/extruct/_extruct.py", line 131, in extract
    output[syntax] = list(extract(document, base_url=base_url))
                          ^^^^^^^^^^^^^^^^^^^^^^^^^^^^^^^^^^^^
  File "/home/tdh/Intern/rivals_crawl/.venv/lib/python3.11/site-packages/extruct/jsonld.py", line 27, in extract_items
    return [
           ^
  File "/home/tdh/Intern/rivals_crawl/.venv/lib/python3.11/site-packages/extruct/jsonld.py", line 27, in <listcomp>
    return [
           ^
  File "/home/tdh/Intern/rivals_crawl/.venv/lib/python3.11/site-packages/extruct/jsonld.py", line 42, in _extract_items
    data = jstyleson.loads(HTML_OR_JS_COMMENTLINE.sub("", script), strict=False)
           ^^^^^^^^^^^^^^^^^^^^^^^^^^^^^^^^^^^^^^^^^^^^^^^^^^^^^^^^^^^^^^^^^^^^^
  File "/home/tdh/Intern/rivals_crawl/.venv/lib/python3.11/site-packages/jstyleson.py", line 123, in loads
    return json.loads(dispose(text), **kwargs)
           ^^^^^^^^^^^^^^^^^^^^^^^^^^^^^^^^^^^
  File "/home/tdh/.local/share/uv/python/cpython-3.11.15-linux-x86_64-gnu/lib/python3.11/json/__init__.py", line 359, in loads
    return cls(**kw).decode(s)
           ^^^^^^^^^^^^^^^^^^^
  File "/home/tdh/.local/share/uv/python/cpython-3.11.15-linux-x86_64-gnu/lib/python3.11/json/decoder.py", line 337, in decode
    obj, end = self.raw_decode(s, idx=_w(s, 0).end())
               ^^^^^^^^^^^^^^^^^^^^^^^^^^^^^^^^^^^^^^
  File "/home/tdh/.local/share/uv/python/cpython-3.11.15-linux-x86_64-gnu/lib/python3.11/json/decoder.py", line 353, in raw_decode
    obj, end = self.scan_once(s, idx)
               ^^^^^^^^^^^^^^^^^^^^^^
json.decoder.JSONDecodeError: Expecting ',' delimiter: line 7 column 74 (char 360)
2026-09-07 21:13:58,485 INFO crawler.llm.fallback: Gọi LLM provider: vertex-ai
2026-09-07 21:13:58,486 INFO google_genai.models: AFC is enabled with max remote calls: 10.
2026-09-07 21:13:58,575 INFO httpx: HTTP Request: POST https://us-central1-aiplatform.googleapis.com/v1beta1/projects/project-bf21b155-6b73-4230-8ef/locations/us-central1/publishers/google/models/gemini-2.5-flash:generateContent "HTTP/1.1 200 OK"
2026-09-07 21:13:59,382 ERROR extruct._extruct: Failed to extract json-ld, raises Expecting ',' delimiter: line 7 column 74 (char 360)
Traceback (most recent call last):
  File "/home/tdh/Intern/rivals_crawl/.venv/lib/python3.11/site-packages/extruct/jsonld.py", line 39, in _extract_items
    data = json.loads(script, strict=False)
           ^^^^^^^^^^^^^^^^^^^^^^^^^^^^^^^^
  File "/home/tdh/.local/share/uv/python/cpython-3.11.15-linux-x86_64-gnu/lib/python3.11/json/__init__.py", line 359, in loads
    return cls(**kw).decode(s)
           ^^^^^^^^^^^^^^^^^^^
  File "/home/tdh/.local/share/uv/python/cpython-3.11.15-linux-x86_64-gnu/lib/python3.11/json/decoder.py", line 337, in decode
    obj, end = self.raw_decode(s, idx=_w(s, 0).end())
               ^^^^^^^^^^^^^^^^^^^^^^^^^^^^^^^^^^^^^^
  File "/home/tdh/.local/share/uv/python/cpython-3.11.15-linux-x86_64-gnu/lib/python3.11/json/decoder.py", line 353, in raw_decode
    obj, end = self.scan_once(s, idx)
               ^^^^^^^^^^^^^^^^^^^^^^
json.decoder.JSONDecodeError: Expecting ',' delimiter: line 7 column 74 (char 360)

During handling of the above exception, another exception occurred:

Traceback (most recent call last):
  File "/home/tdh/Intern/rivals_crawl/.venv/lib/python3.11/site-packages/extruct/_extruct.py", line 131, in extract
    output[syntax] = list(extract(document, base_url=base_url))
                          ^^^^^^^^^^^^^^^^^^^^^^^^^^^^^^^^^^^^
  File "/home/tdh/Intern/rivals_crawl/.venv/lib/python3.11/site-packages/extruct/jsonld.py", line 27, in extract_items
    return [
           ^
  File "/home/tdh/Intern/rivals_crawl/.venv/lib/python3.11/site-packages/extruct/jsonld.py", line 27, in <listcomp>
    return [
           ^
  File "/home/tdh/Intern/rivals_crawl/.venv/lib/python3.11/site-packages/extruct/jsonld.py", line 42, in _extract_items
    data = jstyleson.loads(HTML_OR_JS_COMMENTLINE.sub("", script), strict=False)
           ^^^^^^^^^^^^^^^^^^^^^^^^^^^^^^^^^^^^^^^^^^^^^^^^^^^^^^^^^^^^^^^^^^^^^
  File "/home/tdh/Intern/rivals_crawl/.venv/lib/python3.11/site-packages/jstyleson.py", line 123, in loads
    return json.loads(dispose(text), **kwargs)
           ^^^^^^^^^^^^^^^^^^^^^^^^^^^^^^^^^^^
  File "/home/tdh/.local/share/uv/python/cpython-3.11.15-linux-x86_64-gnu/lib/python3.11/json/__init__.py", line 359, in loads
    return cls(**kw).decode(s)
           ^^^^^^^^^^^^^^^^^^^
  File "/home/tdh/.local/share/uv/python/cpython-3.11.15-linux-x86_64-gnu/lib/python3.11/json/decoder.py", line 337, in decode
    obj, end = self.raw_decode(s, idx=_w(s, 0).end())
               ^^^^^^^^^^^^^^^^^^^^^^^^^^^^^^^^^^^^^^
  File "/home/tdh/.local/share/uv/python/cpython-3.11.15-linux-x86_64-gnu/lib/python3.11/json/decoder.py", line 353, in raw_decode
    obj, end = self.scan_once(s, idx)
               ^^^^^^^^^^^^^^^^^^^^^^
json.decoder.JSONDecodeError: Expecting ',' delimiter: line 7 column 74 (char 360)
2026-09-07 21:13:59,474 INFO crawler.llm.fallback: Gọi LLM provider: vertex-ai
2026-09-07 21:13:59,474 INFO google_genai.models: AFC is enabled with max remote calls: 10.
2026-09-07 21:13:59,956 INFO httpx: HTTP Request: POST https://us-central1-aiplatform.googleapis.com/v1beta1/projects/project-bf21b155-6b73-4230-8ef/locations/us-central1/publishers/google/models/gemini-2.5-flash:generateContent "HTTP/1.1 200 OK"
2026-09-07 21:14:00,481 ERROR extruct._extruct: Failed to extract json-ld, raises Expecting ',' delimiter: line 7 column 74 (char 360)
Traceback (most recent call last):
  File "/home/tdh/Intern/rivals_crawl/.venv/lib/python3.11/site-packages/extruct/jsonld.py", line 39, in _extract_items
    data = json.loads(script, strict=False)
           ^^^^^^^^^^^^^^^^^^^^^^^^^^^^^^^^
  File "/home/tdh/.local/share/uv/python/cpython-3.11.15-linux-x86_64-gnu/lib/python3.11/json/__init__.py", line 359, in loads
    return cls(**kw).decode(s)
           ^^^^^^^^^^^^^^^^^^^
  File "/home/tdh/.local/share/uv/python/cpython-3.11.15-linux-x86_64-gnu/lib/python3.11/json/decoder.py", line 337, in decode
    obj, end = self.raw_decode(s, idx=_w(s, 0).end())
               ^^^^^^^^^^^^^^^^^^^^^^^^^^^^^^^^^^^^^^
  File "/home/tdh/.local/share/uv/python/cpython-3.11.15-linux-x86_64-gnu/lib/python3.11/json/decoder.py", line 353, in raw_decode
    obj, end = self.scan_once(s, idx)
               ^^^^^^^^^^^^^^^^^^^^^^
json.decoder.JSONDecodeError: Expecting ',' delimiter: line 7 column 74 (char 360)

During handling of the above exception, another exception occurred:

Traceback (most recent call last):
  File "/home/tdh/Intern/rivals_crawl/.venv/lib/python3.11/site-packages/extruct/_extruct.py", line 131, in extract
    output[syntax] = list(extract(document, base_url=base_url))
                          ^^^^^^^^^^^^^^^^^^^^^^^^^^^^^^^^^^^^
  File "/home/tdh/Intern/rivals_crawl/.venv/lib/python3.11/site-packages/extruct/jsonld.py", line 27, in extract_items
    return [
           ^
  File "/home/tdh/Intern/rivals_crawl/.venv/lib/python3.11/site-packages/extruct/jsonld.py", line 27, in <listcomp>
    return [
           ^
  File "/home/tdh/Intern/rivals_crawl/.venv/lib/python3.11/site-packages/extruct/jsonld.py", line 42, in _extract_items
    data = jstyleson.loads(HTML_OR_JS_COMMENTLINE.sub("", script), strict=False)
           ^^^^^^^^^^^^^^^^^^^^^^^^^^^^^^^^^^^^^^^^^^^^^^^^^^^^^^^^^^^^^^^^^^^^^
  File "/home/tdh/Intern/rivals_crawl/.venv/lib/python3.11/site-packages/jstyleson.py", line 123, in loads
    return json.loads(dispose(text), **kwargs)
           ^^^^^^^^^^^^^^^^^^^^^^^^^^^^^^^^^^^
  File "/home/tdh/.local/share/uv/python/cpython-3.11.15-linux-x86_64-gnu/lib/python3.11/json/__init__.py", line 359, in loads
    return cls(**kw).decode(s)
           ^^^^^^^^^^^^^^^^^^^
  File "/home/tdh/.local/share/uv/python/cpython-3.11.15-linux-x86_64-gnu/lib/python3.11/json/decoder.py", line 337, in decode
    obj, end = self.raw_decode(s, idx=_w(s, 0).end())
               ^^^^^^^^^^^^^^^^^^^^^^^^^^^^^^^^^^^^^^
  File "/home/tdh/.local/share/uv/python/cpython-3.11.15-linux-x86_64-gnu/lib/python3.11/json/decoder.py", line 353, in raw_decode
    obj, end = self.scan_once(s, idx)
               ^^^^^^^^^^^^^^^^^^^^^^
json.decoder.JSONDecodeError: Expecting ',' delimiter: line 7 column 74 (char 360)
2026-09-07 21:14:00,605 INFO crawler.llm.fallback: Gọi LLM provider: vertex-ai
2026-09-07 21:14:00,606 INFO google_genai.models: AFC is enabled with max remote calls: 10.
2026-09-07 21:14:01,541 INFO httpx: HTTP Request: POST https://us-central1-aiplatform.googleapis.com/v1beta1/projects/project-bf21b155-6b73-4230-8ef/locations/us-central1/publishers/google/models/gemini-2.5-flash:generateContent "HTTP/1.1 200 OK"
2026-09-07 21:14:01,657 ERROR extruct._extruct: Failed to extract json-ld, raises Expecting ',' delimiter: line 7 column 74 (char 360)
Traceback (most recent call last):
  File "/home/tdh/Intern/rivals_crawl/.venv/lib/python3.11/site-packages/extruct/jsonld.py", line 39, in _extract_items
    data = json.loads(script, strict=False)
           ^^^^^^^^^^^^^^^^^^^^^^^^^^^^^^^^
  File "/home/tdh/.local/share/uv/python/cpython-3.11.15-linux-x86_64-gnu/lib/python3.11/json/__init__.py", line 359, in loads
    return cls(**kw).decode(s)
           ^^^^^^^^^^^^^^^^^^^
  File "/home/tdh/.local/share/uv/python/cpython-3.11.15-linux-x86_64-gnu/lib/python3.11/json/decoder.py", line 337, in decode
    obj, end = self.raw_decode(s, idx=_w(s, 0).end())
               ^^^^^^^^^^^^^^^^^^^^^^^^^^^^^^^^^^^^^^
  File "/home/tdh/.local/share/uv/python/cpython-3.11.15-linux-x86_64-gnu/lib/python3.11/json/decoder.py", line 353, in raw_decode
    obj, end = self.scan_once(s, idx)
               ^^^^^^^^^^^^^^^^^^^^^^
json.decoder.JSONDecodeError: Expecting ',' delimiter: line 7 column 74 (char 360)

During handling of the above exception, another exception occurred:

Traceback (most recent call last):
  File "/home/tdh/Intern/rivals_crawl/.venv/lib/python3.11/site-packages/extruct/_extruct.py", line 131, in extract
    output[syntax] = list(extract(document, base_url=base_url))
                          ^^^^^^^^^^^^^^^^^^^^^^^^^^^^^^^^^^^^
  File "/home/tdh/Intern/rivals_crawl/.venv/lib/python3.11/site-packages/extruct/jsonld.py", line 27, in extract_items
    return [
           ^
  File "/home/tdh/Intern/rivals_crawl/.venv/lib/python3.11/site-packages/extruct/jsonld.py", line 27, in <listcomp>
    return [
           ^
  File "/home/tdh/Intern/rivals_crawl/.venv/lib/python3.11/site-packages/extruct/jsonld.py", line 42, in _extract_items
    data = jstyleson.loads(HTML_OR_JS_COMMENTLINE.sub("", script), strict=False)
           ^^^^^^^^^^^^^^^^^^^^^^^^^^^^^^^^^^^^^^^^^^^^^^^^^^^^^^^^^^^^^^^^^^^^^
  File "/home/tdh/Intern/rivals_crawl/.venv/lib/python3.11/site-packages/jstyleson.py", line 123, in loads
    return json.loads(dispose(text), **kwargs)
           ^^^^^^^^^^^^^^^^^^^^^^^^^^^^^^^^^^^
  File "/home/tdh/.local/share/uv/python/cpython-3.11.15-linux-x86_64-gnu/lib/python3.11/json/__init__.py", line 359, in loads
    return cls(**kw).decode(s)
           ^^^^^^^^^^^^^^^^^^^
  File "/home/tdh/.local/share/uv/python/cpython-3.11.15-linux-x86_64-gnu/lib/python3.11/json/decoder.py", line 337, in decode
    obj, end = self.raw_decode(s, idx=_w(s, 0).end())
               ^^^^^^^^^^^^^^^^^^^^^^^^^^^^^^^^^^^^^^
  File "/home/tdh/.local/share/uv/python/cpython-3.11.15-linux-x86_64-gnu/lib/python3.11/json/decoder.py", line 353, in raw_decode
    obj, end = self.scan_once(s, idx)
               ^^^^^^^^^^^^^^^^^^^^^^
json.decoder.JSONDecodeError: Expecting ',' delimiter: line 7 column 74 (char 360)
2026-09-07 21:14:01,850 INFO crawler.llm.fallback: Gọi LLM provider: vertex-ai
2026-09-07 21:14:01,851 INFO google_genai.models: AFC is enabled with max remote calls: 10.
2026-09-07 21:14:02,112 INFO httpx: HTTP Request: POST https://us-central1-aiplatform.googleapis.com/v1beta1/projects/project-bf21b155-6b73-4230-8ef/locations/us-central1/publishers/google/models/gemini-2.5-flash:generateContent "HTTP/1.1 200 OK"
2026-09-07 21:14:02,906 ERROR extruct._extruct: Failed to extract json-ld, raises Expecting ',' delimiter: line 7 column 74 (char 360)
Traceback (most recent call last):
  File "/home/tdh/Intern/rivals_crawl/.venv/lib/python3.11/site-packages/extruct/jsonld.py", line 39, in _extract_items
    data = json.loads(script, strict=False)
           ^^^^^^^^^^^^^^^^^^^^^^^^^^^^^^^^
  File "/home/tdh/.local/share/uv/python/cpython-3.11.15-linux-x86_64-gnu/lib/python3.11/json/__init__.py", line 359, in loads
    return cls(**kw).decode(s)
           ^^^^^^^^^^^^^^^^^^^
  File "/home/tdh/.local/share/uv/python/cpython-3.11.15-linux-x86_64-gnu/lib/python3.11/json/decoder.py", line 337, in decode
    obj, end = self.raw_decode(s, idx=_w(s, 0).end())
               ^^^^^^^^^^^^^^^^^^^^^^^^^^^^^^^^^^^^^^
  File "/home/tdh/.local/share/uv/python/cpython-3.11.15-linux-x86_64-gnu/lib/python3.11/json/decoder.py", line 353, in raw_decode
    obj, end = self.scan_once(s, idx)
               ^^^^^^^^^^^^^^^^^^^^^^
json.decoder.JSONDecodeError: Expecting ',' delimiter: line 7 column 74 (char 360)

During handling of the above exception, another exception occurred:

Traceback (most recent call last):
  File "/home/tdh/Intern/rivals_crawl/.venv/lib/python3.11/site-packages/extruct/_extruct.py", line 131, in extract
    output[syntax] = list(extract(document, base_url=base_url))
                          ^^^^^^^^^^^^^^^^^^^^^^^^^^^^^^^^^^^^
  File "/home/tdh/Intern/rivals_crawl/.venv/lib/python3.11/site-packages/extruct/jsonld.py", line 27, in extract_items
    return [
           ^
  File "/home/tdh/Intern/rivals_crawl/.venv/lib/python3.11/site-packages/extruct/jsonld.py", line 27, in <listcomp>
    return [
           ^
  File "/home/tdh/Intern/rivals_crawl/.venv/lib/python3.11/site-packages/extruct/jsonld.py", line 42, in _extract_items
    data = jstyleson.loads(HTML_OR_JS_COMMENTLINE.sub("", script), strict=False)
           ^^^^^^^^^^^^^^^^^^^^^^^^^^^^^^^^^^^^^^^^^^^^^^^^^^^^^^^^^^^^^^^^^^^^^
  File "/home/tdh/Intern/rivals_crawl/.venv/lib/python3.11/site-packages/jstyleson.py", line 123, in loads
    return json.loads(dispose(text), **kwargs)
           ^^^^^^^^^^^^^^^^^^^^^^^^^^^^^^^^^^^
  File "/home/tdh/.local/share/uv/python/cpython-3.11.15-linux-x86_64-gnu/lib/python3.11/json/__init__.py", line 359, in loads
    return cls(**kw).decode(s)
           ^^^^^^^^^^^^^^^^^^^
  File "/home/tdh/.local/share/uv/python/cpython-3.11.15-linux-x86_64-gnu/lib/python3.11/json/decoder.py", line 337, in decode
    obj, end = self.raw_decode(s, idx=_w(s, 0).end())
               ^^^^^^^^^^^^^^^^^^^^^^^^^^^^^^^^^^^^^^
  File "/home/tdh/.local/share/uv/python/cpython-3.11.15-linux-x86_64-gnu/lib/python3.11/json/decoder.py", line 353, in raw_decode
    obj, end = self.scan_once(s, idx)
               ^^^^^^^^^^^^^^^^^^^^^^
json.decoder.JSONDecodeError: Expecting ',' delimiter: line 7 column 74 (char 360)
2026-09-07 21:14:03,048 INFO crawler.llm.fallback: Gọi LLM provider: vertex-ai
2026-09-07 21:14:03,049 INFO google_genai.models: AFC is enabled with max remote calls: 10.
2026-09-07 21:14:03,358 INFO httpx: HTTP Request: POST https://us-central1-aiplatform.googleapis.com/v1beta1/projects/project-bf21b155-6b73-4230-8ef/locations/us-central1/publishers/google/models/gemini-2.5-flash:generateContent "HTTP/1.1 200 OK"
2026-09-07 21:14:04,199 ERROR extruct._extruct: Failed to extract json-ld, raises Expecting ',' delimiter: line 7 column 74 (char 360)
Traceback (most recent call last):
  File "/home/tdh/Intern/rivals_crawl/.venv/lib/python3.11/site-packages/extruct/jsonld.py", line 39, in _extract_items
    data = json.loads(script, strict=False)
           ^^^^^^^^^^^^^^^^^^^^^^^^^^^^^^^^
  File "/home/tdh/.local/share/uv/python/cpython-3.11.15-linux-x86_64-gnu/lib/python3.11/json/__init__.py", line 359, in loads
    return cls(**kw).decode(s)
           ^^^^^^^^^^^^^^^^^^^
  File "/home/tdh/.local/share/uv/python/cpython-3.11.15-linux-x86_64-gnu/lib/python3.11/json/decoder.py", line 337, in decode
    obj, end = self.raw_decode(s, idx=_w(s, 0).end())
               ^^^^^^^^^^^^^^^^^^^^^^^^^^^^^^^^^^^^^^
  File "/home/tdh/.local/share/uv/python/cpython-3.11.15-linux-x86_64-gnu/lib/python3.11/json/decoder.py", line 353, in raw_decode
    obj, end = self.scan_once(s, idx)
               ^^^^^^^^^^^^^^^^^^^^^^
json.decoder.JSONDecodeError: Expecting ',' delimiter: line 7 column 74 (char 360)

During handling of the above exception, another exception occurred:

Traceback (most recent call last):
  File "/home/tdh/Intern/rivals_crawl/.venv/lib/python3.11/site-packages/extruct/_extruct.py", line 131, in extract
    output[syntax] = list(extract(document, base_url=base_url))
                          ^^^^^^^^^^^^^^^^^^^^^^^^^^^^^^^^^^^^
  File "/home/tdh/Intern/rivals_crawl/.venv/lib/python3.11/site-packages/extruct/jsonld.py", line 27, in extract_items
    return [
           ^
  File "/home/tdh/Intern/rivals_crawl/.venv/lib/python3.11/site-packages/extruct/jsonld.py", line 27, in <listcomp>
    return [
           ^
  File "/home/tdh/Intern/rivals_crawl/.venv/lib/python3.11/site-packages/extruct/jsonld.py", line 42, in _extract_items
    data = jstyleson.loads(HTML_OR_JS_COMMENTLINE.sub("", script), strict=False)
           ^^^^^^^^^^^^^^^^^^^^^^^^^^^^^^^^^^^^^^^^^^^^^^^^^^^^^^^^^^^^^^^^^^^^^
  File "/home/tdh/Intern/rivals_crawl/.venv/lib/python3.11/site-packages/jstyleson.py", line 123, in loads
    return json.loads(dispose(text), **kwargs)
           ^^^^^^^^^^^^^^^^^^^^^^^^^^^^^^^^^^^
  File "/home/tdh/.local/share/uv/python/cpython-3.11.15-linux-x86_64-gnu/lib/python3.11/json/__init__.py", line 359, in loads
    return cls(**kw).decode(s)
           ^^^^^^^^^^^^^^^^^^^
  File "/home/tdh/.local/share/uv/python/cpython-3.11.15-linux-x86_64-gnu/lib/python3.11/json/decoder.py", line 337, in decode
    obj, end = self.raw_decode(s, idx=_w(s, 0).end())
               ^^^^^^^^^^^^^^^^^^^^^^^^^^^^^^^^^^^^^^
  File "/home/tdh/.local/share/uv/python/cpython-3.11.15-linux-x86_64-gnu/lib/python3.11/json/decoder.py", line 353, in raw_decode
    obj, end = self.scan_once(s, idx)
               ^^^^^^^^^^^^^^^^^^^^^^
json.decoder.JSONDecodeError: Expecting ',' delimiter: line 7 column 74 (char 360)
2026-09-07 21:14:04,300 INFO crawler.llm.fallback: Gọi LLM provider: vertex-ai
2026-09-07 21:14:04,301 INFO google_genai.models: AFC is enabled with max remote calls: 10.
2026-09-07 21:14:04,549 INFO crawler.fetch.stealth_fetch: https://duhal.com.vn/bong-led-tru-cong-suat-cao-10w-klb0102 -> 429, retry lan 1
2026-09-07 21:14:04,550 INFO crawler.fetch.stealth_fetch: Server phản ứng chậm/từ chối - giãn nhịp fetch lên 1.0s
2026-09-07 21:14:04,608 INFO httpx: HTTP Request: POST https://us-central1-aiplatform.googleapis.com/v1beta1/projects/project-bf21b155-6b73-4230-8ef/locations/us-central1/publishers/google/models/gemini-2.5-flash:generateContent "HTTP/1.1 200 OK"
2026-09-07 21:14:06,021 INFO httpx: HTTP Request: POST https://us-central1-aiplatform.googleapis.com/v1beta1/projects/project-bf21b155-6b73-4230-8ef/locations/us-central1/publishers/google/models/gemini-2.5-flash:generateContent "HTTP/1.1 200 OK"
2026-09-07 21:14:06,407 INFO crawler.fetch.stealth_fetch: https://duhal.com.vn/bong-led-tru-cong-suat-cao-10w-klb0102 -> 429, retry lan 2
2026-09-07 21:14:06,407 INFO crawler.fetch.stealth_fetch: Server phản ứng chậm/từ chối - giãn nhịp fetch lên 2.0s
2026-09-07 21:14:09,857 WARNING crawler.pipeline: Fetch thất bại cho https://duhal.com.vn/bong-led-tru-cong-suat-cao-10w-klb0102: None
2026-09-07 21:14:11,751 INFO crawler.fetch.stealth_fetch: https://duhal.com.vn/bong-led-tru-cong-suat-cao-12w-klb0122 -> 429, retry lan 1
2026-09-07 21:14:11,751 INFO crawler.fetch.stealth_fetch: Server phản ứng chậm/từ chối - giãn nhịp fetch lên 4.0s
2026-09-07 21:14:15,755 INFO crawler.fetch.stealth_fetch: https://duhal.com.vn/bong-led-tru-cong-suat-cao-12w-klb0122 -> 429, retry lan 2
2026-09-07 21:14:15,755 INFO crawler.fetch.stealth_fetch: Server phản ứng chậm/từ chối - giãn nhịp fetch lên 8.0s
2026-09-07 21:14:23,902 WARNING crawler.pipeline: Fetch thất bại cho https://duhal.com.vn/bong-led-tru-cong-suat-cao-12w-klb0122: None
2026-09-07 21:14:31,845 INFO crawler.fetch.stealth_fetch: https://duhal.com.vn/bong-led-tru-stick-12w-kls012 -> 429, retry lan 1
2026-09-07 21:14:31,845 INFO crawler.fetch.stealth_fetch: Server phản ứng chậm/từ chối - giãn nhịp fetch lên 15.0s
2026-09-07 21:14:47,830 ERROR extruct._extruct: Failed to extract json-ld, raises Expecting ',' delimiter: line 7 column 74 (char 355)
Traceback (most recent call last):
  File "/home/tdh/Intern/rivals_crawl/.venv/lib/python3.11/site-packages/extruct/jsonld.py", line 39, in _extract_items
    data = json.loads(script, strict=False)
           ^^^^^^^^^^^^^^^^^^^^^^^^^^^^^^^^
  File "/home/tdh/.local/share/uv/python/cpython-3.11.15-linux-x86_64-gnu/lib/python3.11/json/__init__.py", line 359, in loads
    return cls(**kw).decode(s)
           ^^^^^^^^^^^^^^^^^^^
  File "/home/tdh/.local/share/uv/python/cpython-3.11.15-linux-x86_64-gnu/lib/python3.11/json/decoder.py", line 337, in decode
    obj, end = self.raw_decode(s, idx=_w(s, 0).end())
               ^^^^^^^^^^^^^^^^^^^^^^^^^^^^^^^^^^^^^^
  File "/home/tdh/.local/share/uv/python/cpython-3.11.15-linux-x86_64-gnu/lib/python3.11/json/decoder.py", line 353, in raw_decode
    obj, end = self.scan_once(s, idx)
               ^^^^^^^^^^^^^^^^^^^^^^
json.decoder.JSONDecodeError: Expecting ',' delimiter: line 7 column 74 (char 355)

During handling of the above exception, another exception occurred:

Traceback (most recent call last):
  File "/home/tdh/Intern/rivals_crawl/.venv/lib/python3.11/site-packages/extruct/_extruct.py", line 131, in extract
    output[syntax] = list(extract(document, base_url=base_url))
                          ^^^^^^^^^^^^^^^^^^^^^^^^^^^^^^^^^^^^
  File "/home/tdh/Intern/rivals_crawl/.venv/lib/python3.11/site-packages/extruct/jsonld.py", line 27, in extract_items
    return [
           ^
  File "/home/tdh/Intern/rivals_crawl/.venv/lib/python3.11/site-packages/extruct/jsonld.py", line 27, in <listcomp>
    return [
           ^
  File "/home/tdh/Intern/rivals_crawl/.venv/lib/python3.11/site-packages/extruct/jsonld.py", line 42, in _extract_items
    data = jstyleson.loads(HTML_OR_JS_COMMENTLINE.sub("", script), strict=False)
           ^^^^^^^^^^^^^^^^^^^^^^^^^^^^^^^^^^^^^^^^^^^^^^^^^^^^^^^^^^^^^^^^^^^^^
  File "/home/tdh/Intern/rivals_crawl/.venv/lib/python3.11/site-packages/jstyleson.py", line 123, in loads
    return json.loads(dispose(text), **kwargs)
           ^^^^^^^^^^^^^^^^^^^^^^^^^^^^^^^^^^^
  File "/home/tdh/.local/share/uv/python/cpython-3.11.15-linux-x86_64-gnu/lib/python3.11/json/__init__.py", line 359, in loads
    return cls(**kw).decode(s)
           ^^^^^^^^^^^^^^^^^^^
  File "/home/tdh/.local/share/uv/python/cpython-3.11.15-linux-x86_64-gnu/lib/python3.11/json/decoder.py", line 337, in decode
    obj, end = self.raw_decode(s, idx=_w(s, 0).end())
               ^^^^^^^^^^^^^^^^^^^^^^^^^^^^^^^^^^^^^^
  File "/home/tdh/.local/share/uv/python/cpython-3.11.15-linux-x86_64-gnu/lib/python3.11/json/decoder.py", line 353, in raw_decode
    obj, end = self.scan_once(s, idx)
               ^^^^^^^^^^^^^^^^^^^^^^
json.decoder.JSONDecodeError: Expecting ',' delimiter: line 7 column 74 (char 355)
2026-09-07 21:14:47,981 INFO crawler.llm.fallback: Gọi LLM provider: vertex-ai
2026-09-07 21:14:47,982 INFO google_genai.models: AFC is enabled with max remote calls: 10.
2026-09-07 21:14:49,339 INFO httpx: HTTP Request: POST https://us-central1-aiplatform.googleapis.com/v1beta1/projects/project-bf21b155-6b73-4230-8ef/locations/us-central1/publishers/google/models/gemini-2.5-flash:generateContent "HTTP/1.1 429 Too Many Requests"
2026-09-07 21:14:49,341 WARNING crawler.llm.vertex_provider: Vertex AI lỗi tạm thời (lần 1/6), đợi 2.2s rồi thử lại: 429 RESOURCE_EXHAUSTED. {'error': {'code': 429, 'message': 'Resource exhausted. Please try again later. Please refer to 
2026-09-07 21:14:51,526 INFO google_genai.models: AFC is enabled with max remote calls: 10.
2026-09-07 21:14:53,024 INFO httpx: HTTP Request: POST https://us-central1-aiplatform.googleapis.com/v1beta1/projects/project-bf21b155-6b73-4230-8ef/locations/us-central1/publishers/google/models/gemini-2.5-flash:generateContent "HTTP/1.1 200 OK"
2026-09-07 21:14:55,199 INFO crawler.llm.fallback: Gọi LLM provider: vertex-ai
2026-09-07 21:14:55,199 INFO google_genai.models: AFC is enabled with max remote calls: 10.
2026-09-07 21:14:56,609 INFO httpx: HTTP Request: POST https://us-central1-aiplatform.googleapis.com/v1beta1/projects/project-bf21b155-6b73-4230-8ef/locations/us-central1/publishers/google/models/gemini-2.5-flash:generateContent "HTTP/1.1 200 OK"
2026-09-07 21:14:58,866 ERROR extruct._extruct: Failed to extract json-ld, raises Expecting ',' delimiter: line 7 column 74 (char 354)
Traceback (most recent call last):
  File "/home/tdh/Intern/rivals_crawl/.venv/lib/python3.11/site-packages/extruct/jsonld.py", line 39, in _extract_items
    data = json.loads(script, strict=False)
           ^^^^^^^^^^^^^^^^^^^^^^^^^^^^^^^^
  File "/home/tdh/.local/share/uv/python/cpython-3.11.15-linux-x86_64-gnu/lib/python3.11/json/__init__.py", line 359, in loads
    return cls(**kw).decode(s)
           ^^^^^^^^^^^^^^^^^^^
  File "/home/tdh/.local/share/uv/python/cpython-3.11.15-linux-x86_64-gnu/lib/python3.11/json/decoder.py", line 337, in decode
    obj, end = self.raw_decode(s, idx=_w(s, 0).end())
               ^^^^^^^^^^^^^^^^^^^^^^^^^^^^^^^^^^^^^^
  File "/home/tdh/.local/share/uv/python/cpython-3.11.15-linux-x86_64-gnu/lib/python3.11/json/decoder.py", line 353, in raw_decode
    obj, end = self.scan_once(s, idx)
               ^^^^^^^^^^^^^^^^^^^^^^
json.decoder.JSONDecodeError: Expecting ',' delimiter: line 7 column 74 (char 354)

During handling of the above exception, another exception occurred:

Traceback (most recent call last):
  File "/home/tdh/Intern/rivals_crawl/.venv/lib/python3.11/site-packages/extruct/_extruct.py", line 131, in extract
    output[syntax] = list(extract(document, base_url=base_url))
                          ^^^^^^^^^^^^^^^^^^^^^^^^^^^^^^^^^^^^
  File "/home/tdh/Intern/rivals_crawl/.venv/lib/python3.11/site-packages/extruct/jsonld.py", line 27, in extract_items
    return [
           ^
  File "/home/tdh/Intern/rivals_crawl/.venv/lib/python3.11/site-packages/extruct/jsonld.py", line 27, in <listcomp>
    return [
           ^
  File "/home/tdh/Intern/rivals_crawl/.venv/lib/python3.11/site-packages/extruct/jsonld.py", line 42, in _extract_items
    data = jstyleson.loads(HTML_OR_JS_COMMENTLINE.sub("", script), strict=False)
           ^^^^^^^^^^^^^^^^^^^^^^^^^^^^^^^^^^^^^^^^^^^^^^^^^^^^^^^^^^^^^^^^^^^^^
  File "/home/tdh/Intern/rivals_crawl/.venv/lib/python3.11/site-packages/jstyleson.py", line 123, in loads
    return json.loads(dispose(text), **kwargs)
           ^^^^^^^^^^^^^^^^^^^^^^^^^^^^^^^^^^^
  File "/home/tdh/.local/share/uv/python/cpython-3.11.15-linux-x86_64-gnu/lib/python3.11/json/__init__.py", line 359, in loads
    return cls(**kw).decode(s)
           ^^^^^^^^^^^^^^^^^^^
  File "/home/tdh/.local/share/uv/python/cpython-3.11.15-linux-x86_64-gnu/lib/python3.11/json/decoder.py", line 337, in decode
    obj, end = self.raw_decode(s, idx=_w(s, 0).end())
               ^^^^^^^^^^^^^^^^^^^^^^^^^^^^^^^^^^^^^^
  File "/home/tdh/.local/share/uv/python/cpython-3.11.15-linux-x86_64-gnu/lib/python3.11/json/decoder.py", line 353, in raw_decode
    obj, end = self.scan_once(s, idx)
               ^^^^^^^^^^^^^^^^^^^^^^
json.decoder.JSONDecodeError: Expecting ',' delimiter: line 7 column 74 (char 354)
2026-09-07 21:14:58,972 INFO crawler.llm.fallback: Gọi LLM provider: vertex-ai
2026-09-07 21:14:58,973 INFO google_genai.models: AFC is enabled with max remote calls: 10.
2026-09-07 21:15:00,613 INFO httpx: HTTP Request: POST https://us-central1-aiplatform.googleapis.com/v1beta1/projects/project-bf21b155-6b73-4230-8ef/locations/us-central1/publishers/google/models/gemini-2.5-flash:generateContent "HTTP/1.1 200 OK"
2026-09-07 21:15:00,737 ERROR extruct._extruct: Failed to extract json-ld, raises Expecting ',' delimiter: line 7 column 74 (char 354)
Traceback (most recent call last):
  File "/home/tdh/Intern/rivals_crawl/.venv/lib/python3.11/site-packages/extruct/jsonld.py", line 39, in _extract_items
    data = json.loads(script, strict=False)
           ^^^^^^^^^^^^^^^^^^^^^^^^^^^^^^^^
  File "/home/tdh/.local/share/uv/python/cpython-3.11.15-linux-x86_64-gnu/lib/python3.11/json/__init__.py", line 359, in loads
    return cls(**kw).decode(s)
           ^^^^^^^^^^^^^^^^^^^
  File "/home/tdh/.local/share/uv/python/cpython-3.11.15-linux-x86_64-gnu/lib/python3.11/json/decoder.py", line 337, in decode
    obj, end = self.raw_decode(s, idx=_w(s, 0).end())
               ^^^^^^^^^^^^^^^^^^^^^^^^^^^^^^^^^^^^^^
  File "/home/tdh/.local/share/uv/python/cpython-3.11.15-linux-x86_64-gnu/lib/python3.11/json/decoder.py", line 353, in raw_decode
    obj, end = self.scan_once(s, idx)
               ^^^^^^^^^^^^^^^^^^^^^^
json.decoder.JSONDecodeError: Expecting ',' delimiter: line 7 column 74 (char 354)

During handling of the above exception, another exception occurred:

Traceback (most recent call last):
  File "/home/tdh/Intern/rivals_crawl/.venv/lib/python3.11/site-packages/extruct/_extruct.py", line 131, in extract
    output[syntax] = list(extract(document, base_url=base_url))
                          ^^^^^^^^^^^^^^^^^^^^^^^^^^^^^^^^^^^^
  File "/home/tdh/Intern/rivals_crawl/.venv/lib/python3.11/site-packages/extruct/jsonld.py", line 27, in extract_items
    return [
           ^
  File "/home/tdh/Intern/rivals_crawl/.venv/lib/python3.11/site-packages/extruct/jsonld.py", line 27, in <listcomp>
    return [
           ^
  File "/home/tdh/Intern/rivals_crawl/.venv/lib/python3.11/site-packages/extruct/jsonld.py", line 42, in _extract_items
    data = jstyleson.loads(HTML_OR_JS_COMMENTLINE.sub("", script), strict=False)
           ^^^^^^^^^^^^^^^^^^^^^^^^^^^^^^^^^^^^^^^^^^^^^^^^^^^^^^^^^^^^^^^^^^^^^
  File "/home/tdh/Intern/rivals_crawl/.venv/lib/python3.11/site-packages/jstyleson.py", line 123, in loads
    return json.loads(dispose(text), **kwargs)
           ^^^^^^^^^^^^^^^^^^^^^^^^^^^^^^^^^^^
  File "/home/tdh/.local/share/uv/python/cpython-3.11.15-linux-x86_64-gnu/lib/python3.11/json/__init__.py", line 359, in loads
    return cls(**kw).decode(s)
           ^^^^^^^^^^^^^^^^^^^
  File "/home/tdh/.local/share/uv/python/cpython-3.11.15-linux-x86_64-gnu/lib/python3.11/json/decoder.py", line 337, in decode
    obj, end = self.raw_decode(s, idx=_w(s, 0).end())
               ^^^^^^^^^^^^^^^^^^^^^^^^^^^^^^^^^^^^^^
  File "/home/tdh/.local/share/uv/python/cpython-3.11.15-linux-x86_64-gnu/lib/python3.11/json/decoder.py", line 353, in raw_decode
    obj, end = self.scan_once(s, idx)
               ^^^^^^^^^^^^^^^^^^^^^^
json.decoder.JSONDecodeError: Expecting ',' delimiter: line 7 column 74 (char 354)
2026-09-07 21:15:00,894 INFO crawler.llm.fallback: Gọi LLM provider: vertex-ai
2026-09-07 21:15:00,895 INFO google_genai.models: AFC is enabled with max remote calls: 10.
2026-09-07 21:15:02,003 INFO crawler.llm.fallback: Gọi LLM provider: vertex-ai
2026-09-07 21:15:02,003 INFO google_genai.models: AFC is enabled with max remote calls: 10.
2026-09-07 21:15:02,600 INFO httpx: HTTP Request: POST https://us-central1-aiplatform.googleapis.com/v1beta1/projects/project-bf21b155-6b73-4230-8ef/locations/us-central1/publishers/google/models/gemini-2.5-flash:generateContent "HTTP/1.1 200 OK"
2026-09-07 21:15:03,147 INFO crawler.llm.fallback: Gọi LLM provider: vertex-ai
2026-09-07 21:15:03,148 INFO google_genai.models: AFC is enabled with max remote calls: 10.
2026-09-07 21:15:04,254 INFO crawler.llm.fallback: Gọi LLM provider: vertex-ai
2026-09-07 21:15:04,254 INFO google_genai.models: AFC is enabled with max remote calls: 10.
2026-09-07 21:15:04,549 INFO httpx: HTTP Request: POST https://us-central1-aiplatform.googleapis.com/v1beta1/projects/project-bf21b155-6b73-4230-8ef/locations/us-central1/publishers/google/models/gemini-2.5-flash:generateContent "HTTP/1.1 200 OK"
2026-09-07 21:15:05,451 INFO crawler.llm.fallback: Gọi LLM provider: vertex-ai
2026-09-07 21:15:05,451 INFO google_genai.models: AFC is enabled with max remote calls: 10.
2026-09-07 21:15:06,776 INFO httpx: HTTP Request: POST https://us-central1-aiplatform.googleapis.com/v1beta1/projects/project-bf21b155-6b73-4230-8ef/locations/us-central1/publishers/google/models/gemini-2.5-flash:generateContent "HTTP/1.1 200 OK"
2026-09-07 21:15:06,830 INFO httpx: HTTP Request: POST https://us-central1-aiplatform.googleapis.com/v1beta1/projects/project-bf21b155-6b73-4230-8ef/locations/us-central1/publishers/google/models/gemini-2.5-flash:generateContent "HTTP/1.1 200 OK"
2026-09-07 21:15:07,102 INFO crawler.llm.fallback: Gọi LLM provider: vertex-ai
2026-09-07 21:15:07,102 INFO google_genai.models: AFC is enabled with max remote calls: 10.
2026-09-07 21:15:08,014 INFO crawler.llm.fallback: Gọi LLM provider: vertex-ai
2026-09-07 21:15:08,014 INFO google_genai.models: AFC is enabled with max remote calls: 10.
2026-09-07 21:15:08,249 INFO httpx: HTTP Request: POST https://us-central1-aiplatform.googleapis.com/v1beta1/projects/project-bf21b155-6b73-4230-8ef/locations/us-central1/publishers/google/models/gemini-2.5-flash:generateContent "HTTP/1.1 200 OK"
2026-09-07 21:15:08,816 INFO httpx: HTTP Request: POST https://us-central1-aiplatform.googleapis.com/v1beta1/projects/project-bf21b155-6b73-4230-8ef/locations/us-central1/publishers/google/models/gemini-2.5-flash:generateContent "HTTP/1.1 200 OK"
2026-09-07 21:15:09,190 INFO crawler.llm.fallback: Gọi LLM provider: vertex-ai
2026-09-07 21:15:09,190 INFO google_genai.models: AFC is enabled with max remote calls: 10.
2026-09-07 21:15:10,266 INFO httpx: HTTP Request: POST https://us-central1-aiplatform.googleapis.com/v1beta1/projects/project-bf21b155-6b73-4230-8ef/locations/us-central1/publishers/google/models/gemini-2.5-flash:generateContent "HTTP/1.1 200 OK"
2026-09-07 21:15:10,467 INFO crawler.llm.fallback: Gọi LLM provider: vertex-ai
2026-09-07 21:15:10,467 INFO google_genai.models: AFC is enabled with max remote calls: 10.
2026-09-07 21:15:10,560 INFO httpx: HTTP Request: POST https://us-central1-aiplatform.googleapis.com/v1beta1/projects/project-bf21b155-6b73-4230-8ef/locations/us-central1/publishers/google/models/gemini-2.5-flash:generateContent "HTTP/1.1 200 OK"
2026-09-07 21:15:10,842 INFO httpx: HTTP Request: POST https://us-central1-aiplatform.googleapis.com/v1beta1/projects/project-bf21b155-6b73-4230-8ef/locations/us-central1/publishers/google/models/gemini-2.5-flash:generateContent "HTTP/1.1 429 Too Many Requests"
2026-09-07 21:15:10,846 WARNING crawler.llm.vertex_provider: Vertex AI lỗi tạm thời (lần 1/6), đợi 2.2s rồi thử lại: 429 RESOURCE_EXHAUSTED. {'error': {'code': 429, 'message': 'Resource exhausted. Please try again later. Please refer to 
2026-09-07 21:15:11,829 INFO crawler.llm.fallback: Gọi LLM provider: vertex-ai
2026-09-07 21:15:11,830 INFO google_genai.models: AFC is enabled with max remote calls: 10.
2026-09-07 21:15:12,145 INFO httpx: HTTP Request: POST https://us-central1-aiplatform.googleapis.com/v1beta1/projects/project-bf21b155-6b73-4230-8ef/locations/us-central1/publishers/google/models/gemini-2.5-flash:generateContent "HTTP/1.1 429 Too Many Requests"
2026-09-07 21:15:12,148 WARNING crawler.llm.vertex_provider: Vertex AI lỗi tạm thời (lần 1/6), đợi 2.5s rồi thử lại: 429 RESOURCE_EXHAUSTED. {'error': {'code': 429, 'message': 'Resource exhausted. Please try again later. Please refer to 
2026-09-07 21:15:12,894 ERROR extruct._extruct: Failed to extract json-ld, raises Expecting ',' delimiter: line 7 column 69 (char 356)
Traceback (most recent call last):
  File "/home/tdh/Intern/rivals_crawl/.venv/lib/python3.11/site-packages/extruct/jsonld.py", line 39, in _extract_items
    data = json.loads(script, strict=False)
           ^^^^^^^^^^^^^^^^^^^^^^^^^^^^^^^^
  File "/home/tdh/.local/share/uv/python/cpython-3.11.15-linux-x86_64-gnu/lib/python3.11/json/__init__.py", line 359, in loads
    return cls(**kw).decode(s)
           ^^^^^^^^^^^^^^^^^^^
  File "/home/tdh/.local/share/uv/python/cpython-3.11.15-linux-x86_64-gnu/lib/python3.11/json/decoder.py", line 337, in decode
    obj, end = self.raw_decode(s, idx=_w(s, 0).end())
               ^^^^^^^^^^^^^^^^^^^^^^^^^^^^^^^^^^^^^^
  File "/home/tdh/.local/share/uv/python/cpython-3.11.15-linux-x86_64-gnu/lib/python3.11/json/decoder.py", line 353, in raw_decode
    obj, end = self.scan_once(s, idx)
               ^^^^^^^^^^^^^^^^^^^^^^
json.decoder.JSONDecodeError: Expecting ',' delimiter: line 7 column 69 (char 356)

During handling of the above exception, another exception occurred:

Traceback (most recent call last):
  File "/home/tdh/Intern/rivals_crawl/.venv/lib/python3.11/site-packages/extruct/_extruct.py", line 131, in extract
    output[syntax] = list(extract(document, base_url=base_url))
                          ^^^^^^^^^^^^^^^^^^^^^^^^^^^^^^^^^^^^
  File "/home/tdh/Intern/rivals_crawl/.venv/lib/python3.11/site-packages/extruct/jsonld.py", line 27, in extract_items
    return [
           ^
  File "/home/tdh/Intern/rivals_crawl/.venv/lib/python3.11/site-packages/extruct/jsonld.py", line 27, in <listcomp>
    return [
           ^
  File "/home/tdh/Intern/rivals_crawl/.venv/lib/python3.11/site-packages/extruct/jsonld.py", line 42, in _extract_items
    data = jstyleson.loads(HTML_OR_JS_COMMENTLINE.sub("", script), strict=False)
           ^^^^^^^^^^^^^^^^^^^^^^^^^^^^^^^^^^^^^^^^^^^^^^^^^^^^^^^^^^^^^^^^^^^^^
  File "/home/tdh/Intern/rivals_crawl/.venv/lib/python3.11/site-packages/jstyleson.py", line 123, in loads
    return json.loads(dispose(text), **kwargs)
           ^^^^^^^^^^^^^^^^^^^^^^^^^^^^^^^^^^^
  File "/home/tdh/.local/share/uv/python/cpython-3.11.15-linux-x86_64-gnu/lib/python3.11/json/__init__.py", line 359, in loads
    return cls(**kw).decode(s)
           ^^^^^^^^^^^^^^^^^^^
  File "/home/tdh/.local/share/uv/python/cpython-3.11.15-linux-x86_64-gnu/lib/python3.11/json/decoder.py", line 337, in decode
    obj, end = self.raw_decode(s, idx=_w(s, 0).end())
               ^^^^^^^^^^^^^^^^^^^^^^^^^^^^^^^^^^^^^^
  File "/home/tdh/.local/share/uv/python/cpython-3.11.15-linux-x86_64-gnu/lib/python3.11/json/decoder.py", line 353, in raw_decode
    obj, end = self.scan_once(s, idx)
               ^^^^^^^^^^^^^^^^^^^^^^
json.decoder.JSONDecodeError: Expecting ',' delimiter: line 7 column 69 (char 356)
2026-09-07 21:15:13,030 INFO crawler.llm.fallback: Gọi LLM provider: vertex-ai
2026-09-07 21:15:13,031 INFO google_genai.models: AFC is enabled with max remote calls: 10.
2026-09-07 21:15:13,096 INFO google_genai.models: AFC is enabled with max remote calls: 10.
2026-09-07 21:15:13,432 INFO httpx: HTTP Request: POST https://us-central1-aiplatform.googleapis.com/v1beta1/projects/project-bf21b155-6b73-4230-8ef/locations/us-central1/publishers/google/models/gemini-2.5-flash:generateContent "HTTP/1.1 429 Too Many Requests"
2026-09-07 21:15:13,434 WARNING crawler.llm.vertex_provider: Vertex AI lỗi tạm thời (lần 2/6), đợi 4.1s rồi thử lại: 429 RESOURCE_EXHAUSTED. {'error': {'code': 429, 'message': 'Resource exhausted. Please try again later. Please refer to 
2026-09-07 21:15:14,240 INFO crawler.llm.fallback: Gọi LLM provider: vertex-ai
2026-09-07 21:15:14,241 INFO google_genai.models: AFC is enabled with max remote calls: 10.
2026-09-07 21:15:14,543 INFO httpx: HTTP Request: POST https://us-central1-aiplatform.googleapis.com/v1beta1/projects/project-bf21b155-6b73-4230-8ef/locations/us-central1/publishers/google/models/gemini-2.5-flash:generateContent "HTTP/1.1 200 OK"
2026-09-07 21:15:14,608 INFO google_genai.models: AFC is enabled with max remote calls: 10.
2026-09-07 21:15:14,964 INFO httpx: HTTP Request: POST https://us-central1-aiplatform.googleapis.com/v1beta1/projects/project-bf21b155-6b73-4230-8ef/locations/us-central1/publishers/google/models/gemini-2.5-flash:generateContent "HTTP/1.1 429 Too Many Requests"
2026-09-07 21:15:14,967 WARNING crawler.llm.vertex_provider: Vertex AI lỗi tạm thời (lần 2/6), đợi 4.5s rồi thử lại: 429 RESOURCE_EXHAUSTED. {'error': {'code': 429, 'message': 'Resource exhausted. Please try again later. Please refer to 
2026-09-07 21:15:15,475 INFO crawler.llm.fallback: Gọi LLM provider: vertex-ai
2026-09-07 21:15:15,477 INFO google_genai.models: AFC is enabled with max remote calls: 10.
2026-09-07 21:15:15,823 INFO httpx: HTTP Request: POST https://us-central1-aiplatform.googleapis.com/v1beta1/projects/project-bf21b155-6b73-4230-8ef/locations/us-central1/publishers/google/models/gemini-2.5-flash:generateContent "HTTP/1.1 200 OK"
2026-09-07 21:15:15,838 INFO httpx: HTTP Request: POST https://us-central1-aiplatform.googleapis.com/v1beta1/projects/project-bf21b155-6b73-4230-8ef/locations/us-central1/publishers/google/models/gemini-2.5-flash:generateContent "HTTP/1.1 429 Too Many Requests"
2026-09-07 21:15:15,842 WARNING crawler.llm.vertex_provider: Vertex AI lỗi tạm thời (lần 1/6), đợi 2.4s rồi thử lại: 429 RESOURCE_EXHAUSTED. {'error': {'code': 429, 'message': 'Resource exhausted. Please try again later. Please refer to 
2026-09-07 21:15:16,601 INFO crawler.llm.fallback: Gọi LLM provider: vertex-ai
2026-09-07 21:15:16,603 INFO google_genai.models: AFC is enabled with max remote calls: 10.
2026-09-07 21:15:17,528 INFO google_genai.models: AFC is enabled with max remote calls: 10.
2026-09-07 21:15:18,054 INFO httpx: HTTP Request: POST https://us-central1-aiplatform.googleapis.com/v1beta1/projects/project-bf21b155-6b73-4230-8ef/locations/us-central1/publishers/google/models/gemini-2.5-flash:generateContent "HTTP/1.1 200 OK"
2026-09-07 21:15:18,276 INFO crawler.llm.fallback: Gọi LLM provider: vertex-ai
2026-09-07 21:15:18,276 INFO google_genai.models: AFC is enabled with max remote calls: 10.
2026-09-07 21:15:18,289 INFO google_genai.models: AFC is enabled with max remote calls: 10.
2026-09-07 21:15:18,583 INFO httpx: HTTP Request: POST https://us-central1-aiplatform.googleapis.com/v1beta1/projects/project-bf21b155-6b73-4230-8ef/locations/us-central1/publishers/google/models/gemini-2.5-flash:generateContent "HTTP/1.1 429 Too Many Requests"
2026-09-07 21:15:18,588 WARNING crawler.llm.vertex_provider: Vertex AI lỗi tạm thời (lần 1/6), đợi 2.1s rồi thử lại: 429 RESOURCE_EXHAUSTED. {'error': {'code': 429, 'message': 'Resource exhausted. Please try again later. Please refer to 
2026-09-07 21:15:19,425 INFO google_genai.models: AFC is enabled with max remote calls: 10.
2026-09-07 21:15:19,526 INFO httpx: HTTP Request: POST https://us-central1-aiplatform.googleapis.com/v1beta1/projects/project-bf21b155-6b73-4230-8ef/locations/us-central1/publishers/google/models/gemini-2.5-flash:generateContent "HTTP/1.1 429 Too Many Requests"
2026-09-07 21:15:19,530 WARNING crawler.llm.vertex_provider: Vertex AI lỗi tạm thời (lần 2/6), đợi 4.9s rồi thử lại: 429 RESOURCE_EXHAUSTED. {'error': {'code': 429, 'message': 'Resource exhausted. Please try again later. Please refer to 
2026-09-07 21:15:19,735 INFO httpx: HTTP Request: POST https://us-central1-aiplatform.googleapis.com/v1beta1/projects/project-bf21b155-6b73-4230-8ef/locations/us-central1/publishers/google/models/gemini-2.5-flash:generateContent "HTTP/1.1 429 Too Many Requests"
2026-09-07 21:15:19,740 WARNING crawler.llm.vertex_provider: Vertex AI lỗi tạm thời (lần 3/6), đợi 8.8s rồi thử lại: 429 RESOURCE_EXHAUSTED. {'error': {'code': 429, 'message': 'Resource exhausted. Please try again later. Please refer to 
2026-09-07 21:15:20,679 INFO google_genai.models: AFC is enabled with max remote calls: 10.
2026-09-07 21:15:20,818 INFO httpx: HTTP Request: POST https://us-central1-aiplatform.googleapis.com/v1beta1/projects/project-bf21b155-6b73-4230-8ef/locations/us-central1/publishers/google/models/gemini-2.5-flash:generateContent "HTTP/1.1 200 OK"
2026-09-07 21:15:20,992 INFO httpx: HTTP Request: POST https://us-central1-aiplatform.googleapis.com/v1beta1/projects/project-bf21b155-6b73-4230-8ef/locations/us-central1/publishers/google/models/gemini-2.5-flash:generateContent "HTTP/1.1 429 Too Many Requests"
2026-09-07 21:15:20,999 WARNING crawler.llm.vertex_provider: Vertex AI lỗi tạm thời (lần 2/6), đợi 4.2s rồi thử lại: 429 RESOURCE_EXHAUSTED. {'error': {'code': 429, 'message': 'Resource exhausted. Please try again later. Please refer to 
2026-09-07 21:15:21,064 INFO crawler.llm.fallback: Gọi LLM provider: vertex-ai
2026-09-07 21:15:21,065 INFO google_genai.models: AFC is enabled with max remote calls: 10.
2026-09-07 21:15:22,540 INFO httpx: HTTP Request: POST https://us-central1-aiplatform.googleapis.com/v1beta1/projects/project-bf21b155-6b73-4230-8ef/locations/us-central1/publishers/google/models/gemini-2.5-flash:generateContent "HTTP/1.1 200 OK"
2026-09-07 21:15:24,442 INFO google_genai.models: AFC is enabled with max remote calls: 10.
2026-09-07 21:15:24,769 INFO httpx: HTTP Request: POST https://us-central1-aiplatform.googleapis.com/v1beta1/projects/project-bf21b155-6b73-4230-8ef/locations/us-central1/publishers/google/models/gemini-2.5-flash:generateContent "HTTP/1.1 429 Too Many Requests"
2026-09-07 21:15:24,772 WARNING crawler.llm.vertex_provider: Vertex AI lỗi tạm thời (lần 3/6), đợi 8.0s rồi thử lại: 429 RESOURCE_EXHAUSTED. {'error': {'code': 429, 'message': 'Resource exhausted. Please try again later. Please refer to 
2026-09-07 21:15:25,178 INFO google_genai.models: AFC is enabled with max remote calls: 10.
2026-09-07 21:15:25,588 INFO httpx: HTTP Request: POST https://us-central1-aiplatform.googleapis.com/v1beta1/projects/project-bf21b155-6b73-4230-8ef/locations/us-central1/publishers/google/models/gemini-2.5-flash:generateContent "HTTP/1.1 429 Too Many Requests"
2026-09-07 21:15:25,589 WARNING crawler.llm.vertex_provider: Vertex AI lỗi tạm thời (lần 3/6), đợi 8.6s rồi thử lại: 429 RESOURCE_EXHAUSTED. {'error': {'code': 429, 'message': 'Resource exhausted. Please try again later. Please refer to 
2026-09-07 21:15:28,516 INFO google_genai.models: AFC is enabled with max remote calls: 10.
2026-09-07 21:15:28,830 INFO httpx: HTTP Request: POST https://us-central1-aiplatform.googleapis.com/v1beta1/projects/project-bf21b155-6b73-4230-8ef/locations/us-central1/publishers/google/models/gemini-2.5-flash:generateContent "HTTP/1.1 429 Too Many Requests"
2026-09-07 21:15:28,836 WARNING crawler.llm.vertex_provider: Vertex AI lỗi tạm thời (lần 4/6), đợi 16.3s rồi thử lại: 429 RESOURCE_EXHAUSTED. {'error': {'code': 429, 'message': 'Resource exhausted. Please try again later. Please refer to 
2026-09-07 21:15:32,797 INFO google_genai.models: AFC is enabled with max remote calls: 10.
2026-09-07 21:15:33,166 INFO httpx: HTTP Request: POST https://us-central1-aiplatform.googleapis.com/v1beta1/projects/project-bf21b155-6b73-4230-8ef/locations/us-central1/publishers/google/models/gemini-2.5-flash:generateContent "HTTP/1.1 429 Too Many Requests"
2026-09-07 21:15:33,168 WARNING crawler.llm.vertex_provider: Vertex AI lỗi tạm thời (lần 4/6), đợi 16.4s rồi thử lại: 429 RESOURCE_EXHAUSTED. {'error': {'code': 429, 'message': 'Resource exhausted. Please try again later. Please refer to 
2026-09-07 21:15:34,216 INFO google_genai.models: AFC is enabled with max remote calls: 10.
2026-09-07 21:15:34,600 INFO httpx: HTTP Request: POST https://us-central1-aiplatform.googleapis.com/v1beta1/projects/project-bf21b155-6b73-4230-8ef/locations/us-central1/publishers/google/models/gemini-2.5-flash:generateContent "HTTP/1.1 429 Too Many Requests"
2026-09-07 21:15:34,602 WARNING crawler.llm.vertex_provider: Vertex AI lỗi tạm thời (lần 4/6), đợi 16.2s rồi thử lại: 429 RESOURCE_EXHAUSTED. {'error': {'code': 429, 'message': 'Resource exhausted. Please try again later. Please refer to 
2026-09-07 21:15:45,184 INFO google_genai.models: AFC is enabled with max remote calls: 10.
2026-09-07 21:15:46,479 INFO httpx: HTTP Request: POST https://us-central1-aiplatform.googleapis.com/v1beta1/projects/project-bf21b155-6b73-4230-8ef/locations/us-central1/publishers/google/models/gemini-2.5-flash:generateContent "HTTP/1.1 429 Too Many Requests"
2026-09-07 21:15:46,480 WARNING crawler.llm.vertex_provider: Vertex AI lỗi tạm thời (lần 5/6), đợi 32.1s rồi thử lại: 429 RESOURCE_EXHAUSTED. {'error': {'code': 429, 'message': 'Resource exhausted. Please try again later. Please refer to 
2026-09-07 21:15:49,024 INFO crawler.fetch.stealth_fetch: Server phản ứng chậm/từ chối - giãn nhịp fetch lên 1.0s
2026-09-07 21:15:49,605 INFO google_genai.models: AFC is enabled with max remote calls: 10.
2026-09-07 21:15:50,062 INFO httpx: HTTP Request: POST https://us-central1-aiplatform.googleapis.com/v1beta1/projects/project-bf21b155-6b73-4230-8ef/locations/us-central1/publishers/google/models/gemini-2.5-flash:generateContent "HTTP/1.1 429 Too Many Requests"
2026-09-07 21:15:50,064 WARNING crawler.llm.vertex_provider: Vertex AI lỗi tạm thời (lần 5/6), đợi 32.6s rồi thử lại: 429 RESOURCE_EXHAUSTED. {'error': {'code': 429, 'message': 'Resource exhausted. Please try again later. Please refer to 
2026-09-07 21:15:50,837 INFO google_genai.models: AFC is enabled with max remote calls: 10.
2026-09-07 21:15:51,763 INFO crawler.llm.fallback: Gọi LLM provider: vertex-ai
2026-09-07 21:15:51,763 INFO google_genai.models: AFC is enabled with max remote calls: 10.
2026-09-07 21:15:52,127 INFO httpx: HTTP Request: POST https://us-central1-aiplatform.googleapis.com/v1beta1/projects/project-bf21b155-6b73-4230-8ef/locations/us-central1/publishers/google/models/gemini-2.5-flash:generateContent "HTTP/1.1 200 OK"
2026-09-07 21:15:52,958 INFO crawler.llm.fallback: Gọi LLM provider: vertex-ai
2026-09-07 21:15:52,959 INFO google_genai.models: AFC is enabled with max remote calls: 10.
2026-09-07 21:15:52,986 INFO httpx: HTTP Request: POST https://us-central1-aiplatform.googleapis.com/v1beta1/projects/project-bf21b155-6b73-4230-8ef/locations/us-central1/publishers/google/models/gemini-2.5-flash:generateContent "HTTP/1.1 429 Too Many Requests"
2026-09-07 21:15:52,988 WARNING crawler.llm.vertex_provider: Vertex AI lỗi tạm thời (lần 1/6), đợi 2.6s rồi thử lại: 429 RESOURCE_EXHAUSTED. {'error': {'code': 429, 'message': 'Resource exhausted. Please try again later. Please refer to 
2026-09-07 21:15:54,822 INFO httpx: HTTP Request: POST https://us-central1-aiplatform.googleapis.com/v1beta1/projects/project-bf21b155-6b73-4230-8ef/locations/us-central1/publishers/google/models/gemini-2.5-flash:generateContent "HTTP/1.1 200 OK"
2026-09-07 21:15:55,081 INFO crawler.llm.fallback: Gọi LLM provider: vertex-ai
2026-09-07 21:15:55,082 INFO google_genai.models: AFC is enabled with max remote calls: 10.
2026-09-07 21:15:55,574 INFO google_genai.models: AFC is enabled with max remote calls: 10.
2026-09-07 21:15:56,719 INFO httpx: HTTP Request: POST https://us-central1-aiplatform.googleapis.com/v1beta1/projects/project-bf21b155-6b73-4230-8ef/locations/us-central1/publishers/google/models/gemini-2.5-flash:generateContent "HTTP/1.1 200 OK"
2026-09-07 21:15:56,983 INFO crawler.llm.fallback: Gọi LLM provider: vertex-ai
2026-09-07 21:15:56,983 INFO google_genai.models: AFC is enabled with max remote calls: 10.
2026-09-07 21:15:57,251 INFO httpx: HTTP Request: POST https://us-central1-aiplatform.googleapis.com/v1beta1/projects/project-bf21b155-6b73-4230-8ef/locations/us-central1/publishers/google/models/gemini-2.5-flash:generateContent "HTTP/1.1 200 OK"
2026-09-07 21:15:57,298 INFO httpx: HTTP Request: POST https://us-central1-aiplatform.googleapis.com/v1beta1/projects/project-bf21b155-6b73-4230-8ef/locations/us-central1/publishers/google/models/gemini-2.5-flash:generateContent "HTTP/1.1 429 Too Many Requests"
2026-09-07 21:15:57,304 WARNING crawler.llm.vertex_provider: Vertex AI lỗi tạm thời (lần 1/6), đợi 2.1s rồi thử lại: 429 RESOURCE_EXHAUSTED. {'error': {'code': 429, 'message': 'Resource exhausted. Please try again later. Please refer to 
2026-09-07 21:15:57,450 INFO crawler.llm.fallback: Gọi LLM provider: vertex-ai
2026-09-07 21:15:57,450 INFO google_genai.models: AFC is enabled with max remote calls: 10.
2026-09-07 21:15:57,763 INFO httpx: HTTP Request: POST https://us-central1-aiplatform.googleapis.com/v1beta1/projects/project-bf21b155-6b73-4230-8ef/locations/us-central1/publishers/google/models/gemini-2.5-flash:generateContent "HTTP/1.1 429 Too Many Requests"
2026-09-07 21:15:57,768 WARNING crawler.llm.vertex_provider: Vertex AI lỗi tạm thời (lần 1/6), đợi 2.9s rồi thử lại: 429 RESOURCE_EXHAUSTED. {'error': {'code': 429, 'message': 'Resource exhausted. Please try again later. Please refer to 
2026-09-07 21:15:59,371 INFO google_genai.models: AFC is enabled with max remote calls: 10.
2026-09-07 21:16:00,684 INFO google_genai.models: AFC is enabled with max remote calls: 10.
2026-09-07 21:16:01,013 INFO httpx: HTTP Request: POST https://us-central1-aiplatform.googleapis.com/v1beta1/projects/project-bf21b155-6b73-4230-8ef/locations/us-central1/publishers/google/models/gemini-2.5-flash:generateContent "HTTP/1.1 200 OK"
2026-09-07 21:16:01,229 INFO crawler.llm.fallback: Gọi LLM provider: vertex-ai
2026-09-07 21:16:01,229 INFO google_genai.models: AFC is enabled with max remote calls: 10.
2026-09-07 21:16:02,172 INFO httpx: HTTP Request: POST https://us-central1-aiplatform.googleapis.com/v1beta1/projects/project-bf21b155-6b73-4230-8ef/locations/us-central1/publishers/google/models/gemini-2.5-flash:generateContent "HTTP/1.1 200 OK"
2026-09-07 21:16:02,284 INFO crawler.llm.fallback: Gọi LLM provider: vertex-ai
2026-09-07 21:16:02,284 INFO google_genai.models: AFC is enabled with max remote calls: 10.
2026-09-07 21:16:02,963 INFO httpx: HTTP Request: POST https://us-central1-aiplatform.googleapis.com/v1beta1/projects/project-bf21b155-6b73-4230-8ef/locations/us-central1/publishers/google/models/gemini-2.5-flash:generateContent "HTTP/1.1 200 OK"
2026-09-07 21:16:03,405 INFO crawler.llm.fallback: Gọi LLM provider: vertex-ai
2026-09-07 21:16:03,406 INFO google_genai.models: AFC is enabled with max remote calls: 10.
2026-09-07 21:16:05,097 INFO httpx: HTTP Request: POST https://us-central1-aiplatform.googleapis.com/v1beta1/projects/project-bf21b155-6b73-4230-8ef/locations/us-central1/publishers/google/models/gemini-2.5-flash:generateContent "HTTP/1.1 200 OK"
2026-09-07 21:16:05,294 INFO crawler.llm.fallback: Gọi LLM provider: vertex-ai
2026-09-07 21:16:05,294 INFO google_genai.models: AFC is enabled with max remote calls: 10.
2026-09-07 21:16:07,055 INFO httpx: HTTP Request: POST https://us-central1-aiplatform.googleapis.com/v1beta1/projects/project-bf21b155-6b73-4230-8ef/locations/us-central1/publishers/google/models/gemini-2.5-flash:generateContent "HTTP/1.1 200 OK"
2026-09-07 21:16:07,304 INFO crawler.llm.fallback: Gọi LLM provider: vertex-ai
2026-09-07 21:16:07,304 INFO google_genai.models: AFC is enabled with max remote calls: 10.
2026-09-07 21:16:08,737 INFO httpx: HTTP Request: POST https://us-central1-aiplatform.googleapis.com/v1beta1/projects/project-bf21b155-6b73-4230-8ef/locations/us-central1/publishers/google/models/gemini-2.5-flash:generateContent "HTTP/1.1 200 OK"
2026-09-07 21:16:09,021 INFO crawler.llm.fallback: Gọi LLM provider: vertex-ai
2026-09-07 21:16:09,022 INFO google_genai.models: AFC is enabled with max remote calls: 10.
2026-09-07 21:16:10,281 INFO httpx: HTTP Request: POST https://us-central1-aiplatform.googleapis.com/v1beta1/projects/project-bf21b155-6b73-4230-8ef/locations/us-central1/publishers/google/models/gemini-2.5-flash:generateContent "HTTP/1.1 200 OK"
2026-09-07 21:16:10,458 INFO crawler.llm.fallback: Gọi LLM provider: vertex-ai
2026-09-07 21:16:10,459 INFO google_genai.models: AFC is enabled with max remote calls: 10.
2026-09-07 21:16:10,775 INFO httpx: HTTP Request: POST https://us-central1-aiplatform.googleapis.com/v1beta1/projects/project-bf21b155-6b73-4230-8ef/locations/us-central1/publishers/google/models/gemini-2.5-flash:generateContent "HTTP/1.1 429 Too Many Requests"
2026-09-07 21:16:10,781 WARNING crawler.llm.vertex_provider: Vertex AI lỗi tạm thời (lần 1/6), đợi 2.3s rồi thử lại: 429 RESOURCE_EXHAUSTED. {'error': {'code': 429, 'message': 'Resource exhausted. Please try again later. Please refer to 
2026-09-07 21:16:13,102 INFO google_genai.models: AFC is enabled with max remote calls: 10.
2026-09-07 21:16:15,506 INFO httpx: HTTP Request: POST https://us-central1-aiplatform.googleapis.com/v1beta1/projects/project-bf21b155-6b73-4230-8ef/locations/us-central1/publishers/google/models/gemini-2.5-flash:generateContent "HTTP/1.1 200 OK"
2026-09-07 21:16:15,767 INFO crawler.llm.fallback: Gọi LLM provider: vertex-ai
2026-09-07 21:16:15,767 INFO google_genai.models: AFC is enabled with max remote calls: 10.
2026-09-07 21:16:16,415 INFO crawler.fetch.stealth_fetch: https://duhal.com.vn/den-am-tuong-led-5w-sdka007 -> 429, retry lan 1
2026-09-07 21:16:16,415 INFO crawler.fetch.stealth_fetch: Server phản ứng chậm/từ chối - giãn nhịp fetch lên 1.0s
2026-09-07 21:16:17,444 INFO httpx: HTTP Request: POST https://us-central1-aiplatform.googleapis.com/v1beta1/projects/project-bf21b155-6b73-4230-8ef/locations/us-central1/publishers/google/models/gemini-2.5-flash:generateContent "HTTP/1.1 200 OK"
2026-09-07 21:16:17,647 INFO crawler.llm.fallback: Gọi LLM provider: vertex-ai
2026-09-07 21:16:17,648 INFO google_genai.models: AFC is enabled with max remote calls: 10.
2026-09-07 21:16:17,949 INFO httpx: HTTP Request: POST https://us-central1-aiplatform.googleapis.com/v1beta1/projects/project-bf21b155-6b73-4230-8ef/locations/us-central1/publishers/google/models/gemini-2.5-flash:generateContent "HTTP/1.1 429 Too Many Requests"
2026-09-07 21:16:17,954 WARNING crawler.llm.vertex_provider: Vertex AI lỗi tạm thời (lần 1/6), đợi 2.3s rồi thử lại: 429 RESOURCE_EXHAUSTED. {'error': {'code': 429, 'message': 'Resource exhausted. Please try again later. Please refer to 
2026-09-07 21:16:18,243 INFO crawler.fetch.stealth_fetch: https://duhal.com.vn/den-am-tuong-led-5w-sdka007 -> 429, retry lan 2
2026-09-07 21:16:18,243 INFO crawler.fetch.stealth_fetch: Server phản ứng chậm/từ chối - giãn nhịp fetch lên 2.0s
2026-09-07 21:16:18,583 INFO google_genai.models: AFC is enabled with max remote calls: 10.
2026-09-07 21:16:18,891 INFO httpx: HTTP Request: POST https://us-central1-aiplatform.googleapis.com/v1beta1/projects/project-bf21b155-6b73-4230-8ef/locations/us-central1/publishers/google/models/gemini-2.5-flash:generateContent "HTTP/1.1 429 Too Many Requests"
2026-09-07 21:16:18,896 WARNING crawler.llm.fallback: Provider vertex-ai thất bại (Vertex AI lỗi: 429 RESOURCE_EXHAUSTED. {'error': {'code': 429, 'message': 'Resource exhausted. Please try again later. Please refer to https://cloud.google.com/vertex-ai/generative-ai/docs/error-code-429 for more details.', 'status': 'RESOURCE_EXHAUSTED'}}), chuyển sang provider tiếp theo
2026-09-07 21:16:18,896 INFO crawler.llm.fallback: Gọi LLM provider: deepseek
2026-09-07 21:16:20,245 INFO httpx2: HTTP Request: POST https://api.deepseek.com/chat/completions "HTTP/1.1 402 Payment Required"
2026-09-07 21:16:20,247 WARNING crawler.llm.fallback: Provider deepseek thất bại (DeepSeek lỗi: Error code: 402 - {'error': {'message': 'Insufficient Balance', 'type': 'unknown_error', 'param': None, 'code': 'invalid_request_error'}}), chuyển sang provider tiếp theo
2026-09-07 21:16:20,247 WARNING crawler.pipeline: Tầng 2 (LLM) thất bại cho https://duhal.com.vn/bong-led-tube-pc-28w-sdh128.html: Tất cả LLM provider đều thất bại: DeepSeek lỗi: Error code: 402 - {'error': {'message': 'Insufficient Balance', 'type': 'unknown_error', 'param': None, 'code': 'invalid_request_error'}}
2026-09-07 21:16:20,267 INFO google_genai.models: AFC is enabled with max remote calls: 10.
2026-09-07 21:16:20,404 INFO crawler.llm.fallback: Gọi LLM provider: vertex-ai
2026-09-07 21:16:20,405 INFO google_genai.models: AFC is enabled with max remote calls: 10.
2026-09-07 21:16:20,577 INFO httpx: HTTP Request: POST https://us-central1-aiplatform.googleapis.com/v1beta1/projects/project-bf21b155-6b73-4230-8ef/locations/us-central1/publishers/google/models/gemini-2.5-flash:generateContent "HTTP/1.1 429 Too Many Requests"
2026-09-07 21:16:20,581 WARNING crawler.llm.vertex_provider: Vertex AI lỗi tạm thời (lần 2/6), đợi 4.4s rồi thử lại: 429 RESOURCE_EXHAUSTED. {'error': {'code': 429, 'message': 'Resource exhausted. Please try again later. Please refer to 
2026-09-07 21:16:21,641 INFO httpx: HTTP Request: POST https://us-central1-aiplatform.googleapis.com/v1beta1/projects/project-bf21b155-6b73-4230-8ef/locations/us-central1/publishers/google/models/gemini-2.5-flash:generateContent "HTTP/1.1 200 OK"
2026-09-07 21:16:21,642 INFO httpx: HTTP Request: POST https://us-central1-aiplatform.googleapis.com/v1beta1/projects/project-bf21b155-6b73-4230-8ef/locations/us-central1/publishers/google/models/gemini-2.5-flash:generateContent "HTTP/1.1 429 Too Many Requests"
2026-09-07 21:16:21,648 WARNING crawler.llm.vertex_provider: Vertex AI lỗi tạm thời (lần 1/6), đợi 2.5s rồi thử lại: 429 RESOURCE_EXHAUSTED. {'error': {'code': 429, 'message': 'Resource exhausted. Please try again later. Please refer to 
2026-09-07 21:16:21,864 INFO crawler.llm.fallback: Gọi LLM provider: vertex-ai
2026-09-07 21:16:21,865 INFO google_genai.models: AFC is enabled with max remote calls: 10.
2026-09-07 21:16:22,122 INFO httpx: HTTP Request: POST https://us-central1-aiplatform.googleapis.com/v1beta1/projects/project-bf21b155-6b73-4230-8ef/locations/us-central1/publishers/google/models/gemini-2.5-flash:generateContent "HTTP/1.1 429 Too Many Requests"
2026-09-07 21:16:22,128 WARNING crawler.llm.vertex_provider: Vertex AI lỗi tạm thời (lần 1/6), đợi 2.5s rồi thử lại: 429 RESOURCE_EXHAUSTED. {'error': {'code': 429, 'message': 'Resource exhausted. Please try again later. Please refer to 
2026-09-07 21:16:22,624 INFO google_genai.models: AFC is enabled with max remote calls: 10.
2026-09-07 21:16:22,939 INFO httpx: HTTP Request: POST https://us-central1-aiplatform.googleapis.com/v1beta1/projects/project-bf21b155-6b73-4230-8ef/locations/us-central1/publishers/google/models/gemini-2.5-flash:generateContent "HTTP/1.1 429 Too Many Requests"
2026-09-07 21:16:22,943 WARNING crawler.llm.fallback: Provider vertex-ai thất bại (Vertex AI lỗi: 429 RESOURCE_EXHAUSTED. {'error': {'code': 429, 'message': 'Resource exhausted. Please try again later. Please refer to https://cloud.google.com/vertex-ai/generative-ai/docs/error-code-429 for more details.', 'status': 'RESOURCE_EXHAUSTED'}}), chuyển sang provider tiếp theo
2026-09-07 21:16:22,943 INFO crawler.llm.fallback: Gọi LLM provider: deepseek
2026-09-07 21:16:23,413 INFO httpx2: HTTP Request: POST https://api.deepseek.com/chat/completions "HTTP/1.1 402 Payment Required"
2026-09-07 21:16:23,414 WARNING crawler.llm.fallback: Provider deepseek thất bại (DeepSeek lỗi: Error code: 402 - {'error': {'message': 'Insufficient Balance', 'type': 'unknown_error', 'param': None, 'code': 'invalid_request_error'}}), chuyển sang provider tiếp theo
2026-09-07 21:16:23,414 WARNING crawler.pipeline: Tầng 2 (LLM) thất bại cho https://duhal.com.vn/bong-led-tuyp-06m-9w-sdhb001: Tất cả LLM provider đều thất bại: DeepSeek lỗi: Error code: 402 - {'error': {'message': 'Insufficient Balance', 'type': 'unknown_error', 'param': None, 'code': 'invalid_request_error'}}
2026-09-07 21:16:23,558 INFO crawler.fetch.stealth_fetch: https://duhal.com.vn/den-am-tuong-led-5w-sdka008 -> 429, retry lan 1
2026-09-07 21:16:23,558 INFO crawler.fetch.stealth_fetch: Server phản ứng chậm/từ chối - giãn nhịp fetch lên 4.0s
2026-09-07 21:16:23,584 INFO crawler.llm.fallback: Gọi LLM provider: vertex-ai
2026-09-07 21:16:23,584 INFO google_genai.models: AFC is enabled with max remote calls: 10.
2026-09-07 21:16:23,931 INFO httpx: HTTP Request: POST https://us-central1-aiplatform.googleapis.com/v1beta1/projects/project-bf21b155-6b73-4230-8ef/locations/us-central1/publishers/google/models/gemini-2.5-flash:generateContent "HTTP/1.1 429 Too Many Requests"
2026-09-07 21:16:23,935 WARNING crawler.llm.vertex_provider: Vertex AI lỗi tạm thời (lần 1/6), đợi 2.2s rồi thử lại: 429 RESOURCE_EXHAUSTED. {'error': {'code': 429, 'message': 'Resource exhausted. Please try again later. Please refer to 
2026-09-07 21:16:24,125 INFO google_genai.models: AFC is enabled with max remote calls: 10.
2026-09-07 21:16:24,442 INFO httpx: HTTP Request: POST https://us-central1-aiplatform.googleapis.com/v1beta1/projects/project-bf21b155-6b73-4230-8ef/locations/us-central1/publishers/google/models/gemini-2.5-flash:generateContent "HTTP/1.1 429 Too Many Requests"
2026-09-07 21:16:24,443 WARNING crawler.llm.vertex_provider: Vertex AI lỗi tạm thời (lần 2/6), đợi 4.4s rồi thử lại: 429 RESOURCE_EXHAUSTED. {'error': {'code': 429, 'message': 'Resource exhausted. Please try again later. Please refer to 
2026-09-07 21:16:24,668 INFO google_genai.models: AFC is enabled with max remote calls: 10.
2026-09-07 21:16:25,010 INFO google_genai.models: AFC is enabled with max remote calls: 10.
2026-09-07 21:16:25,015 INFO httpx: HTTP Request: POST https://us-central1-aiplatform.googleapis.com/v1beta1/projects/project-bf21b155-6b73-4230-8ef/locations/us-central1/publishers/google/models/gemini-2.5-flash:generateContent "HTTP/1.1 429 Too Many Requests"
2026-09-07 21:16:25,017 WARNING crawler.llm.vertex_provider: Vertex AI lỗi tạm thời (lần 2/6), đợi 4.5s rồi thử lại: 429 RESOURCE_EXHAUSTED. {'error': {'code': 429, 'message': 'Resource exhausted. Please try again later. Please refer to 
2026-09-07 21:16:25,357 INFO httpx: HTTP Request: POST https://us-central1-aiplatform.googleapis.com/v1beta1/projects/project-bf21b155-6b73-4230-8ef/locations/us-central1/publishers/google/models/gemini-2.5-flash:generateContent "HTTP/1.1 429 Too Many Requests"
2026-09-07 21:16:25,359 WARNING crawler.llm.vertex_provider: Vertex AI lỗi tạm thời (lần 3/6), đợi 8.4s rồi thử lại: 429 RESOURCE_EXHAUSTED. {'error': {'code': 429, 'message': 'Resource exhausted. Please try again later. Please refer to 
2026-09-07 21:16:26,119 INFO google_genai.models: AFC is enabled with max remote calls: 10.
2026-09-07 21:16:26,470 INFO httpx: HTTP Request: POST https://us-central1-aiplatform.googleapis.com/v1beta1/projects/project-bf21b155-6b73-4230-8ef/locations/us-central1/publishers/google/models/gemini-2.5-flash:generateContent "HTTP/1.1 429 Too Many Requests"
2026-09-07 21:16:26,474 WARNING crawler.llm.vertex_provider: Vertex AI lỗi tạm thời (lần 2/6), đợi 4.7s rồi thử lại: 429 RESOURCE_EXHAUSTED. {'error': {'code': 429, 'message': 'Resource exhausted. Please try again later. Please refer to 
2026-09-07 21:16:27,572 INFO crawler.fetch.stealth_fetch: https://duhal.com.vn/den-am-tuong-led-5w-sdka008 -> 429, retry lan 2
2026-09-07 21:16:27,587 INFO crawler.fetch.stealth_fetch: Server phản ứng chậm/từ chối - giãn nhịp fetch lên 8.0s
2026-09-07 21:16:28,853 INFO google_genai.models: AFC is enabled with max remote calls: 10.
2026-09-07 21:16:29,108 INFO httpx: HTTP Request: POST https://us-central1-aiplatform.googleapis.com/v1beta1/projects/project-bf21b155-6b73-4230-8ef/locations/us-central1/publishers/google/models/gemini-2.5-flash:generateContent "HTTP/1.1 429 Too Many Requests"
2026-09-07 21:16:29,110 WARNING crawler.llm.vertex_provider: Vertex AI lỗi tạm thời (lần 3/6), đợi 8.6s rồi thử lại: 429 RESOURCE_EXHAUSTED. {'error': {'code': 429, 'message': 'Resource exhausted. Please try again later. Please refer to 
2026-09-07 21:16:29,523 INFO google_genai.models: AFC is enabled with max remote calls: 10.
2026-09-07 21:16:29,877 INFO httpx: HTTP Request: POST https://us-central1-aiplatform.googleapis.com/v1beta1/projects/project-bf21b155-6b73-4230-8ef/locations/us-central1/publishers/google/models/gemini-2.5-flash:generateContent "HTTP/1.1 429 Too Many Requests"
2026-09-07 21:16:29,884 WARNING crawler.llm.vertex_provider: Vertex AI lỗi tạm thời (lần 3/6), đợi 8.8s rồi thử lại: 429 RESOURCE_EXHAUSTED. {'error': {'code': 429, 'message': 'Resource exhausted. Please try again later. Please refer to 
2026-09-07 21:16:31,136 INFO google_genai.models: AFC is enabled with max remote calls: 10.
2026-09-07 21:16:31,491 INFO httpx: HTTP Request: POST https://us-central1-aiplatform.googleapis.com/v1beta1/projects/project-bf21b155-6b73-4230-8ef/locations/us-central1/publishers/google/models/gemini-2.5-flash:generateContent "HTTP/1.1 429 Too Many Requests"
2026-09-07 21:16:31,495 WARNING crawler.llm.vertex_provider: Vertex AI lỗi tạm thời (lần 3/6), đợi 8.6s rồi thử lại: 429 RESOURCE_EXHAUSTED. {'error': {'code': 429, 'message': 'Resource exhausted. Please try again later. Please refer to 
2026-09-07 21:16:33,752 INFO google_genai.models: AFC is enabled with max remote calls: 10.
2026-09-07 21:16:34,095 INFO httpx: HTTP Request: POST https://us-central1-aiplatform.googleapis.com/v1beta1/projects/project-bf21b155-6b73-4230-8ef/locations/us-central1/publishers/google/models/gemini-2.5-flash:generateContent "HTTP/1.1 429 Too Many Requests"
2026-09-07 21:16:34,096 WARNING crawler.llm.vertex_provider: Vertex AI lỗi tạm thời (lần 4/6), đợi 16.6s rồi thử lại: 429 RESOURCE_EXHAUSTED. {'error': {'code': 429, 'message': 'Resource exhausted. Please try again later. Please refer to 
2026-09-07 21:16:37,713 INFO google_genai.models: AFC is enabled with max remote calls: 10.
2026-09-07 21:16:38,434 INFO httpx: HTTP Request: POST https://us-central1-aiplatform.googleapis.com/v1beta1/projects/project-bf21b155-6b73-4230-8ef/locations/us-central1/publishers/google/models/gemini-2.5-flash:generateContent "HTTP/1.1 429 Too Many Requests"
2026-09-07 21:16:38,436 WARNING crawler.llm.vertex_provider: Vertex AI lỗi tạm thời (lần 4/6), đợi 16.2s rồi thử lại: 429 RESOURCE_EXHAUSTED. {'error': {'code': 429, 'message': 'Resource exhausted. Please try again later. Please refer to 
2026-09-07 21:16:38,671 INFO google_genai.models: AFC is enabled with max remote calls: 10.
2026-09-07 21:16:39,114 INFO httpx: HTTP Request: POST https://us-central1-aiplatform.googleapis.com/v1beta1/projects/project-bf21b155-6b73-4230-8ef/locations/us-central1/publishers/google/models/gemini-2.5-flash:generateContent "HTTP/1.1 429 Too Many Requests"
2026-09-07 21:16:39,118 WARNING crawler.llm.vertex_provider: Vertex AI lỗi tạm thời (lần 4/6), đợi 16.7s rồi thử lại: 429 RESOURCE_EXHAUSTED. {'error': {'code': 429, 'message': 'Resource exhausted. Please try again later. Please refer to 
2026-09-07 21:16:40,086 INFO google_genai.models: AFC is enabled with max remote calls: 10.
2026-09-07 21:16:40,446 INFO httpx: HTTP Request: POST https://us-central1-aiplatform.googleapis.com/v1beta1/projects/project-bf21b155-6b73-4230-8ef/locations/us-central1/publishers/google/models/gemini-2.5-flash:generateContent "HTTP/1.1 429 Too Many Requests"
2026-09-07 21:16:40,447 WARNING crawler.llm.vertex_provider: Vertex AI lỗi tạm thời (lần 4/6), đợi 17.0s rồi thử lại: 429 RESOURCE_EXHAUSTED. {'error': {'code': 429, 'message': 'Resource exhausted. Please try again later. Please refer to 
2026-09-07 21:16:43,555 INFO crawler.fetch.stealth_fetch: https://duhal.com.vn/den-am-tuong-led-5w-sdka009 -> 429, retry lan 1
2026-09-07 21:16:43,555 INFO crawler.fetch.stealth_fetch: Server phản ứng chậm/từ chối - giãn nhịp fetch lên 15.0s
2026-09-07 21:16:50,669 INFO google_genai.models: AFC is enabled with max remote calls: 10.
2026-09-07 21:16:51,914 INFO httpx: HTTP Request: POST https://us-central1-aiplatform.googleapis.com/v1beta1/projects/project-bf21b155-6b73-4230-8ef/locations/us-central1/publishers/google/models/gemini-2.5-flash:generateContent "HTTP/1.1 429 Too Many Requests"
2026-09-07 21:16:51,916 WARNING crawler.llm.vertex_provider: Vertex AI lỗi tạm thời (lần 5/6), đợi 32.1s rồi thử lại: 429 RESOURCE_EXHAUSTED. {'error': {'code': 429, 'message': 'Resource exhausted. Please try again later. Please refer to 
2026-09-07 21:16:54,633 INFO google_genai.models: AFC is enabled with max remote calls: 10.
2026-09-07 21:16:54,959 INFO httpx: HTTP Request: POST https://us-central1-aiplatform.googleapis.com/v1beta1/projects/project-bf21b155-6b73-4230-8ef/locations/us-central1/publishers/google/models/gemini-2.5-flash:generateContent "HTTP/1.1 429 Too Many Requests"
2026-09-07 21:16:54,963 WARNING crawler.llm.vertex_provider: Vertex AI lỗi tạm thời (lần 5/6), đợi 32.1s rồi thử lại: 429 RESOURCE_EXHAUSTED. {'error': {'code': 429, 'message': 'Resource exhausted. Please try again later. Please refer to 
2026-09-07 21:16:55,801 INFO google_genai.models: AFC is enabled with max remote calls: 10.
2026-09-07 21:16:56,219 INFO httpx: HTTP Request: POST https://us-central1-aiplatform.googleapis.com/v1beta1/projects/project-bf21b155-6b73-4230-8ef/locations/us-central1/publishers/google/models/gemini-2.5-flash:generateContent "HTTP/1.1 429 Too Many Requests"
2026-09-07 21:16:56,221 WARNING crawler.llm.vertex_provider: Vertex AI lỗi tạm thời (lần 5/6), đợi 32.5s rồi thử lại: 429 RESOURCE_EXHAUSTED. {'error': {'code': 429, 'message': 'Resource exhausted. Please try again later. Please refer to 
2026-09-07 21:16:57,424 INFO google_genai.models: AFC is enabled with max remote calls: 10.
2026-09-07 21:16:57,852 INFO httpx: HTTP Request: POST https://us-central1-aiplatform.googleapis.com/v1beta1/projects/project-bf21b155-6b73-4230-8ef/locations/us-central1/publishers/google/models/gemini-2.5-flash:generateContent "HTTP/1.1 429 Too Many Requests"
2026-09-07 21:16:57,854 WARNING crawler.llm.vertex_provider: Vertex AI lỗi tạm thời (lần 5/6), đợi 32.7s rồi thử lại: 429 RESOURCE_EXHAUSTED. {'error': {'code': 429, 'message': 'Resource exhausted. Please try again later. Please refer to 
2026-09-07 21:17:24,049 INFO google_genai.models: AFC is enabled with max remote calls: 10.
2026-09-07 21:17:26,804 INFO httpx: HTTP Request: POST https://us-central1-aiplatform.googleapis.com/v1beta1/projects/project-bf21b155-6b73-4230-8ef/locations/us-central1/publishers/google/models/gemini-2.5-flash:generateContent "HTTP/1.1 200 OK"
2026-09-07 21:17:27,071 INFO google_genai.models: AFC is enabled with max remote calls: 10.
2026-09-07 21:17:27,184 INFO crawler.llm.fallback: Gọi LLM provider: vertex-ai
2026-09-07 21:17:27,184 INFO google_genai.models: AFC is enabled with max remote calls: 10.
2026-09-07 21:17:28,677 INFO httpx: HTTP Request: POST https://us-central1-aiplatform.googleapis.com/v1beta1/projects/project-bf21b155-6b73-4230-8ef/locations/us-central1/publishers/google/models/gemini-2.5-flash:generateContent "HTTP/1.1 200 OK"
2026-09-07 21:17:28,739 INFO google_genai.models: AFC is enabled with max remote calls: 10.
2026-09-07 21:17:28,992 INFO crawler.llm.fallback: Gọi LLM provider: vertex-ai
2026-09-07 21:17:28,993 INFO google_genai.models: AFC is enabled with max remote calls: 10.
2026-09-07 21:17:29,739 INFO httpx: HTTP Request: POST https://us-central1-aiplatform.googleapis.com/v1beta1/projects/project-bf21b155-6b73-4230-8ef/locations/us-central1/publishers/google/models/gemini-2.5-flash:generateContent "HTTP/1.1 200 OK"
2026-09-07 21:17:29,931 INFO crawler.llm.fallback: Gọi LLM provider: vertex-ai
2026-09-07 21:17:29,931 INFO google_genai.models: AFC is enabled with max remote calls: 10.
2026-09-07 21:17:30,213 INFO httpx: HTTP Request: POST https://us-central1-aiplatform.googleapis.com/v1beta1/projects/project-bf21b155-6b73-4230-8ef/locations/us-central1/publishers/google/models/gemini-2.5-flash:generateContent "HTTP/1.1 200 OK"
2026-09-07 21:17:30,277 WARNING crawler.pipeline: Fetch thất bại cho https://duhal.com.vn/den-am-tuong-led-5w-sdka007: None
2026-09-07 21:17:30,277 WARNING crawler.pipeline: Fetch thất bại cho https://duhal.com.vn/den-am-tuong-led-5w-sdka008: None
2026-09-07 21:17:30,366 INFO crawler.llm.fallback: Gọi LLM provider: vertex-ai
2026-09-07 21:17:30,367 INFO google_genai.models: AFC is enabled with max remote calls: 10.
2026-09-07 21:17:30,603 INFO google_genai.models: AFC is enabled with max remote calls: 10.
2026-09-07 21:17:31,248 INFO httpx: HTTP Request: POST https://us-central1-aiplatform.googleapis.com/v1beta1/projects/project-bf21b155-6b73-4230-8ef/locations/us-central1/publishers/google/models/gemini-2.5-flash:generateContent "HTTP/1.1 200 OK"
2026-09-07 21:17:31,362 INFO crawler.llm.fallback: Gọi LLM provider: vertex-ai
2026-09-07 21:17:31,363 INFO google_genai.models: AFC is enabled with max remote calls: 10.
2026-09-07 21:17:31,473 INFO httpx: HTTP Request: POST https://us-central1-aiplatform.googleapis.com/v1beta1/projects/project-bf21b155-6b73-4230-8ef/locations/us-central1/publishers/google/models/gemini-2.5-flash:generateContent "HTTP/1.1 200 OK"
2026-09-07 21:17:32,022 INFO httpx: HTTP Request: POST https://us-central1-aiplatform.googleapis.com/v1beta1/projects/project-bf21b155-6b73-4230-8ef/locations/us-central1/publishers/google/models/gemini-2.5-flash:generateContent "HTTP/1.1 200 OK"
2026-09-07 21:17:33,066 INFO httpx: HTTP Request: POST https://us-central1-aiplatform.googleapis.com/v1beta1/projects/project-bf21b155-6b73-4230-8ef/locations/us-central1/publishers/google/models/gemini-2.5-flash:generateContent "HTTP/1.1 200 OK"
2026-09-07 21:17:39,570 INFO crawler.fetch.stealth_fetch: Server phản ứng chậm/từ chối - giãn nhịp fetch lên 7.5s
2026-09-07 21:17:42,502 INFO crawler.llm.fallback: Gọi LLM provider: vertex-ai
2026-09-07 21:17:42,503 INFO google_genai.models: AFC is enabled with max remote calls: 10.
2026-09-07 21:17:44,962 INFO httpx: HTTP Request: POST https://us-central1-aiplatform.googleapis.com/v1beta1/projects/project-bf21b155-6b73-4230-8ef/locations/us-central1/publishers/google/models/gemini-2.5-flash:generateContent "HTTP/1.1 200 OK"
2026-09-07 21:17:46,053 INFO crawler.llm.fallback: Gọi LLM provider: vertex-ai
2026-09-07 21:17:46,053 INFO google_genai.models: AFC is enabled with max remote calls: 10.
2026-09-07 21:17:47,669 INFO httpx: HTTP Request: POST https://us-central1-aiplatform.googleapis.com/v1beta1/projects/project-bf21b155-6b73-4230-8ef/locations/us-central1/publishers/google/models/gemini-2.5-flash:generateContent "HTTP/1.1 200 OK"
2026-09-07 21:17:48,216 INFO crawler.llm.fallback: Gọi LLM provider: vertex-ai
2026-09-07 21:17:48,217 INFO google_genai.models: AFC is enabled with max remote calls: 10.
2026-09-07 21:17:49,218 INFO crawler.llm.fallback: Gọi LLM provider: vertex-ai
2026-09-07 21:17:49,218 INFO google_genai.models: AFC is enabled with max remote calls: 10.
2026-09-07 21:17:50,357 INFO crawler.llm.fallback: Gọi LLM provider: vertex-ai
2026-09-07 21:17:50,358 INFO google_genai.models: AFC is enabled with max remote calls: 10.
2026-09-07 21:17:51,271 INFO httpx: HTTP Request: POST https://us-central1-aiplatform.googleapis.com/v1beta1/projects/project-bf21b155-6b73-4230-8ef/locations/us-central1/publishers/google/models/gemini-2.5-flash:generateContent "HTTP/1.1 200 OK"
2026-09-07 21:17:51,578 INFO httpx: HTTP Request: POST https://us-central1-aiplatform.googleapis.com/v1beta1/projects/project-bf21b155-6b73-4230-8ef/locations/us-central1/publishers/google/models/gemini-2.5-flash:generateContent "HTTP/1.1 429 Too Many Requests"
2026-09-07 21:17:51,579 WARNING crawler.llm.vertex_provider: Vertex AI lỗi tạm thời (lần 1/6), đợi 2.7s rồi thử lại: 429 RESOURCE_EXHAUSTED. {'error': {'code': 429, 'message': 'Resource exhausted. Please try again later. Please refer to 
2026-09-07 21:17:51,702 INFO crawler.llm.fallback: Gọi LLM provider: vertex-ai
2026-09-07 21:17:51,703 INFO google_genai.models: AFC is enabled with max remote calls: 10.
2026-09-07 21:17:52,023 INFO httpx: HTTP Request: POST https://us-central1-aiplatform.googleapis.com/v1beta1/projects/project-bf21b155-6b73-4230-8ef/locations/us-central1/publishers/google/models/gemini-2.5-flash:generateContent "HTTP/1.1 429 Too Many Requests"
2026-09-07 21:17:52,024 WARNING crawler.llm.vertex_provider: Vertex AI lỗi tạm thời (lần 1/6), đợi 2.5s rồi thử lại: 429 RESOURCE_EXHAUSTED. {'error': {'code': 429, 'message': 'Resource exhausted. Please try again later. Please refer to 
2026-09-07 21:17:54,315 INFO google_genai.models: AFC is enabled with max remote calls: 10.
2026-09-07 21:17:54,484 INFO google_genai.models: AFC is enabled with max remote calls: 10.
2026-09-07 21:17:54,607 INFO httpx: HTTP Request: POST https://us-central1-aiplatform.googleapis.com/v1beta1/projects/project-bf21b155-6b73-4230-8ef/locations/us-central1/publishers/google/models/gemini-2.5-flash:generateContent "HTTP/1.1 429 Too Many Requests"
2026-09-07 21:17:54,609 WARNING crawler.llm.vertex_provider: Vertex AI lỗi tạm thời (lần 2/6), đợi 4.4s rồi thử lại: 429 RESOURCE_EXHAUSTED. {'error': {'code': 429, 'message': 'Resource exhausted. Please try again later. Please refer to 
2026-09-07 21:17:55,704 INFO httpx: HTTP Request: POST https://us-central1-aiplatform.googleapis.com/v1beta1/projects/project-bf21b155-6b73-4230-8ef/locations/us-central1/publishers/google/models/gemini-2.5-flash:generateContent "HTTP/1.1 200 OK"
2026-09-07 21:17:55,929 INFO httpx: HTTP Request: POST https://us-central1-aiplatform.googleapis.com/v1beta1/projects/project-bf21b155-6b73-4230-8ef/locations/us-central1/publishers/google/models/gemini-2.5-flash:generateContent "HTTP/1.1 200 OK"
2026-09-07 21:17:55,930 INFO httpx: HTTP Request: POST https://us-central1-aiplatform.googleapis.com/v1beta1/projects/project-bf21b155-6b73-4230-8ef/locations/us-central1/publishers/google/models/gemini-2.5-flash:generateContent "HTTP/1.1 200 OK"
2026-09-07 21:17:55,970 INFO crawler.llm.fallback: Gọi LLM provider: vertex-ai
2026-09-07 21:17:55,971 INFO google_genai.models: AFC is enabled with max remote calls: 10.
2026-09-07 21:17:56,269 INFO httpx: HTTP Request: POST https://us-central1-aiplatform.googleapis.com/v1beta1/projects/project-bf21b155-6b73-4230-8ef/locations/us-central1/publishers/google/models/gemini-2.5-flash:generateContent "HTTP/1.1 429 Too Many Requests"
2026-09-07 21:17:56,279 WARNING crawler.llm.vertex_provider: Vertex AI lỗi tạm thời (lần 1/6), đợi 2.8s rồi thử lại: 429 RESOURCE_EXHAUSTED. {'error': {'code': 429, 'message': 'Resource exhausted. Please try again later. Please refer to 
2026-09-07 21:17:56,322 INFO crawler.llm.fallback: Gọi LLM provider: vertex-ai
2026-09-07 21:17:56,322 INFO google_genai.models: AFC is enabled with max remote calls: 10.
2026-09-07 21:17:56,338 INFO crawler.llm.fallback: Gọi LLM provider: vertex-ai
2026-09-07 21:17:56,338 INFO google_genai.models: AFC is enabled with max remote calls: 10.
2026-09-07 21:17:58,374 INFO httpx: HTTP Request: POST https://us-central1-aiplatform.googleapis.com/v1beta1/projects/project-bf21b155-6b73-4230-8ef/locations/us-central1/publishers/google/models/gemini-2.5-flash:generateContent "HTTP/1.1 200 OK"
2026-09-07 21:17:58,563 INFO crawler.llm.fallback: Gọi LLM provider: vertex-ai
2026-09-07 21:17:58,563 INFO google_genai.models: AFC is enabled with max remote calls: 10.
2026-09-07 21:17:58,963 INFO google_genai.models: AFC is enabled with max remote calls: 10.
2026-09-07 21:17:59,113 INFO google_genai.models: AFC is enabled with max remote calls: 10.
2026-09-07 21:18:00,089 INFO httpx: HTTP Request: POST https://us-central1-aiplatform.googleapis.com/v1beta1/projects/project-bf21b155-6b73-4230-8ef/locations/us-central1/publishers/google/models/gemini-2.5-flash:generateContent "HTTP/1.1 200 OK"
2026-09-07 21:18:00,300 INFO crawler.llm.fallback: Gọi LLM provider: vertex-ai
2026-09-07 21:18:00,300 INFO google_genai.models: AFC is enabled with max remote calls: 10.
2026-09-07 21:18:00,645 INFO httpx: HTTP Request: POST https://us-central1-aiplatform.googleapis.com/v1beta1/projects/project-bf21b155-6b73-4230-8ef/locations/us-central1/publishers/google/models/gemini-2.5-flash:generateContent "HTTP/1.1 200 OK"
2026-09-07 21:18:00,922 INFO crawler.llm.fallback: Gọi LLM provider: vertex-ai
2026-09-07 21:18:00,922 INFO google_genai.models: AFC is enabled with max remote calls: 10.
2026-09-07 21:18:01,393 INFO httpx: HTTP Request: POST https://us-central1-aiplatform.googleapis.com/v1beta1/projects/project-bf21b155-6b73-4230-8ef/locations/us-central1/publishers/google/models/gemini-2.5-flash:generateContent "HTTP/1.1 200 OK"
2026-09-07 21:18:01,862 INFO httpx: HTTP Request: POST https://us-central1-aiplatform.googleapis.com/v1beta1/projects/project-bf21b155-6b73-4230-8ef/locations/us-central1/publishers/google/models/gemini-2.5-flash:generateContent "HTTP/1.1 200 OK"
2026-09-07 21:18:01,953 INFO crawler.llm.fallback: Gọi LLM provider: vertex-ai
2026-09-07 21:18:01,954 INFO google_genai.models: AFC is enabled with max remote calls: 10.
2026-09-07 21:18:02,086 INFO httpx: HTTP Request: POST https://us-central1-aiplatform.googleapis.com/v1beta1/projects/project-bf21b155-6b73-4230-8ef/locations/us-central1/publishers/google/models/gemini-2.5-flash:generateContent "HTTP/1.1 200 OK"
2026-09-07 21:18:02,257 INFO crawler.llm.fallback: Gọi LLM provider: vertex-ai
2026-09-07 21:18:02,258 INFO google_genai.models: AFC is enabled with max remote calls: 10.
2026-09-07 21:18:02,457 INFO crawler.llm.fallback: Gọi LLM provider: vertex-ai
2026-09-07 21:18:02,458 INFO google_genai.models: AFC is enabled with max remote calls: 10.
2026-09-07 21:18:02,584 INFO httpx: HTTP Request: POST https://us-central1-aiplatform.googleapis.com/v1beta1/projects/project-bf21b155-6b73-4230-8ef/locations/us-central1/publishers/google/models/gemini-2.5-flash:generateContent "HTTP/1.1 429 Too Many Requests"
2026-09-07 21:18:02,586 WARNING crawler.llm.vertex_provider: Vertex AI lỗi tạm thời (lần 1/6), đợi 2.2s rồi thử lại: 429 RESOURCE_EXHAUSTED. {'error': {'code': 429, 'message': 'Resource exhausted. Please try again later. Please refer to 
2026-09-07 21:18:02,752 INFO httpx: HTTP Request: POST https://us-central1-aiplatform.googleapis.com/v1beta1/projects/project-bf21b155-6b73-4230-8ef/locations/us-central1/publishers/google/models/gemini-2.5-flash:generateContent "HTTP/1.1 429 Too Many Requests"
2026-09-07 21:18:02,758 WARNING crawler.llm.vertex_provider: Vertex AI lỗi tạm thời (lần 1/6), đợi 2.7s rồi thử lại: 429 RESOURCE_EXHAUSTED. {'error': {'code': 429, 'message': 'Resource exhausted. Please try again later. Please refer to 
2026-09-07 21:18:03,749 INFO httpx: HTTP Request: POST https://us-central1-aiplatform.googleapis.com/v1beta1/projects/project-bf21b155-6b73-4230-8ef/locations/us-central1/publishers/google/models/gemini-2.5-flash:generateContent "HTTP/1.1 200 OK"
2026-09-07 21:18:04,081 INFO crawler.llm.fallback: Gọi LLM provider: vertex-ai
2026-09-07 21:18:04,082 INFO google_genai.models: AFC is enabled with max remote calls: 10.
2026-09-07 21:18:04,454 INFO httpx: HTTP Request: POST https://us-central1-aiplatform.googleapis.com/v1beta1/projects/project-bf21b155-6b73-4230-8ef/locations/us-central1/publishers/google/models/gemini-2.5-flash:generateContent "HTTP/1.1 429 Too Many Requests"
2026-09-07 21:18:04,455 WARNING crawler.llm.vertex_provider: Vertex AI lỗi tạm thời (lần 1/6), đợi 2.5s rồi thử lại: 429 RESOURCE_EXHAUSTED. {'error': {'code': 429, 'message': 'Resource exhausted. Please try again later. Please refer to 
2026-09-07 21:18:04,765 INFO google_genai.models: AFC is enabled with max remote calls: 10.
2026-09-07 21:18:05,504 INFO google_genai.models: AFC is enabled with max remote calls: 10.
2026-09-07 21:18:05,843 INFO httpx: HTTP Request: POST https://us-central1-aiplatform.googleapis.com/v1beta1/projects/project-bf21b155-6b73-4230-8ef/locations/us-central1/publishers/google/models/gemini-2.5-flash:generateContent "HTTP/1.1 429 Too Many Requests"
2026-09-07 21:18:05,847 WARNING crawler.llm.vertex_provider: Vertex AI lỗi tạm thời (lần 2/6), đợi 4.7s rồi thử lại: 429 RESOURCE_EXHAUSTED. {'error': {'code': 429, 'message': 'Resource exhausted. Please try again later. Please refer to 
2026-09-07 21:18:06,074 INFO httpx: HTTP Request: POST https://us-central1-aiplatform.googleapis.com/v1beta1/projects/project-bf21b155-6b73-4230-8ef/locations/us-central1/publishers/google/models/gemini-2.5-flash:generateContent "HTTP/1.1 200 OK"
2026-09-07 21:18:06,272 INFO crawler.llm.fallback: Gọi LLM provider: vertex-ai
2026-09-07 21:18:06,273 INFO google_genai.models: AFC is enabled with max remote calls: 10.
2026-09-07 21:18:06,995 INFO google_genai.models: AFC is enabled with max remote calls: 10.
2026-09-07 21:18:07,252 INFO httpx: HTTP Request: POST https://us-central1-aiplatform.googleapis.com/v1beta1/projects/project-bf21b155-6b73-4230-8ef/locations/us-central1/publishers/google/models/gemini-2.5-flash:generateContent "HTTP/1.1 200 OK"
2026-09-07 21:18:07,321 INFO httpx: HTTP Request: POST https://us-central1-aiplatform.googleapis.com/v1beta1/projects/project-bf21b155-6b73-4230-8ef/locations/us-central1/publishers/google/models/gemini-2.5-flash:generateContent "HTTP/1.1 429 Too Many Requests"
2026-09-07 21:18:07,325 WARNING crawler.llm.vertex_provider: Vertex AI lỗi tạm thời (lần 2/6), đợi 4.5s rồi thử lại: 429 RESOURCE_EXHAUSTED. {'error': {'code': 429, 'message': 'Resource exhausted. Please try again later. Please refer to 
2026-09-07 21:18:07,452 INFO crawler.llm.fallback: Gọi LLM provider: vertex-ai
2026-09-07 21:18:07,453 INFO google_genai.models: AFC is enabled with max remote calls: 10.
2026-09-07 21:18:07,754 INFO httpx: HTTP Request: POST https://us-central1-aiplatform.googleapis.com/v1beta1/projects/project-bf21b155-6b73-4230-8ef/locations/us-central1/publishers/google/models/gemini-2.5-flash:generateContent "HTTP/1.1 429 Too Many Requests"
2026-09-07 21:18:07,756 INFO httpx: HTTP Request: POST https://us-central1-aiplatform.googleapis.com/v1beta1/projects/project-bf21b155-6b73-4230-8ef/locations/us-central1/publishers/google/models/gemini-2.5-flash:generateContent "HTTP/1.1 200 OK"
2026-09-07 21:18:07,757 WARNING crawler.llm.vertex_provider: Vertex AI lỗi tạm thời (lần 1/6), đợi 2.0s rồi thử lại: 429 RESOURCE_EXHAUSTED. {'error': {'code': 429, 'message': 'Resource exhausted. Please try again later. Please refer to 
2026-09-07 21:18:07,989 INFO crawler.llm.fallback: Gọi LLM provider: vertex-ai
2026-09-07 21:18:07,989 INFO google_genai.models: AFC is enabled with max remote calls: 10.
2026-09-07 21:18:08,614 INFO httpx: HTTP Request: POST https://us-central1-aiplatform.googleapis.com/v1beta1/projects/project-bf21b155-6b73-4230-8ef/locations/us-central1/publishers/google/models/gemini-2.5-flash:generateContent "HTTP/1.1 429 Too Many Requests"
2026-09-07 21:18:08,615 WARNING crawler.llm.vertex_provider: Vertex AI lỗi tạm thời (lần 1/6), đợi 2.0s rồi thử lại: 429 RESOURCE_EXHAUSTED. {'error': {'code': 429, 'message': 'Resource exhausted. Please try again later. Please refer to 
2026-09-07 21:18:09,795 INFO google_genai.models: AFC is enabled with max remote calls: 10.
2026-09-07 21:18:10,504 INFO google_genai.models: AFC is enabled with max remote calls: 10.
2026-09-07 21:18:10,633 INFO google_genai.models: AFC is enabled with max remote calls: 10.
2026-09-07 21:18:10,806 INFO httpx: HTTP Request: POST https://us-central1-aiplatform.googleapis.com/v1beta1/projects/project-bf21b155-6b73-4230-8ef/locations/us-central1/publishers/google/models/gemini-2.5-flash:generateContent "HTTP/1.1 429 Too Many Requests"
2026-09-07 21:18:10,810 WARNING crawler.llm.vertex_provider: Vertex AI lỗi tạm thời (lần 3/6), đợi 8.7s rồi thử lại: 429 RESOURCE_EXHAUSTED. {'error': {'code': 429, 'message': 'Resource exhausted. Please try again later. Please refer to 
2026-09-07 21:18:10,956 INFO httpx: HTTP Request: POST https://us-central1-aiplatform.googleapis.com/v1beta1/projects/project-bf21b155-6b73-4230-8ef/locations/us-central1/publishers/google/models/gemini-2.5-flash:generateContent "HTTP/1.1 429 Too Many Requests"
2026-09-07 21:18:10,957 WARNING crawler.llm.vertex_provider: Vertex AI lỗi tạm thời (lần 2/6), đợi 4.9s rồi thử lại: 429 RESOURCE_EXHAUSTED. {'error': {'code': 429, 'message': 'Resource exhausted. Please try again later. Please refer to 
2026-09-07 21:18:11,101 INFO httpx: HTTP Request: POST https://us-central1-aiplatform.googleapis.com/v1beta1/projects/project-bf21b155-6b73-4230-8ef/locations/us-central1/publishers/google/models/gemini-2.5-flash:generateContent "HTTP/1.1 200 OK"
2026-09-07 21:18:11,338 INFO crawler.llm.fallback: Gọi LLM provider: vertex-ai
2026-09-07 21:18:11,339 INFO google_genai.models: AFC is enabled with max remote calls: 10.
2026-09-07 21:18:11,639 INFO httpx: HTTP Request: POST https://us-central1-aiplatform.googleapis.com/v1beta1/projects/project-bf21b155-6b73-4230-8ef/locations/us-central1/publishers/google/models/gemini-2.5-flash:generateContent "HTTP/1.1 429 Too Many Requests"
2026-09-07 21:18:11,640 WARNING crawler.llm.vertex_provider: Vertex AI lỗi tạm thời (lần 1/6), đợi 2.8s rồi thử lại: 429 RESOURCE_EXHAUSTED. {'error': {'code': 429, 'message': 'Resource exhausted. Please try again later. Please refer to 
2026-09-07 21:18:11,871 INFO google_genai.models: AFC is enabled with max remote calls: 10.
2026-09-07 21:18:13,459 INFO httpx: HTTP Request: POST https://us-central1-aiplatform.googleapis.com/v1beta1/projects/project-bf21b155-6b73-4230-8ef/locations/us-central1/publishers/google/models/gemini-2.5-flash:generateContent "HTTP/1.1 200 OK"
2026-09-07 21:18:13,967 INFO crawler.llm.fallback: Gọi LLM provider: vertex-ai
2026-09-07 21:18:13,968 INFO google_genai.models: AFC is enabled with max remote calls: 10.
2026-09-07 21:18:14,247 INFO httpx: HTTP Request: POST https://us-central1-aiplatform.googleapis.com/v1beta1/projects/project-bf21b155-6b73-4230-8ef/locations/us-central1/publishers/google/models/gemini-2.5-flash:generateContent "HTTP/1.1 429 Too Many Requests"
2026-09-07 21:18:14,248 WARNING crawler.llm.vertex_provider: Vertex AI lỗi tạm thời (lần 1/6), đợi 2.1s rồi thử lại: 429 RESOURCE_EXHAUSTED. {'error': {'code': 429, 'message': 'Resource exhausted. Please try again later. Please refer to 
2026-09-07 21:18:14,403 INFO google_genai.models: AFC is enabled with max remote calls: 10.
2026-09-07 21:18:14,699 INFO httpx: HTTP Request: POST https://us-central1-aiplatform.googleapis.com/v1beta1/projects/project-bf21b155-6b73-4230-8ef/locations/us-central1/publishers/google/models/gemini-2.5-flash:generateContent "HTTP/1.1 429 Too Many Requests"
2026-09-07 21:18:14,704 WARNING crawler.llm.vertex_provider: Vertex AI lỗi tạm thời (lần 2/6), đợi 4.5s rồi thử lại: 429 RESOURCE_EXHAUSTED. {'error': {'code': 429, 'message': 'Resource exhausted. Please try again later. Please refer to 
2026-09-07 21:18:15,829 INFO google_genai.models: AFC is enabled with max remote calls: 10.
2026-09-07 21:18:16,117 INFO httpx: HTTP Request: POST https://us-central1-aiplatform.googleapis.com/v1beta1/projects/project-bf21b155-6b73-4230-8ef/locations/us-central1/publishers/google/models/gemini-2.5-flash:generateContent "HTTP/1.1 429 Too Many Requests"
2026-09-07 21:18:16,122 WARNING crawler.llm.vertex_provider: Vertex AI lỗi tạm thời (lần 3/6), đợi 8.7s rồi thử lại: 429 RESOURCE_EXHAUSTED. {'error': {'code': 429, 'message': 'Resource exhausted. Please try again later. Please refer to 
2026-09-07 21:18:16,387 INFO google_genai.models: AFC is enabled with max remote calls: 10.
2026-09-07 21:18:16,686 INFO httpx: HTTP Request: POST https://us-central1-aiplatform.googleapis.com/v1beta1/projects/project-bf21b155-6b73-4230-8ef/locations/us-central1/publishers/google/models/gemini-2.5-flash:generateContent "HTTP/1.1 429 Too Many Requests"
2026-09-07 21:18:16,692 WARNING crawler.llm.vertex_provider: Vertex AI lỗi tạm thời (lần 2/6), đợi 4.6s rồi thử lại: 429 RESOURCE_EXHAUSTED. {'error': {'code': 429, 'message': 'Resource exhausted. Please try again later. Please refer to 
2026-09-07 21:18:19,229 INFO google_genai.models: AFC is enabled with max remote calls: 10.
2026-09-07 21:18:19,461 INFO google_genai.models: AFC is enabled with max remote calls: 10.
2026-09-07 21:18:19,521 INFO httpx: HTTP Request: POST https://us-central1-aiplatform.googleapis.com/v1beta1/projects/project-bf21b155-6b73-4230-8ef/locations/us-central1/publishers/google/models/gemini-2.5-flash:generateContent "HTTP/1.1 429 Too Many Requests"
2026-09-07 21:18:19,525 WARNING crawler.llm.vertex_provider: Vertex AI lỗi tạm thời (lần 3/6), đợi 8.5s rồi thử lại: 429 RESOURCE_EXHAUSTED. {'error': {'code': 429, 'message': 'Resource exhausted. Please try again later. Please refer to 
2026-09-07 21:18:20,722 INFO httpx: HTTP Request: POST https://us-central1-aiplatform.googleapis.com/v1beta1/projects/project-bf21b155-6b73-4230-8ef/locations/us-central1/publishers/google/models/gemini-2.5-flash:generateContent "HTTP/1.1 429 Too Many Requests"
2026-09-07 21:18:20,723 WARNING crawler.llm.vertex_provider: Vertex AI lỗi tạm thời (lần 4/6), đợi 16.4s rồi thử lại: 429 RESOURCE_EXHAUSTED. {'error': {'code': 429, 'message': 'Resource exhausted. Please try again later. Please refer to 
2026-09-07 21:18:21,337 INFO google_genai.models: AFC is enabled with max remote calls: 10.
2026-09-07 21:18:21,630 INFO httpx: HTTP Request: POST https://us-central1-aiplatform.googleapis.com/v1beta1/projects/project-bf21b155-6b73-4230-8ef/locations/us-central1/publishers/google/models/gemini-2.5-flash:generateContent "HTTP/1.1 429 Too Many Requests"
2026-09-07 21:18:21,635 WARNING crawler.llm.vertex_provider: Vertex AI lỗi tạm thời (lần 3/6), đợi 8.9s rồi thử lại: 429 RESOURCE_EXHAUSTED. {'error': {'code': 429, 'message': 'Resource exhausted. Please try again later. Please refer to 
2026-09-07 21:18:24,854 INFO google_genai.models: AFC is enabled with max remote calls: 10.
2026-09-07 21:18:25,121 INFO httpx: HTTP Request: POST https://us-central1-aiplatform.googleapis.com/v1beta1/projects/project-bf21b155-6b73-4230-8ef/locations/us-central1/publishers/google/models/gemini-2.5-flash:generateContent "HTTP/1.1 429 Too Many Requests"
2026-09-07 21:18:25,127 WARNING crawler.llm.vertex_provider: Vertex AI lỗi tạm thời (lần 4/6), đợi 16.9s rồi thử lại: 429 RESOURCE_EXHAUSTED. {'error': {'code': 429, 'message': 'Resource exhausted. Please try again later. Please refer to 
2026-09-07 21:18:28,047 INFO google_genai.models: AFC is enabled with max remote calls: 10.
2026-09-07 21:18:28,333 INFO httpx: HTTP Request: POST https://us-central1-aiplatform.googleapis.com/v1beta1/projects/project-bf21b155-6b73-4230-8ef/locations/us-central1/publishers/google/models/gemini-2.5-flash:generateContent "HTTP/1.1 429 Too Many Requests"
2026-09-07 21:18:28,338 WARNING crawler.llm.vertex_provider: Vertex AI lỗi tạm thời (lần 4/6), đợi 16.6s rồi thử lại: 429 RESOURCE_EXHAUSTED. {'error': {'code': 429, 'message': 'Resource exhausted. Please try again later. Please refer to 
2026-09-07 21:18:30,531 INFO google_genai.models: AFC is enabled with max remote calls: 10.
2026-09-07 21:18:30,825 INFO httpx: HTTP Request: POST https://us-central1-aiplatform.googleapis.com/v1beta1/projects/project-bf21b155-6b73-4230-8ef/locations/us-central1/publishers/google/models/gemini-2.5-flash:generateContent "HTTP/1.1 429 Too Many Requests"
2026-09-07 21:18:30,830 WARNING crawler.llm.vertex_provider: Vertex AI lỗi tạm thời (lần 4/6), đợi 16.9s rồi thử lại: 429 RESOURCE_EXHAUSTED. {'error': {'code': 429, 'message': 'Resource exhausted. Please try again later. Please refer to 
2026-09-07 21:18:37,125 INFO google_genai.models: AFC is enabled with max remote calls: 10.
2026-09-07 21:18:39,539 INFO httpx: HTTP Request: POST https://us-central1-aiplatform.googleapis.com/v1beta1/projects/project-bf21b155-6b73-4230-8ef/locations/us-central1/publishers/google/models/gemini-2.5-flash:generateContent "HTTP/1.1 200 OK"
2026-09-07 21:18:39,794 INFO crawler.llm.fallback: Gọi LLM provider: vertex-ai
2026-09-07 21:18:39,795 INFO google_genai.models: AFC is enabled with max remote calls: 10.
2026-09-07 21:18:40,181 INFO httpx: HTTP Request: POST https://us-central1-aiplatform.googleapis.com/v1beta1/projects/project-bf21b155-6b73-4230-8ef/locations/us-central1/publishers/google/models/gemini-2.5-flash:generateContent "HTTP/1.1 429 Too Many Requests"
2026-09-07 21:18:40,182 WARNING crawler.llm.vertex_provider: Vertex AI lỗi tạm thời (lần 1/6), đợi 2.5s rồi thử lại: 429 RESOURCE_EXHAUSTED. {'error': {'code': 429, 'message': 'Resource exhausted. Please try again later. Please refer to 
2026-09-07 21:18:42,019 INFO google_genai.models: AFC is enabled with max remote calls: 10.
2026-09-07 21:18:42,343 INFO httpx: HTTP Request: POST https://us-central1-aiplatform.googleapis.com/v1beta1/projects/project-bf21b155-6b73-4230-8ef/locations/us-central1/publishers/google/models/gemini-2.5-flash:generateContent "HTTP/1.1 429 Too Many Requests"
2026-09-07 21:18:42,345 WARNING crawler.llm.vertex_provider: Vertex AI lỗi tạm thời (lần 5/6), đợi 32.0s rồi thử lại: 429 RESOURCE_EXHAUSTED. {'error': {'code': 429, 'message': 'Resource exhausted. Please try again later. Please refer to 
2026-09-07 21:18:42,514 INFO crawler.fetch.stealth_fetch: Server phản ứng chậm/từ chối - giãn nhịp fetch lên 1.0s
2026-09-07 21:18:42,672 INFO google_genai.models: AFC is enabled with max remote calls: 10.
2026-09-07 21:18:43,217 INFO httpx: HTTP Request: POST https://us-central1-aiplatform.googleapis.com/v1beta1/projects/project-bf21b155-6b73-4230-8ef/locations/us-central1/publishers/google/models/gemini-2.5-flash:generateContent "HTTP/1.1 429 Too Many Requests"
2026-09-07 21:18:43,218 WARNING crawler.llm.vertex_provider: Vertex AI lỗi tạm thời (lần 2/6), đợi 4.9s rồi thử lại: 429 RESOURCE_EXHAUSTED. {'error': {'code': 429, 'message': 'Resource exhausted. Please try again later. Please refer to 
2026-09-07 21:18:44,945 INFO google_genai.models: AFC is enabled with max remote calls: 10.
2026-09-07 21:18:45,246 INFO httpx: HTTP Request: POST https://us-central1-aiplatform.googleapis.com/v1beta1/projects/project-bf21b155-6b73-4230-8ef/locations/us-central1/publishers/google/models/gemini-2.5-flash:generateContent "HTTP/1.1 429 Too Many Requests"
2026-09-07 21:18:45,248 WARNING crawler.llm.vertex_provider: Vertex AI lỗi tạm thời (lần 5/6), đợi 33.0s rồi thử lại: 429 RESOURCE_EXHAUSTED. {'error': {'code': 429, 'message': 'Resource exhausted. Please try again later. Please refer to 
2026-09-07 21:18:47,690 INFO google_genai.models: AFC is enabled with max remote calls: 10.
2026-09-07 21:18:47,990 INFO httpx: HTTP Request: POST https://us-central1-aiplatform.googleapis.com/v1beta1/projects/project-bf21b155-6b73-4230-8ef/locations/us-central1/publishers/google/models/gemini-2.5-flash:generateContent "HTTP/1.1 429 Too Many Requests"
2026-09-07 21:18:47,996 WARNING crawler.llm.vertex_provider: Vertex AI lỗi tạm thời (lần 5/6), đợi 32.9s rồi thử lại: 429 RESOURCE_EXHAUSTED. {'error': {'code': 429, 'message': 'Resource exhausted. Please try again later. Please refer to 
2026-09-07 21:18:48,079 INFO google_genai.models: AFC is enabled with max remote calls: 10.
2026-09-07 21:18:48,373 INFO httpx: HTTP Request: POST https://us-central1-aiplatform.googleapis.com/v1beta1/projects/project-bf21b155-6b73-4230-8ef/locations/us-central1/publishers/google/models/gemini-2.5-flash:generateContent "HTTP/1.1 429 Too Many Requests"
2026-09-07 21:18:48,378 WARNING crawler.llm.vertex_provider: Vertex AI lỗi tạm thời (lần 3/6), đợi 8.2s rồi thử lại: 429 RESOURCE_EXHAUSTED. {'error': {'code': 429, 'message': 'Resource exhausted. Please try again later. Please refer to 
2026-09-07 21:18:52,728 INFO crawler.fetch.stealth_fetch: https://duhal.com.vn/den-cong-nghiep-choa-phan-quang-1x18w-ldh118 -> 429, retry lan 1
2026-09-07 21:18:52,729 INFO crawler.fetch.stealth_fetch: Server phản ứng chậm/từ chối - giãn nhịp fetch lên 1.0s
2026-09-07 21:18:54,563 INFO crawler.fetch.stealth_fetch: https://duhal.com.vn/den-cong-nghiep-choa-phan-quang-1x18w-ldh118 -> 429, retry lan 2
2026-09-07 21:18:54,563 INFO crawler.fetch.stealth_fetch: Server phản ứng chậm/từ chối - giãn nhịp fetch lên 2.0s
2026-09-07 21:18:56,533 INFO google_genai.models: AFC is enabled with max remote calls: 10.
2026-09-07 21:18:59,259 INFO httpx: HTTP Request: POST https://us-central1-aiplatform.googleapis.com/v1beta1/projects/project-bf21b155-6b73-4230-8ef/locations/us-central1/publishers/google/models/gemini-2.5-flash:generateContent "HTTP/1.1 200 OK"
2026-09-07 21:18:59,427 INFO crawler.llm.fallback: Gọi LLM provider: vertex-ai
2026-09-07 21:18:59,427 INFO google_genai.models: AFC is enabled with max remote calls: 10.
2026-09-07 21:19:01,171 INFO httpx: HTTP Request: POST https://us-central1-aiplatform.googleapis.com/v1beta1/projects/project-bf21b155-6b73-4230-8ef/locations/us-central1/publishers/google/models/gemini-2.5-flash:generateContent "HTTP/1.1 200 OK"
2026-09-07 21:19:01,324 INFO crawler.llm.fallback: Gọi LLM provider: vertex-ai
2026-09-07 21:19:01,324 INFO google_genai.models: AFC is enabled with max remote calls: 10.
2026-09-07 21:19:02,584 INFO httpx: HTTP Request: POST https://us-central1-aiplatform.googleapis.com/v1beta1/projects/project-bf21b155-6b73-4230-8ef/locations/us-central1/publishers/google/models/gemini-2.5-flash:generateContent "HTTP/1.1 200 OK"
2026-09-07 21:19:02,859 INFO crawler.llm.fallback: Gọi LLM provider: vertex-ai
2026-09-07 21:19:02,859 INFO google_genai.models: AFC is enabled with max remote calls: 10.
2026-09-07 21:19:11,756 INFO httpx: HTTP Request: POST https://us-central1-aiplatform.googleapis.com/v1beta1/projects/project-bf21b155-6b73-4230-8ef/locations/us-central1/publishers/google/models/gemini-2.5-flash:generateContent "HTTP/1.1 200 OK"
2026-09-07 21:19:12,002 INFO crawler.llm.fallback: Gọi LLM provider: vertex-ai
2026-09-07 21:19:12,002 INFO google_genai.models: AFC is enabled with max remote calls: 10.
2026-09-07 21:19:12,312 INFO httpx: HTTP Request: POST https://us-central1-aiplatform.googleapis.com/v1beta1/projects/project-bf21b155-6b73-4230-8ef/locations/us-central1/publishers/google/models/gemini-2.5-flash:generateContent "HTTP/1.1 429 Too Many Requests"
2026-09-07 21:19:12,314 WARNING crawler.llm.vertex_provider: Vertex AI lỗi tạm thời (lần 1/6), đợi 2.4s rồi thử lại: 429 RESOURCE_EXHAUSTED. {'error': {'code': 429, 'message': 'Resource exhausted. Please try again later. Please refer to 
2026-09-07 21:19:14,396 INFO google_genai.models: AFC is enabled with max remote calls: 10.
2026-09-07 21:19:14,711 INFO google_genai.models: AFC is enabled with max remote calls: 10.
2026-09-07 21:19:15,965 INFO httpx: HTTP Request: POST https://us-central1-aiplatform.googleapis.com/v1beta1/projects/project-bf21b155-6b73-4230-8ef/locations/us-central1/publishers/google/models/gemini-2.5-flash:generateContent "HTTP/1.1 429 Too Many Requests"
2026-09-07 21:19:15,970 WARNING crawler.llm.vertex_provider: Vertex AI lỗi tạm thời (lần 2/6), đợi 4.2s rồi thử lại: 429 RESOURCE_EXHAUSTED. {'error': {'code': 429, 'message': 'Resource exhausted. Please try again later. Please refer to 
2026-09-07 21:19:16,351 INFO httpx: HTTP Request: POST https://us-central1-aiplatform.googleapis.com/v1beta1/projects/project-bf21b155-6b73-4230-8ef/locations/us-central1/publishers/google/models/gemini-2.5-flash:generateContent "HTTP/1.1 200 OK"
2026-09-07 21:19:16,491 INFO crawler.llm.fallback: Gọi LLM provider: vertex-ai
2026-09-07 21:19:16,491 INFO google_genai.models: AFC is enabled with max remote calls: 10.
2026-09-07 21:19:17,941 INFO httpx: HTTP Request: POST https://us-central1-aiplatform.googleapis.com/v1beta1/projects/project-bf21b155-6b73-4230-8ef/locations/us-central1/publishers/google/models/gemini-2.5-flash:generateContent "HTTP/1.1 200 OK"
2026-09-07 21:19:18,201 INFO crawler.llm.fallback: Gọi LLM provider: vertex-ai
2026-09-07 21:19:18,202 INFO google_genai.models: AFC is enabled with max remote calls: 10.
2026-09-07 21:19:18,215 INFO google_genai.models: AFC is enabled with max remote calls: 10.
2026-09-07 21:19:19,474 INFO httpx: HTTP Request: POST https://us-central1-aiplatform.googleapis.com/v1beta1/projects/project-bf21b155-6b73-4230-8ef/locations/us-central1/publishers/google/models/gemini-2.5-flash:generateContent "HTTP/1.1 200 OK"
2026-09-07 21:19:19,738 INFO crawler.llm.fallback: Gọi LLM provider: vertex-ai
2026-09-07 21:19:19,738 INFO google_genai.models: AFC is enabled with max remote calls: 10.
2026-09-07 21:19:20,078 INFO httpx: HTTP Request: POST https://us-central1-aiplatform.googleapis.com/v1beta1/projects/project-bf21b155-6b73-4230-8ef/locations/us-central1/publishers/google/models/gemini-2.5-flash:generateContent "HTTP/1.1 429 Too Many Requests"
2026-09-07 21:19:20,079 WARNING crawler.llm.vertex_provider: Vertex AI lỗi tạm thời (lần 1/6), đợi 2.8s rồi thử lại: 429 RESOURCE_EXHAUSTED. {'error': {'code': 429, 'message': 'Resource exhausted. Please try again later. Please refer to 
2026-09-07 21:19:20,146 INFO google_genai.models: AFC is enabled with max remote calls: 10.
2026-09-07 21:19:20,889 INFO google_genai.models: AFC is enabled with max remote calls: 10.
2026-09-07 21:19:22,158 INFO httpx: HTTP Request: POST https://us-central1-aiplatform.googleapis.com/v1beta1/projects/project-bf21b155-6b73-4230-8ef/locations/us-central1/publishers/google/models/gemini-2.5-flash:generateContent "HTTP/1.1 429 Too Many Requests"
2026-09-07 21:19:22,159 WARNING crawler.llm.fallback: Provider vertex-ai thất bại (Vertex AI lỗi: 429 RESOURCE_EXHAUSTED. {'error': {'code': 429, 'message': 'Resource exhausted. Please try again later. Please refer to https://cloud.google.com/vertex-ai/generative-ai/docs/error-code-429 for more details.', 'status': 'RESOURCE_EXHAUSTED'}}), chuyển sang provider tiếp theo
2026-09-07 21:19:22,159 INFO crawler.llm.fallback: Gọi LLM provider: deepseek
2026-09-07 21:19:22,631 INFO httpx2: HTTP Request: POST https://api.deepseek.com/chat/completions "HTTP/1.1 402 Payment Required"
2026-09-07 21:19:22,632 WARNING crawler.llm.fallback: Provider deepseek thất bại (DeepSeek lỗi: Error code: 402 - {'error': {'message': 'Insufficient Balance', 'type': 'unknown_error', 'param': None, 'code': 'invalid_request_error'}}), chuyển sang provider tiếp theo
2026-09-07 21:19:22,633 WARNING crawler.pipeline: Tầng 2 (LLM) thất bại cho https://duhal.com.vn/den-batten-t5-2x9w-ttf209: Tất cả LLM provider đều thất bại: DeepSeek lỗi: Error code: 402 - {'error': {'message': 'Insufficient Balance', 'type': 'unknown_error', 'param': None, 'code': 'invalid_request_error'}}
2026-09-07 21:19:22,941 INFO google_genai.models: AFC is enabled with max remote calls: 10.
2026-09-07 21:19:23,130 INFO crawler.llm.fallback: Gọi LLM provider: vertex-ai
2026-09-07 21:19:23,130 INFO google_genai.models: AFC is enabled with max remote calls: 10.
2026-09-07 21:19:23,314 INFO httpx: HTTP Request: POST https://us-central1-aiplatform.googleapis.com/v1beta1/projects/project-bf21b155-6b73-4230-8ef/locations/us-central1/publishers/google/models/gemini-2.5-flash:generateContent "HTTP/1.1 429 Too Many Requests"
2026-09-07 21:19:23,316 WARNING crawler.llm.vertex_provider: Vertex AI lỗi tạm thời (lần 2/6), đợi 4.2s rồi thử lại: 429 RESOURCE_EXHAUSTED. {'error': {'code': 429, 'message': 'Resource exhausted. Please try again later. Please refer to 
2026-09-07 21:19:23,551 INFO crawler.fetch.stealth_fetch: https://duhal.com.vn/den-cong-nghiep-chu-v-1x9w-ddk109 -> 429, retry lan 1
2026-09-07 21:19:23,552 INFO crawler.fetch.stealth_fetch: Server phản ứng chậm/từ chối - giãn nhịp fetch lên 1.0s
2026-09-07 21:19:25,387 INFO crawler.fetch.stealth_fetch: https://duhal.com.vn/den-cong-nghiep-chu-v-1x9w-ddk109 -> 429, retry lan 2
2026-09-07 21:19:25,387 INFO crawler.fetch.stealth_fetch: Server phản ứng chậm/từ chối - giãn nhịp fetch lên 2.0s
2026-09-07 21:19:25,830 INFO httpx: HTTP Request: POST https://us-central1-aiplatform.googleapis.com/v1beta1/projects/project-bf21b155-6b73-4230-8ef/locations/us-central1/publishers/google/models/gemini-2.5-flash:generateContent "HTTP/1.1 200 OK"
2026-09-07 21:19:25,931 ERROR extruct._extruct: Failed to extract json-ld, raises Expecting ',' delimiter: line 7 column 64 (char 335)
Traceback (most recent call last):
  File "/home/tdh/Intern/rivals_crawl/.venv/lib/python3.11/site-packages/extruct/jsonld.py", line 39, in _extract_items
    data = json.loads(script, strict=False)
           ^^^^^^^^^^^^^^^^^^^^^^^^^^^^^^^^
  File "/home/tdh/.local/share/uv/python/cpython-3.11.15-linux-x86_64-gnu/lib/python3.11/json/__init__.py", line 359, in loads
    return cls(**kw).decode(s)
           ^^^^^^^^^^^^^^^^^^^
  File "/home/tdh/.local/share/uv/python/cpython-3.11.15-linux-x86_64-gnu/lib/python3.11/json/decoder.py", line 337, in decode
    obj, end = self.raw_decode(s, idx=_w(s, 0).end())
               ^^^^^^^^^^^^^^^^^^^^^^^^^^^^^^^^^^^^^^
  File "/home/tdh/.local/share/uv/python/cpython-3.11.15-linux-x86_64-gnu/lib/python3.11/json/decoder.py", line 353, in raw_decode
    obj, end = self.scan_once(s, idx)
               ^^^^^^^^^^^^^^^^^^^^^^
json.decoder.JSONDecodeError: Expecting ',' delimiter: line 7 column 64 (char 335)

During handling of the above exception, another exception occurred:

Traceback (most recent call last):
  File "/home/tdh/Intern/rivals_crawl/.venv/lib/python3.11/site-packages/extruct/_extruct.py", line 131, in extract
    output[syntax] = list(extract(document, base_url=base_url))
                          ^^^^^^^^^^^^^^^^^^^^^^^^^^^^^^^^^^^^
  File "/home/tdh/Intern/rivals_crawl/.venv/lib/python3.11/site-packages/extruct/jsonld.py", line 27, in extract_items
    return [
           ^
  File "/home/tdh/Intern/rivals_crawl/.venv/lib/python3.11/site-packages/extruct/jsonld.py", line 27, in <listcomp>
    return [
           ^
  File "/home/tdh/Intern/rivals_crawl/.venv/lib/python3.11/site-packages/extruct/jsonld.py", line 42, in _extract_items
    data = jstyleson.loads(HTML_OR_JS_COMMENTLINE.sub("", script), strict=False)
           ^^^^^^^^^^^^^^^^^^^^^^^^^^^^^^^^^^^^^^^^^^^^^^^^^^^^^^^^^^^^^^^^^^^^^
  File "/home/tdh/Intern/rivals_crawl/.venv/lib/python3.11/site-packages/jstyleson.py", line 123, in loads
    return json.loads(dispose(text), **kwargs)
           ^^^^^^^^^^^^^^^^^^^^^^^^^^^^^^^^^^^
  File "/home/tdh/.local/share/uv/python/cpython-3.11.15-linux-x86_64-gnu/lib/python3.11/json/__init__.py", line 359, in loads
    return cls(**kw).decode(s)
           ^^^^^^^^^^^^^^^^^^^
  File "/home/tdh/.local/share/uv/python/cpython-3.11.15-linux-x86_64-gnu/lib/python3.11/json/decoder.py", line 337, in decode
    obj, end = self.raw_decode(s, idx=_w(s, 0).end())
               ^^^^^^^^^^^^^^^^^^^^^^^^^^^^^^^^^^^^^^
  File "/home/tdh/.local/share/uv/python/cpython-3.11.15-linux-x86_64-gnu/lib/python3.11/json/decoder.py", line 353, in raw_decode
    obj, end = self.scan_once(s, idx)
               ^^^^^^^^^^^^^^^^^^^^^^
json.decoder.JSONDecodeError: Expecting ',' delimiter: line 7 column 64 (char 335)
2026-09-07 21:19:26,065 INFO crawler.llm.fallback: Gọi LLM provider: vertex-ai
2026-09-07 21:19:26,065 INFO google_genai.models: AFC is enabled with max remote calls: 10.
2026-09-07 21:19:27,463 INFO httpx: HTTP Request: POST https://us-central1-aiplatform.googleapis.com/v1beta1/projects/project-bf21b155-6b73-4230-8ef/locations/us-central1/publishers/google/models/gemini-2.5-flash:generateContent "HTTP/1.1 429 Too Many Requests"
2026-09-07 21:19:27,464 WARNING crawler.llm.vertex_provider: Vertex AI lỗi tạm thời (lần 3/6), đợi 8.2s rồi thử lại: 429 RESOURCE_EXHAUSTED. {'error': {'code': 429, 'message': 'Resource exhausted. Please try again later. Please refer to 
2026-09-07 21:19:27,491 INFO google_genai.models: AFC is enabled with max remote calls: 10.
2026-09-07 21:19:27,802 INFO httpx: HTTP Request: POST https://us-central1-aiplatform.googleapis.com/v1beta1/projects/project-bf21b155-6b73-4230-8ef/locations/us-central1/publishers/google/models/gemini-2.5-flash:generateContent "HTTP/1.1 429 Too Many Requests"
2026-09-07 21:19:27,804 WARNING crawler.llm.vertex_provider: Vertex AI lỗi tạm thời (lần 3/6), đợi 8.6s rồi thử lại: 429 RESOURCE_EXHAUSTED. {'error': {'code': 429, 'message': 'Resource exhausted. Please try again later. Please refer to 
2026-09-07 21:19:28,384 INFO httpx: HTTP Request: POST https://us-central1-aiplatform.googleapis.com/v1beta1/projects/project-bf21b155-6b73-4230-8ef/locations/us-central1/publishers/google/models/gemini-2.5-flash:generateContent "HTTP/1.1 200 OK"
2026-09-07 21:19:28,495 WARNING crawler.pipeline: Fetch thất bại cho https://duhal.com.vn/den-cong-nghiep-choa-phan-quang-1x18w-ldh118: None
2026-09-07 21:19:28,589 INFO crawler.llm.fallback: Gọi LLM provider: vertex-ai
2026-09-07 21:19:28,589 INFO google_genai.models: AFC is enabled with max remote calls: 10.
2026-09-07 21:19:28,901 INFO httpx: HTTP Request: POST https://us-central1-aiplatform.googleapis.com/v1beta1/projects/project-bf21b155-6b73-4230-8ef/locations/us-central1/publishers/google/models/gemini-2.5-flash:generateContent "HTTP/1.1 429 Too Many Requests"
2026-09-07 21:19:28,906 WARNING crawler.llm.vertex_provider: Vertex AI lỗi tạm thời (lần 1/6), đợi 2.1s rồi thử lại: 429 RESOURCE_EXHAUSTED. {'error': {'code': 429, 'message': 'Resource exhausted. Please try again later. Please refer to 
2026-09-07 21:19:30,711 INFO crawler.fetch.stealth_fetch: https://duhal.com.vn/den-cong-nghiep-chu-v-1x9w-ltk109 -> 429, retry lan 1
2026-09-07 21:19:30,712 INFO crawler.fetch.stealth_fetch: Server phản ứng chậm/từ chối - giãn nhịp fetch lên 4.0s
2026-09-07 21:19:30,985 INFO google_genai.models: AFC is enabled with max remote calls: 10.
2026-09-07 21:19:31,299 INFO httpx: HTTP Request: POST https://us-central1-aiplatform.googleapis.com/v1beta1/projects/project-bf21b155-6b73-4230-8ef/locations/us-central1/publishers/google/models/gemini-2.5-flash:generateContent "HTTP/1.1 429 Too Many Requests"
2026-09-07 21:19:31,305 WARNING crawler.llm.vertex_provider: Vertex AI lỗi tạm thời (lần 2/6), đợi 4.1s rồi thử lại: 429 RESOURCE_EXHAUSTED. {'error': {'code': 429, 'message': 'Resource exhausted. Please try again later. Please refer to 
2026-09-07 21:19:34,706 INFO crawler.fetch.stealth_fetch: https://duhal.com.vn/den-cong-nghiep-chu-v-1x9w-ltk109 -> 429, retry lan 2
2026-09-07 21:19:34,706 INFO crawler.fetch.stealth_fetch: Server phản ứng chậm/từ chối - giãn nhịp fetch lên 8.0s
2026-09-07 21:19:35,419 INFO google_genai.models: AFC is enabled with max remote calls: 10.
2026-09-07 21:19:35,619 INFO google_genai.models: AFC is enabled with max remote calls: 10.
2026-09-07 21:19:35,725 INFO httpx: HTTP Request: POST https://us-central1-aiplatform.googleapis.com/v1beta1/projects/project-bf21b155-6b73-4230-8ef/locations/us-central1/publishers/google/models/gemini-2.5-flash:generateContent "HTTP/1.1 429 Too Many Requests"
2026-09-07 21:19:35,730 WARNING crawler.llm.vertex_provider: Vertex AI lỗi tạm thời (lần 3/6), đợi 8.2s rồi thử lại: 429 RESOURCE_EXHAUSTED. {'error': {'code': 429, 'message': 'Resource exhausted. Please try again later. Please refer to 
2026-09-07 21:19:36,427 INFO google_genai.models: AFC is enabled with max remote calls: 10.
2026-09-07 21:19:36,782 INFO httpx: HTTP Request: POST https://us-central1-aiplatform.googleapis.com/v1beta1/projects/project-bf21b155-6b73-4230-8ef/locations/us-central1/publishers/google/models/gemini-2.5-flash:generateContent "HTTP/1.1 429 Too Many Requests"
2026-09-07 21:19:36,783 WARNING crawler.llm.vertex_provider: Vertex AI lỗi tạm thời (lần 4/6), đợi 16.6s rồi thử lại: 429 RESOURCE_EXHAUSTED. {'error': {'code': 429, 'message': 'Resource exhausted. Please try again later. Please refer to 
2026-09-07 21:19:36,859 INFO httpx: HTTP Request: POST https://us-central1-aiplatform.googleapis.com/v1beta1/projects/project-bf21b155-6b73-4230-8ef/locations/us-central1/publishers/google/models/gemini-2.5-flash:generateContent "HTTP/1.1 429 Too Many Requests"
2026-09-07 21:19:36,860 WARNING crawler.llm.vertex_provider: Vertex AI lỗi tạm thời (lần 4/6), đợi 16.6s rồi thử lại: 429 RESOURCE_EXHAUSTED. {'error': {'code': 429, 'message': 'Resource exhausted. Please try again later. Please refer to 
2026-09-07 21:19:43,896 INFO google_genai.models: AFC is enabled with max remote calls: 10.
2026-09-07 21:19:44,282 INFO httpx: HTTP Request: POST https://us-central1-aiplatform.googleapis.com/v1beta1/projects/project-bf21b155-6b73-4230-8ef/locations/us-central1/publishers/google/models/gemini-2.5-flash:generateContent "HTTP/1.1 429 Too Many Requests"
2026-09-07 21:19:44,284 WARNING crawler.llm.vertex_provider: Vertex AI lỗi tạm thời (lần 4/6), đợi 16.5s rồi thử lại: 429 RESOURCE_EXHAUSTED. {'error': {'code': 429, 'message': 'Resource exhausted. Please try again later. Please refer to 
2026-09-07 21:19:50,699 INFO crawler.fetch.stealth_fetch: https://duhal.com.vn/den-cong-nghiep-chu-v-2x18w-ddk218 -> 429, retry lan 1
2026-09-07 21:19:50,700 INFO crawler.fetch.stealth_fetch: Server phản ứng chậm/từ chối - giãn nhịp fetch lên 15.0s
2026-09-07 21:19:53,402 INFO google_genai.models: AFC is enabled with max remote calls: 10.
2026-09-07 21:19:53,428 INFO google_genai.models: AFC is enabled with max remote calls: 10.
2026-09-07 21:19:54,702 INFO httpx: HTTP Request: POST https://us-central1-aiplatform.googleapis.com/v1beta1/projects/project-bf21b155-6b73-4230-8ef/locations/us-central1/publishers/google/models/gemini-2.5-flash:generateContent "HTTP/1.1 429 Too Many Requests"
2026-09-07 21:19:54,703 INFO httpx: HTTP Request: POST https://us-central1-aiplatform.googleapis.com/v1beta1/projects/project-bf21b155-6b73-4230-8ef/locations/us-central1/publishers/google/models/gemini-2.5-flash:generateContent "HTTP/1.1 429 Too Many Requests"
2026-09-07 21:19:54,704 WARNING crawler.llm.vertex_provider: Vertex AI lỗi tạm thời (lần 5/6), đợi 33.0s rồi thử lại: 429 RESOURCE_EXHAUSTED. {'error': {'code': 429, 'message': 'Resource exhausted. Please try again later. Please refer to 
2026-09-07 21:19:54,705 WARNING crawler.llm.vertex_provider: Vertex AI lỗi tạm thời (lần 5/6), đợi 32.4s rồi thử lại: 429 RESOURCE_EXHAUSTED. {'error': {'code': 429, 'message': 'Resource exhausted. Please try again later. Please refer to 
2026-09-07 21:19:55,814 INFO httpx: HTTP Request: POST https://us-central1-aiplatform.googleapis.com/v1beta1/projects/project-bf21b155-6b73-4230-8ef/locations/us-central1/publishers/google/models/gemini-2.5-flash:generateContent "HTTP/1.1 200 OK"
2026-09-07 21:19:55,920 INFO crawler.llm.fallback: Gọi LLM provider: vertex-ai
2026-09-07 21:19:55,921 INFO google_genai.models: AFC is enabled with max remote calls: 10.
2026-09-07 21:19:58,492 INFO httpx: HTTP Request: POST https://us-central1-aiplatform.googleapis.com/v1beta1/projects/project-bf21b155-6b73-4230-8ef/locations/us-central1/publishers/google/models/gemini-2.5-flash:generateContent "HTTP/1.1 200 OK"
2026-09-07 21:19:58,607 INFO crawler.llm.fallback: Gọi LLM provider: vertex-ai
2026-09-07 21:19:58,607 INFO google_genai.models: AFC is enabled with max remote calls: 10.
2026-09-07 21:20:00,786 INFO google_genai.models: AFC is enabled with max remote calls: 10.
2026-09-07 21:20:03,100 INFO httpx: HTTP Request: POST https://us-central1-aiplatform.googleapis.com/v1beta1/projects/project-bf21b155-6b73-4230-8ef/locations/us-central1/publishers/google/models/gemini-2.5-flash:generateContent "HTTP/1.1 200 OK"
2026-09-07 21:20:03,208 INFO crawler.llm.fallback: Gọi LLM provider: vertex-ai
2026-09-07 21:20:03,208 INFO google_genai.models: AFC is enabled with max remote calls: 10.
2026-09-07 21:20:03,630 INFO httpx: HTTP Request: POST https://us-central1-aiplatform.googleapis.com/v1beta1/projects/project-bf21b155-6b73-4230-8ef/locations/us-central1/publishers/google/models/gemini-2.5-flash:generateContent "HTTP/1.1 429 Too Many Requests"
2026-09-07 21:20:03,631 WARNING crawler.llm.vertex_provider: Vertex AI lỗi tạm thời (lần 1/6), đợi 2.6s rồi thử lại: 429 RESOURCE_EXHAUSTED. {'error': {'code': 429, 'message': 'Resource exhausted. Please try again later. Please refer to 
2026-09-07 21:20:06,272 INFO google_genai.models: AFC is enabled with max remote calls: 10.
2026-09-07 21:20:08,321 INFO httpx: HTTP Request: POST https://us-central1-aiplatform.googleapis.com/v1beta1/projects/project-bf21b155-6b73-4230-8ef/locations/us-central1/publishers/google/models/gemini-2.5-flash:generateContent "HTTP/1.1 200 OK"
2026-09-07 21:20:08,464 INFO crawler.llm.fallback: Gọi LLM provider: vertex-ai
2026-09-07 21:20:08,464 INFO google_genai.models: AFC is enabled with max remote calls: 10.
2026-09-07 21:20:09,960 INFO httpx: HTTP Request: POST https://us-central1-aiplatform.googleapis.com/v1beta1/projects/project-bf21b155-6b73-4230-8ef/locations/us-central1/publishers/google/models/gemini-2.5-flash:generateContent "HTTP/1.1 200 OK"
2026-09-07 21:20:10,061 INFO crawler.llm.fallback: Gọi LLM provider: vertex-ai
2026-09-07 21:20:10,061 INFO google_genai.models: AFC is enabled with max remote calls: 10.
2026-09-07 21:20:10,473 INFO httpx: HTTP Request: POST https://us-central1-aiplatform.googleapis.com/v1beta1/projects/project-bf21b155-6b73-4230-8ef/locations/us-central1/publishers/google/models/gemini-2.5-flash:generateContent "HTTP/1.1 429 Too Many Requests"
2026-09-07 21:20:10,475 WARNING crawler.llm.vertex_provider: Vertex AI lỗi tạm thời (lần 1/6), đợi 2.3s rồi thử lại: 429 RESOURCE_EXHAUSTED. {'error': {'code': 429, 'message': 'Resource exhausted. Please try again later. Please refer to 
2026-09-07 21:20:12,807 INFO google_genai.models: AFC is enabled with max remote calls: 10.
2026-09-07 21:20:13,089 INFO httpx: HTTP Request: POST https://us-central1-aiplatform.googleapis.com/v1beta1/projects/project-bf21b155-6b73-4230-8ef/locations/us-central1/publishers/google/models/gemini-2.5-flash:generateContent "HTTP/1.1 429 Too Many Requests"
2026-09-07 21:20:13,094 WARNING crawler.llm.vertex_provider: Vertex AI lỗi tạm thời (lần 2/6), đợi 4.4s rồi thử lại: 429 RESOURCE_EXHAUSTED. {'error': {'code': 429, 'message': 'Resource exhausted. Please try again later. Please refer to 
2026-09-07 21:20:17,464 INFO google_genai.models: AFC is enabled with max remote calls: 10.
2026-09-07 21:20:19,176 INFO httpx: HTTP Request: POST https://us-central1-aiplatform.googleapis.com/v1beta1/projects/project-bf21b155-6b73-4230-8ef/locations/us-central1/publishers/google/models/gemini-2.5-flash:generateContent "HTTP/1.1 200 OK"
2026-09-07 21:20:19,449 INFO crawler.llm.fallback: Gọi LLM provider: vertex-ai
2026-09-07 21:20:19,449 INFO google_genai.models: AFC is enabled with max remote calls: 10.
2026-09-07 21:20:20,917 INFO httpx: HTTP Request: POST https://us-central1-aiplatform.googleapis.com/v1beta1/projects/project-bf21b155-6b73-4230-8ef/locations/us-central1/publishers/google/models/gemini-2.5-flash:generateContent "HTTP/1.1 200 OK"
2026-09-07 21:20:20,966 ERROR extruct._extruct: Failed to extract json-ld, raises Expecting ',' delimiter: line 8 column 17 (char 753)
Traceback (most recent call last):
  File "/home/tdh/Intern/rivals_crawl/.venv/lib/python3.11/site-packages/extruct/jsonld.py", line 39, in _extract_items
    data = json.loads(script, strict=False)
           ^^^^^^^^^^^^^^^^^^^^^^^^^^^^^^^^
  File "/home/tdh/.local/share/uv/python/cpython-3.11.15-linux-x86_64-gnu/lib/python3.11/json/__init__.py", line 359, in loads
    return cls(**kw).decode(s)
           ^^^^^^^^^^^^^^^^^^^
  File "/home/tdh/.local/share/uv/python/cpython-3.11.15-linux-x86_64-gnu/lib/python3.11/json/decoder.py", line 337, in decode
    obj, end = self.raw_decode(s, idx=_w(s, 0).end())
               ^^^^^^^^^^^^^^^^^^^^^^^^^^^^^^^^^^^^^^
  File "/home/tdh/.local/share/uv/python/cpython-3.11.15-linux-x86_64-gnu/lib/python3.11/json/decoder.py", line 353, in raw_decode
    obj, end = self.scan_once(s, idx)
               ^^^^^^^^^^^^^^^^^^^^^^
json.decoder.JSONDecodeError: Expecting ',' delimiter: line 8 column 17 (char 753)

During handling of the above exception, another exception occurred:

Traceback (most recent call last):
  File "/home/tdh/Intern/rivals_crawl/.venv/lib/python3.11/site-packages/extruct/_extruct.py", line 131, in extract
    output[syntax] = list(extract(document, base_url=base_url))
                          ^^^^^^^^^^^^^^^^^^^^^^^^^^^^^^^^^^^^
  File "/home/tdh/Intern/rivals_crawl/.venv/lib/python3.11/site-packages/extruct/jsonld.py", line 27, in extract_items
    return [
           ^
  File "/home/tdh/Intern/rivals_crawl/.venv/lib/python3.11/site-packages/extruct/jsonld.py", line 27, in <listcomp>
    return [
           ^
  File "/home/tdh/Intern/rivals_crawl/.venv/lib/python3.11/site-packages/extruct/jsonld.py", line 42, in _extract_items
    data = jstyleson.loads(HTML_OR_JS_COMMENTLINE.sub("", script), strict=False)
           ^^^^^^^^^^^^^^^^^^^^^^^^^^^^^^^^^^^^^^^^^^^^^^^^^^^^^^^^^^^^^^^^^^^^^
  File "/home/tdh/Intern/rivals_crawl/.venv/lib/python3.11/site-packages/jstyleson.py", line 123, in loads
    return json.loads(dispose(text), **kwargs)
           ^^^^^^^^^^^^^^^^^^^^^^^^^^^^^^^^^^^
  File "/home/tdh/.local/share/uv/python/cpython-3.11.15-linux-x86_64-gnu/lib/python3.11/json/__init__.py", line 359, in loads
    return cls(**kw).decode(s)
           ^^^^^^^^^^^^^^^^^^^
  File "/home/tdh/.local/share/uv/python/cpython-3.11.15-linux-x86_64-gnu/lib/python3.11/json/decoder.py", line 337, in decode
    obj, end = self.raw_decode(s, idx=_w(s, 0).end())
               ^^^^^^^^^^^^^^^^^^^^^^^^^^^^^^^^^^^^^^
  File "/home/tdh/.local/share/uv/python/cpython-3.11.15-linux-x86_64-gnu/lib/python3.11/json/decoder.py", line 353, in raw_decode
    obj, end = self.scan_once(s, idx)
               ^^^^^^^^^^^^^^^^^^^^^^
json.decoder.JSONDecodeError: Expecting ',' delimiter: line 8 column 17 (char 753)
2026-09-07 21:20:21,030 INFO crawler.llm.fallback: Gọi LLM provider: vertex-ai
2026-09-07 21:20:21,030 INFO google_genai.models: AFC is enabled with max remote calls: 10.
2026-09-07 21:20:21,429 INFO httpx: HTTP Request: POST https://us-central1-aiplatform.googleapis.com/v1beta1/projects/project-bf21b155-6b73-4230-8ef/locations/us-central1/publishers/google/models/gemini-2.5-flash:generateContent "HTTP/1.1 429 Too Many Requests"
2026-09-07 21:20:21,430 WARNING crawler.llm.vertex_provider: Vertex AI lỗi tạm thời (lần 1/6), đợi 2.3s rồi thử lại: 429 RESOURCE_EXHAUSTED. {'error': {'code': 429, 'message': 'Resource exhausted. Please try again later. Please refer to 
2026-09-07 21:20:23,733 INFO google_genai.models: AFC is enabled with max remote calls: 10.
2026-09-07 21:20:24,091 INFO httpx: HTTP Request: POST https://us-central1-aiplatform.googleapis.com/v1beta1/projects/project-bf21b155-6b73-4230-8ef/locations/us-central1/publishers/google/models/gemini-2.5-flash:generateContent "HTTP/1.1 429 Too Many Requests"
2026-09-07 21:20:24,094 WARNING crawler.llm.vertex_provider: Vertex AI lỗi tạm thời (lần 2/6), đợi 4.6s rồi thử lại: 429 RESOURCE_EXHAUSTED. {'error': {'code': 429, 'message': 'Resource exhausted. Please try again later. Please refer to 
2026-09-07 21:20:27,072 INFO google_genai.models: AFC is enabled with max remote calls: 10.
2026-09-07 21:20:27,471 INFO httpx: HTTP Request: POST https://us-central1-aiplatform.googleapis.com/v1beta1/projects/project-bf21b155-6b73-4230-8ef/locations/us-central1/publishers/google/models/gemini-2.5-flash:generateContent "HTTP/1.1 429 Too Many Requests"
2026-09-07 21:20:27,473 WARNING crawler.llm.fallback: Provider vertex-ai thất bại (Vertex AI lỗi: 429 RESOURCE_EXHAUSTED. {'error': {'code': 429, 'message': 'Resource exhausted. Please try again later. Please refer to https://cloud.google.com/vertex-ai/generative-ai/docs/error-code-429 for more details.', 'status': 'RESOURCE_EXHAUSTED'}}), chuyển sang provider tiếp theo
2026-09-07 21:20:27,473 INFO crawler.llm.fallback: Gọi LLM provider: deepseek
2026-09-07 21:20:27,690 INFO google_genai.models: AFC is enabled with max remote calls: 10.
2026-09-07 21:20:27,982 INFO httpx2: HTTP Request: POST https://api.deepseek.com/chat/completions "HTTP/1.1 402 Payment Required"
2026-09-07 21:20:27,984 INFO httpx: HTTP Request: POST https://us-central1-aiplatform.googleapis.com/v1beta1/projects/project-bf21b155-6b73-4230-8ef/locations/us-central1/publishers/google/models/gemini-2.5-flash:generateContent "HTTP/1.1 429 Too Many Requests"
2026-09-07 21:20:27,985 WARNING crawler.llm.fallback: Provider deepseek thất bại (DeepSeek lỗi: Error code: 402 - {'error': {'message': 'Insufficient Balance', 'type': 'unknown_error', 'param': None, 'code': 'invalid_request_error'}}), chuyển sang provider tiếp theo
2026-09-07 21:20:27,986 WARNING crawler.pipeline: Tầng 2 (LLM) thất bại cho https://duhal.com.vn/den-chong-no-lsc140: Tất cả LLM provider đều thất bại: DeepSeek lỗi: Error code: 402 - {'error': {'message': 'Insufficient Balance', 'type': 'unknown_error', 'param': None, 'code': 'invalid_request_error'}}
2026-09-07 21:20:27,988 WARNING crawler.llm.fallback: Provider vertex-ai thất bại (Vertex AI lỗi: 429 RESOURCE_EXHAUSTED. {'error': {'code': 429, 'message': 'Resource exhausted. Please try again later. Please refer to https://cloud.google.com/vertex-ai/generative-ai/docs/error-code-429 for more details.', 'status': 'RESOURCE_EXHAUSTED'}}), chuyển sang provider tiếp theo
2026-09-07 21:20:27,988 INFO crawler.llm.fallback: Gọi LLM provider: deepseek
2026-09-07 21:20:28,036 ERROR extruct._extruct: Failed to extract json-ld, raises Expecting ',' delimiter: line 8 column 17 (char 753)
Traceback (most recent call last):
  File "/home/tdh/Intern/rivals_crawl/.venv/lib/python3.11/site-packages/extruct/jsonld.py", line 39, in _extract_items
    data = json.loads(script, strict=False)
           ^^^^^^^^^^^^^^^^^^^^^^^^^^^^^^^^
  File "/home/tdh/.local/share/uv/python/cpython-3.11.15-linux-x86_64-gnu/lib/python3.11/json/__init__.py", line 359, in loads
    return cls(**kw).decode(s)
           ^^^^^^^^^^^^^^^^^^^
  File "/home/tdh/.local/share/uv/python/cpython-3.11.15-linux-x86_64-gnu/lib/python3.11/json/decoder.py", line 337, in decode
    obj, end = self.raw_decode(s, idx=_w(s, 0).end())
               ^^^^^^^^^^^^^^^^^^^^^^^^^^^^^^^^^^^^^^
  File "/home/tdh/.local/share/uv/python/cpython-3.11.15-linux-x86_64-gnu/lib/python3.11/json/decoder.py", line 353, in raw_decode
    obj, end = self.scan_once(s, idx)
               ^^^^^^^^^^^^^^^^^^^^^^
json.decoder.JSONDecodeError: Expecting ',' delimiter: line 8 column 17 (char 753)

During handling of the above exception, another exception occurred:

Traceback (most recent call last):
  File "/home/tdh/Intern/rivals_crawl/.venv/lib/python3.11/site-packages/extruct/_extruct.py", line 131, in extract
    output[syntax] = list(extract(document, base_url=base_url))
                          ^^^^^^^^^^^^^^^^^^^^^^^^^^^^^^^^^^^^
  File "/home/tdh/Intern/rivals_crawl/.venv/lib/python3.11/site-packages/extruct/jsonld.py", line 27, in extract_items
    return [
           ^
  File "/home/tdh/Intern/rivals_crawl/.venv/lib/python3.11/site-packages/extruct/jsonld.py", line 27, in <listcomp>
    return [
           ^
  File "/home/tdh/Intern/rivals_crawl/.venv/lib/python3.11/site-packages/extruct/jsonld.py", line 42, in _extract_items
    data = jstyleson.loads(HTML_OR_JS_COMMENTLINE.sub("", script), strict=False)
           ^^^^^^^^^^^^^^^^^^^^^^^^^^^^^^^^^^^^^^^^^^^^^^^^^^^^^^^^^^^^^^^^^^^^^
  File "/home/tdh/Intern/rivals_crawl/.venv/lib/python3.11/site-packages/jstyleson.py", line 123, in loads
    return json.loads(dispose(text), **kwargs)
           ^^^^^^^^^^^^^^^^^^^^^^^^^^^^^^^^^^^
  File "/home/tdh/.local/share/uv/python/cpython-3.11.15-linux-x86_64-gnu/lib/python3.11/json/__init__.py", line 359, in loads
    return cls(**kw).decode(s)
           ^^^^^^^^^^^^^^^^^^^
  File "/home/tdh/.local/share/uv/python/cpython-3.11.15-linux-x86_64-gnu/lib/python3.11/json/decoder.py", line 337, in decode
    obj, end = self.raw_decode(s, idx=_w(s, 0).end())
               ^^^^^^^^^^^^^^^^^^^^^^^^^^^^^^^^^^^^^^
  File "/home/tdh/.local/share/uv/python/cpython-3.11.15-linux-x86_64-gnu/lib/python3.11/json/decoder.py", line 353, in raw_decode
    obj, end = self.scan_once(s, idx)
               ^^^^^^^^^^^^^^^^^^^^^^
json.decoder.JSONDecodeError: Expecting ',' delimiter: line 8 column 17 (char 753)
2026-09-07 21:20:28,089 INFO crawler.llm.fallback: Gọi LLM provider: vertex-ai
2026-09-07 21:20:28,090 INFO google_genai.models: AFC is enabled with max remote calls: 10.
2026-09-07 21:20:28,496 INFO httpx: HTTP Request: POST https://us-central1-aiplatform.googleapis.com/v1beta1/projects/project-bf21b155-6b73-4230-8ef/locations/us-central1/publishers/google/models/gemini-2.5-flash:generateContent "HTTP/1.1 429 Too Many Requests"
2026-09-07 21:20:28,497 INFO httpx2: HTTP Request: POST https://api.deepseek.com/chat/completions "HTTP/1.1 402 Payment Required"
2026-09-07 21:20:28,499 WARNING crawler.llm.fallback: Provider deepseek thất bại (DeepSeek lỗi: Error code: 402 - {'error': {'message': 'Insufficient Balance', 'type': 'unknown_error', 'param': None, 'code': 'invalid_request_error'}}), chuyển sang provider tiếp theo
2026-09-07 21:20:28,499 WARNING crawler.pipeline: Tầng 2 (LLM) thất bại cho https://duhal.com.vn/den-chong-no-1x18w-lsc1181: Tất cả LLM provider đều thất bại: DeepSeek lỗi: Error code: 402 - {'error': {'message': 'Insufficient Balance', 'type': 'unknown_error', 'param': None, 'code': 'invalid_request_error'}}
2026-09-07 21:20:28,501 WARNING crawler.llm.vertex_provider: Vertex AI lỗi tạm thời (lần 1/6), đợi 2.3s rồi thử lại: 429 RESOURCE_EXHAUSTED. {'error': {'code': 429, 'message': 'Resource exhausted. Please try again later. Please refer to 
2026-09-07 21:20:28,611 INFO crawler.llm.fallback: Gọi LLM provider: vertex-ai
2026-09-07 21:20:28,611 INFO google_genai.models: AFC is enabled with max remote calls: 10.
2026-09-07 21:20:28,709 INFO google_genai.models: AFC is enabled with max remote calls: 10.
2026-09-07 21:20:28,916 INFO httpx: HTTP Request: POST https://us-central1-aiplatform.googleapis.com/v1beta1/projects/project-bf21b155-6b73-4230-8ef/locations/us-central1/publishers/google/models/gemini-2.5-flash:generateContent "HTTP/1.1 429 Too Many Requests"
2026-09-07 21:20:28,919 WARNING crawler.llm.vertex_provider: Vertex AI lỗi tạm thời (lần 1/6), đợi 2.9s rồi thử lại: 429 RESOURCE_EXHAUSTED. {'error': {'code': 429, 'message': 'Resource exhausted. Please try again later. Please refer to 
2026-09-07 21:20:29,211 INFO httpx: HTTP Request: POST https://us-central1-aiplatform.googleapis.com/v1beta1/projects/project-bf21b155-6b73-4230-8ef/locations/us-central1/publishers/google/models/gemini-2.5-flash:generateContent "HTTP/1.1 429 Too Many Requests"
2026-09-07 21:20:29,212 WARNING crawler.llm.vertex_provider: Vertex AI lỗi tạm thời (lần 3/6), đợi 8.5s rồi thử lại: 429 RESOURCE_EXHAUSTED. {'error': {'code': 429, 'message': 'Resource exhausted. Please try again later. Please refer to 
2026-09-07 21:20:30,820 INFO google_genai.models: AFC is enabled with max remote calls: 10.
2026-09-07 21:20:31,157 INFO httpx: HTTP Request: POST https://us-central1-aiplatform.googleapis.com/v1beta1/projects/project-bf21b155-6b73-4230-8ef/locations/us-central1/publishers/google/models/gemini-2.5-flash:generateContent "HTTP/1.1 429 Too Many Requests"
2026-09-07 21:20:31,158 WARNING crawler.llm.vertex_provider: Vertex AI lỗi tạm thời (lần 2/6), đợi 4.9s rồi thử lại: 429 RESOURCE_EXHAUSTED. {'error': {'code': 429, 'message': 'Resource exhausted. Please try again later. Please refer to 
2026-09-07 21:20:31,770 INFO google_genai.models: AFC is enabled with max remote calls: 10.
2026-09-07 21:20:32,182 INFO httpx: HTTP Request: POST https://us-central1-aiplatform.googleapis.com/v1beta1/projects/project-bf21b155-6b73-4230-8ef/locations/us-central1/publishers/google/models/gemini-2.5-flash:generateContent "HTTP/1.1 429 Too Many Requests"
2026-09-07 21:20:32,184 WARNING crawler.llm.vertex_provider: Vertex AI lỗi tạm thời (lần 2/6), đợi 4.2s rồi thử lại: 429 RESOURCE_EXHAUSTED. {'error': {'code': 429, 'message': 'Resource exhausted. Please try again later. Please refer to 
2026-09-07 21:20:35,049 INFO httpx: HTTP Request: POST https://us-central1-aiplatform.googleapis.com/v1beta1/projects/project-bf21b155-6b73-4230-8ef/locations/us-central1/publishers/google/models/gemini-2.5-flash:generateContent "HTTP/1.1 200 OK"
2026-09-07 21:20:35,099 ERROR extruct._extruct: Failed to extract json-ld, raises Expecting ',' delimiter: line 8 column 17 (char 752)
Traceback (most recent call last):
  File "/home/tdh/Intern/rivals_crawl/.venv/lib/python3.11/site-packages/extruct/jsonld.py", line 39, in _extract_items
    data = json.loads(script, strict=False)
           ^^^^^^^^^^^^^^^^^^^^^^^^^^^^^^^^
  File "/home/tdh/.local/share/uv/python/cpython-3.11.15-linux-x86_64-gnu/lib/python3.11/json/__init__.py", line 359, in loads
    return cls(**kw).decode(s)
           ^^^^^^^^^^^^^^^^^^^
  File "/home/tdh/.local/share/uv/python/cpython-3.11.15-linux-x86_64-gnu/lib/python3.11/json/decoder.py", line 337, in decode
    obj, end = self.raw_decode(s, idx=_w(s, 0).end())
               ^^^^^^^^^^^^^^^^^^^^^^^^^^^^^^^^^^^^^^
  File "/home/tdh/.local/share/uv/python/cpython-3.11.15-linux-x86_64-gnu/lib/python3.11/json/decoder.py", line 353, in raw_decode
    obj, end = self.scan_once(s, idx)
               ^^^^^^^^^^^^^^^^^^^^^^
json.decoder.JSONDecodeError: Expecting ',' delimiter: line 8 column 17 (char 752)

During handling of the above exception, another exception occurred:

Traceback (most recent call last):
  File "/home/tdh/Intern/rivals_crawl/.venv/lib/python3.11/site-packages/extruct/_extruct.py", line 131, in extract
    output[syntax] = list(extract(document, base_url=base_url))
                          ^^^^^^^^^^^^^^^^^^^^^^^^^^^^^^^^^^^^
  File "/home/tdh/Intern/rivals_crawl/.venv/lib/python3.11/site-packages/extruct/jsonld.py", line 27, in extract_items
    return [
           ^
  File "/home/tdh/Intern/rivals_crawl/.venv/lib/python3.11/site-packages/extruct/jsonld.py", line 27, in <listcomp>
    return [
           ^
  File "/home/tdh/Intern/rivals_crawl/.venv/lib/python3.11/site-packages/extruct/jsonld.py", line 42, in _extract_items
    data = jstyleson.loads(HTML_OR_JS_COMMENTLINE.sub("", script), strict=False)
           ^^^^^^^^^^^^^^^^^^^^^^^^^^^^^^^^^^^^^^^^^^^^^^^^^^^^^^^^^^^^^^^^^^^^^
  File "/home/tdh/Intern/rivals_crawl/.venv/lib/python3.11/site-packages/jstyleson.py", line 123, in loads
    return json.loads(dispose(text), **kwargs)
           ^^^^^^^^^^^^^^^^^^^^^^^^^^^^^^^^^^^
  File "/home/tdh/.local/share/uv/python/cpython-3.11.15-linux-x86_64-gnu/lib/python3.11/json/__init__.py", line 359, in loads
    return cls(**kw).decode(s)
           ^^^^^^^^^^^^^^^^^^^
  File "/home/tdh/.local/share/uv/python/cpython-3.11.15-linux-x86_64-gnu/lib/python3.11/json/decoder.py", line 337, in decode
    obj, end = self.raw_decode(s, idx=_w(s, 0).end())
               ^^^^^^^^^^^^^^^^^^^^^^^^^^^^^^^^^^^^^^
  File "/home/tdh/.local/share/uv/python/cpython-3.11.15-linux-x86_64-gnu/lib/python3.11/json/decoder.py", line 353, in raw_decode
    obj, end = self.scan_once(s, idx)
               ^^^^^^^^^^^^^^^^^^^^^^
json.decoder.JSONDecodeError: Expecting ',' delimiter: line 8 column 17 (char 752)
2026-09-07 21:20:35,153 INFO crawler.llm.fallback: Gọi LLM provider: vertex-ai
2026-09-07 21:20:35,153 INFO google_genai.models: AFC is enabled with max remote calls: 10.
2026-09-07 21:20:35,561 INFO httpx: HTTP Request: POST https://us-central1-aiplatform.googleapis.com/v1beta1/projects/project-bf21b155-6b73-4230-8ef/locations/us-central1/publishers/google/models/gemini-2.5-flash:generateContent "HTTP/1.1 429 Too Many Requests"
2026-09-07 21:20:35,562 WARNING crawler.llm.vertex_provider: Vertex AI lỗi tạm thời (lần 1/6), đợi 2.4s rồi thử lại: 429 RESOURCE_EXHAUSTED. {'error': {'code': 429, 'message': 'Resource exhausted. Please try again later. Please refer to 
2026-09-07 21:20:36,092 INFO google_genai.models: AFC is enabled with max remote calls: 10.
2026-09-07 21:20:36,369 INFO google_genai.models: AFC is enabled with max remote calls: 10.
2026-09-07 21:20:36,407 INFO httpx: HTTP Request: POST https://us-central1-aiplatform.googleapis.com/v1beta1/projects/project-bf21b155-6b73-4230-8ef/locations/us-central1/publishers/google/models/gemini-2.5-flash:generateContent "HTTP/1.1 429 Too Many Requests"
2026-09-07 21:20:36,408 WARNING crawler.llm.vertex_provider: Vertex AI lỗi tạm thời (lần 3/6), đợi 8.1s rồi thử lại: 429 RESOURCE_EXHAUSTED. {'error': {'code': 429, 'message': 'Resource exhausted. Please try again later. Please refer to 
2026-09-07 21:20:36,790 INFO httpx: HTTP Request: POST https://us-central1-aiplatform.googleapis.com/v1beta1/projects/project-bf21b155-6b73-4230-8ef/locations/us-central1/publishers/google/models/gemini-2.5-flash:generateContent "HTTP/1.1 429 Too Many Requests"
2026-09-07 21:20:36,791 WARNING crawler.llm.vertex_provider: Vertex AI lỗi tạm thời (lần 3/6), đợi 8.3s rồi thử lại: 429 RESOURCE_EXHAUSTED. {'error': {'code': 429, 'message': 'Resource exhausted. Please try again later. Please refer to 
2026-09-07 21:20:37,722 INFO google_genai.models: AFC is enabled with max remote calls: 10.
2026-09-07 21:20:37,979 INFO google_genai.models: AFC is enabled with max remote calls: 10.
2026-09-07 21:20:38,037 INFO httpx: HTTP Request: POST https://us-central1-aiplatform.googleapis.com/v1beta1/projects/project-bf21b155-6b73-4230-8ef/locations/us-central1/publishers/google/models/gemini-2.5-flash:generateContent "HTTP/1.1 429 Too Many Requests"
2026-09-07 21:20:38,041 WARNING crawler.llm.vertex_provider: Vertex AI lỗi tạm thời (lần 4/6), đợi 16.4s rồi thử lại: 429 RESOURCE_EXHAUSTED. {'error': {'code': 429, 'message': 'Resource exhausted. Please try again later. Please refer to 
2026-09-07 21:20:38,326 INFO httpx: HTTP Request: POST https://us-central1-aiplatform.googleapis.com/v1beta1/projects/project-bf21b155-6b73-4230-8ef/locations/us-central1/publishers/google/models/gemini-2.5-flash:generateContent "HTTP/1.1 429 Too Many Requests"
2026-09-07 21:20:38,327 WARNING crawler.llm.vertex_provider: Vertex AI lỗi tạm thời (lần 2/6), đợi 4.8s rồi thử lại: 429 RESOURCE_EXHAUSTED. {'error': {'code': 429, 'message': 'Resource exhausted. Please try again later. Please refer to 
2026-09-07 21:20:42,946 INFO crawler.fetch.stealth_fetch: Server phản ứng chậm/từ chối - giãn nhịp fetch lên 15.0s
2026-09-07 21:20:43,103 INFO google_genai.models: AFC is enabled with max remote calls: 10.
2026-09-07 21:20:43,386 INFO httpx: HTTP Request: POST https://us-central1-aiplatform.googleapis.com/v1beta1/projects/project-bf21b155-6b73-4230-8ef/locations/us-central1/publishers/google/models/gemini-2.5-flash:generateContent "HTTP/1.1 429 Too Many Requests"
2026-09-07 21:20:43,389 WARNING crawler.llm.vertex_provider: Vertex AI lỗi tạm thời (lần 3/6), đợi 9.0s rồi thử lại: 429 RESOURCE_EXHAUSTED. {'error': {'code': 429, 'message': 'Resource exhausted. Please try again later. Please refer to 
2026-09-07 21:20:44,473 INFO google_genai.models: AFC is enabled with max remote calls: 10.
2026-09-07 21:20:44,783 INFO httpx: HTTP Request: POST https://us-central1-aiplatform.googleapis.com/v1beta1/projects/project-bf21b155-6b73-4230-8ef/locations/us-central1/publishers/google/models/gemini-2.5-flash:generateContent "HTTP/1.1 429 Too Many Requests"
2026-09-07 21:20:44,787 WARNING crawler.llm.vertex_provider: Vertex AI lỗi tạm thời (lần 4/6), đợi 16.6s rồi thử lại: 429 RESOURCE_EXHAUSTED. {'error': {'code': 429, 'message': 'Resource exhausted. Please try again later. Please refer to 
2026-09-07 21:20:45,050 INFO google_genai.models: AFC is enabled with max remote calls: 10.
2026-09-07 21:20:45,354 INFO httpx: HTTP Request: POST https://us-central1-aiplatform.googleapis.com/v1beta1/projects/project-bf21b155-6b73-4230-8ef/locations/us-central1/publishers/google/models/gemini-2.5-flash:generateContent "HTTP/1.1 429 Too Many Requests"
2026-09-07 21:20:45,360 WARNING crawler.llm.vertex_provider: Vertex AI lỗi tạm thời (lần 4/6), đợi 16.3s rồi thử lại: 429 RESOURCE_EXHAUSTED. {'error': {'code': 429, 'message': 'Resource exhausted. Please try again later. Please refer to 
2026-09-07 21:20:52,357 INFO google_genai.models: AFC is enabled with max remote calls: 10.
2026-09-07 21:20:53,686 INFO httpx: HTTP Request: POST https://us-central1-aiplatform.googleapis.com/v1beta1/projects/project-bf21b155-6b73-4230-8ef/locations/us-central1/publishers/google/models/gemini-2.5-flash:generateContent "HTTP/1.1 429 Too Many Requests"
2026-09-07 21:20:53,687 WARNING crawler.llm.vertex_provider: Vertex AI lỗi tạm thời (lần 4/6), đợi 16.3s rồi thử lại: 429 RESOURCE_EXHAUSTED. {'error': {'code': 429, 'message': 'Resource exhausted. Please try again later. Please refer to 
2026-09-07 21:20:54,459 INFO google_genai.models: AFC is enabled with max remote calls: 10.
2026-09-07 21:20:54,915 INFO httpx: HTTP Request: POST https://us-central1-aiplatform.googleapis.com/v1beta1/projects/project-bf21b155-6b73-4230-8ef/locations/us-central1/publishers/google/models/gemini-2.5-flash:generateContent "HTTP/1.1 429 Too Many Requests"
2026-09-07 21:20:54,916 WARNING crawler.llm.vertex_provider: Vertex AI lỗi tạm thời (lần 5/6), đợi 32.3s rồi thử lại: 429 RESOURCE_EXHAUSTED. {'error': {'code': 429, 'message': 'Resource exhausted. Please try again later. Please refer to 
2026-09-07 21:21:01,382 INFO google_genai.models: AFC is enabled with max remote calls: 10.
2026-09-07 21:21:01,627 INFO google_genai.models: AFC is enabled with max remote calls: 10.
2026-09-07 21:21:03,464 INFO httpx: HTTP Request: POST https://us-central1-aiplatform.googleapis.com/v1beta1/projects/project-bf21b155-6b73-4230-8ef/locations/us-central1/publishers/google/models/gemini-2.5-flash:generateContent "HTTP/1.1 200 OK"
2026-09-07 21:21:03,661 INFO crawler.llm.fallback: Gọi LLM provider: vertex-ai
2026-09-07 21:21:03,661 INFO google_genai.models: AFC is enabled with max remote calls: 10.
2026-09-07 21:21:05,024 INFO httpx: HTTP Request: POST https://us-central1-aiplatform.googleapis.com/v1beta1/projects/project-bf21b155-6b73-4230-8ef/locations/us-central1/publishers/google/models/gemini-2.5-flash:generateContent "HTTP/1.1 200 OK"
2026-09-07 21:21:05,098 ERROR extruct._extruct: Failed to extract json-ld, raises Expecting ',' delimiter: line 8 column 17 (char 753)
Traceback (most recent call last):
  File "/home/tdh/Intern/rivals_crawl/.venv/lib/python3.11/site-packages/extruct/jsonld.py", line 39, in _extract_items
    data = json.loads(script, strict=False)
           ^^^^^^^^^^^^^^^^^^^^^^^^^^^^^^^^
  File "/home/tdh/.local/share/uv/python/cpython-3.11.15-linux-x86_64-gnu/lib/python3.11/json/__init__.py", line 359, in loads
    return cls(**kw).decode(s)
           ^^^^^^^^^^^^^^^^^^^
  File "/home/tdh/.local/share/uv/python/cpython-3.11.15-linux-x86_64-gnu/lib/python3.11/json/decoder.py", line 337, in decode
    obj, end = self.raw_decode(s, idx=_w(s, 0).end())
               ^^^^^^^^^^^^^^^^^^^^^^^^^^^^^^^^^^^^^^
  File "/home/tdh/.local/share/uv/python/cpython-3.11.15-linux-x86_64-gnu/lib/python3.11/json/decoder.py", line 353, in raw_decode
    obj, end = self.scan_once(s, idx)
               ^^^^^^^^^^^^^^^^^^^^^^
json.decoder.JSONDecodeError: Expecting ',' delimiter: line 8 column 17 (char 753)

During handling of the above exception, another exception occurred:

Traceback (most recent call last):
  File "/home/tdh/Intern/rivals_crawl/.venv/lib/python3.11/site-packages/extruct/_extruct.py", line 131, in extract
    output[syntax] = list(extract(document, base_url=base_url))
                          ^^^^^^^^^^^^^^^^^^^^^^^^^^^^^^^^^^^^
  File "/home/tdh/Intern/rivals_crawl/.venv/lib/python3.11/site-packages/extruct/jsonld.py", line 27, in extract_items
    return [
           ^
  File "/home/tdh/Intern/rivals_crawl/.venv/lib/python3.11/site-packages/extruct/jsonld.py", line 27, in <listcomp>
    return [
           ^
  File "/home/tdh/Intern/rivals_crawl/.venv/lib/python3.11/site-packages/extruct/jsonld.py", line 42, in _extract_items
    data = jstyleson.loads(HTML_OR_JS_COMMENTLINE.sub("", script), strict=False)
           ^^^^^^^^^^^^^^^^^^^^^^^^^^^^^^^^^^^^^^^^^^^^^^^^^^^^^^^^^^^^^^^^^^^^^
  File "/home/tdh/Intern/rivals_crawl/.venv/lib/python3.11/site-packages/jstyleson.py", line 123, in loads
    return json.loads(dispose(text), **kwargs)
           ^^^^^^^^^^^^^^^^^^^^^^^^^^^^^^^^^^^
  File "/home/tdh/.local/share/uv/python/cpython-3.11.15-linux-x86_64-gnu/lib/python3.11/json/__init__.py", line 359, in loads
    return cls(**kw).decode(s)
           ^^^^^^^^^^^^^^^^^^^
  File "/home/tdh/.local/share/uv/python/cpython-3.11.15-linux-x86_64-gnu/lib/python3.11/json/decoder.py", line 337, in decode
    obj, end = self.raw_decode(s, idx=_w(s, 0).end())
               ^^^^^^^^^^^^^^^^^^^^^^^^^^^^^^^^^^^^^^
  File "/home/tdh/.local/share/uv/python/cpython-3.11.15-linux-x86_64-gnu/lib/python3.11/json/decoder.py", line 353, in raw_decode
    obj, end = self.scan_once(s, idx)
               ^^^^^^^^^^^^^^^^^^^^^^
json.decoder.JSONDecodeError: Expecting ',' delimiter: line 8 column 17 (char 753)
2026-09-07 21:21:05,155 INFO crawler.llm.fallback: Gọi LLM provider: vertex-ai
2026-09-07 21:21:05,155 INFO google_genai.models: AFC is enabled with max remote calls: 10.
2026-09-07 21:21:07,338 INFO httpx: HTTP Request: POST https://us-central1-aiplatform.googleapis.com/v1beta1/projects/project-bf21b155-6b73-4230-8ef/locations/us-central1/publishers/google/models/gemini-2.5-flash:generateContent "HTTP/1.1 200 OK"
2026-09-07 21:21:07,400 ERROR extruct._extruct: Failed to extract json-ld, raises Expecting ',' delimiter: line 8 column 17 (char 753)
Traceback (most recent call last):
  File "/home/tdh/Intern/rivals_crawl/.venv/lib/python3.11/site-packages/extruct/jsonld.py", line 39, in _extract_items
    data = json.loads(script, strict=False)
           ^^^^^^^^^^^^^^^^^^^^^^^^^^^^^^^^
  File "/home/tdh/.local/share/uv/python/cpython-3.11.15-linux-x86_64-gnu/lib/python3.11/json/__init__.py", line 359, in loads
    return cls(**kw).decode(s)
           ^^^^^^^^^^^^^^^^^^^
  File "/home/tdh/.local/share/uv/python/cpython-3.11.15-linux-x86_64-gnu/lib/python3.11/json/decoder.py", line 337, in decode
    obj, end = self.raw_decode(s, idx=_w(s, 0).end())
               ^^^^^^^^^^^^^^^^^^^^^^^^^^^^^^^^^^^^^^
  File "/home/tdh/.local/share/uv/python/cpython-3.11.15-linux-x86_64-gnu/lib/python3.11/json/decoder.py", line 353, in raw_decode
    obj, end = self.scan_once(s, idx)
               ^^^^^^^^^^^^^^^^^^^^^^
json.decoder.JSONDecodeError: Expecting ',' delimiter: line 8 column 17 (char 753)

During handling of the above exception, another exception occurred:

Traceback (most recent call last):
  File "/home/tdh/Intern/rivals_crawl/.venv/lib/python3.11/site-packages/extruct/_extruct.py", line 131, in extract
    output[syntax] = list(extract(document, base_url=base_url))
                          ^^^^^^^^^^^^^^^^^^^^^^^^^^^^^^^^^^^^
  File "/home/tdh/Intern/rivals_crawl/.venv/lib/python3.11/site-packages/extruct/jsonld.py", line 27, in extract_items
    return [
           ^
  File "/home/tdh/Intern/rivals_crawl/.venv/lib/python3.11/site-packages/extruct/jsonld.py", line 27, in <listcomp>
    return [
           ^
  File "/home/tdh/Intern/rivals_crawl/.venv/lib/python3.11/site-packages/extruct/jsonld.py", line 42, in _extract_items
    data = jstyleson.loads(HTML_OR_JS_COMMENTLINE.sub("", script), strict=False)
           ^^^^^^^^^^^^^^^^^^^^^^^^^^^^^^^^^^^^^^^^^^^^^^^^^^^^^^^^^^^^^^^^^^^^^
  File "/home/tdh/Intern/rivals_crawl/.venv/lib/python3.11/site-packages/jstyleson.py", line 123, in loads
    return json.loads(dispose(text), **kwargs)
           ^^^^^^^^^^^^^^^^^^^^^^^^^^^^^^^^^^^
  File "/home/tdh/.local/share/uv/python/cpython-3.11.15-linux-x86_64-gnu/lib/python3.11/json/__init__.py", line 359, in loads
    return cls(**kw).decode(s)
           ^^^^^^^^^^^^^^^^^^^
  File "/home/tdh/.local/share/uv/python/cpython-3.11.15-linux-x86_64-gnu/lib/python3.11/json/decoder.py", line 337, in decode
    obj, end = self.raw_decode(s, idx=_w(s, 0).end())
               ^^^^^^^^^^^^^^^^^^^^^^^^^^^^^^^^^^^^^^
  File "/home/tdh/.local/share/uv/python/cpython-3.11.15-linux-x86_64-gnu/lib/python3.11/json/decoder.py", line 353, in raw_decode
    obj, end = self.scan_once(s, idx)
               ^^^^^^^^^^^^^^^^^^^^^^
json.decoder.JSONDecodeError: Expecting ',' delimiter: line 8 column 17 (char 753)
2026-09-07 21:21:07,455 INFO crawler.llm.fallback: Gọi LLM provider: vertex-ai
2026-09-07 21:21:07,456 INFO google_genai.models: AFC is enabled with max remote calls: 10.
2026-09-07 21:21:08,744 INFO httpx: HTTP Request: POST https://us-central1-aiplatform.googleapis.com/v1beta1/projects/project-bf21b155-6b73-4230-8ef/locations/us-central1/publishers/google/models/gemini-2.5-flash:generateContent "HTTP/1.1 200 OK"
2026-09-07 21:21:08,904 INFO crawler.llm.fallback: Gọi LLM provider: vertex-ai
2026-09-07 21:21:08,904 INFO google_genai.models: AFC is enabled with max remote calls: 10.
2026-09-07 21:21:09,945 INFO google_genai.models: AFC is enabled with max remote calls: 10.
2026-09-07 21:21:10,266 INFO httpx: HTTP Request: POST https://us-central1-aiplatform.googleapis.com/v1beta1/projects/project-bf21b155-6b73-4230-8ef/locations/us-central1/publishers/google/models/gemini-2.5-flash:generateContent "HTTP/1.1 200 OK"
2026-09-07 21:21:10,368 ERROR extruct._extruct: Failed to extract json-ld, raises Expecting ',' delimiter: line 8 column 17 (char 752)
Traceback (most recent call last):
  File "/home/tdh/Intern/rivals_crawl/.venv/lib/python3.11/site-packages/extruct/jsonld.py", line 39, in _extract_items
    data = json.loads(script, strict=False)
           ^^^^^^^^^^^^^^^^^^^^^^^^^^^^^^^^
  File "/home/tdh/.local/share/uv/python/cpython-3.11.15-linux-x86_64-gnu/lib/python3.11/json/__init__.py", line 359, in loads
    return cls(**kw).decode(s)
           ^^^^^^^^^^^^^^^^^^^
  File "/home/tdh/.local/share/uv/python/cpython-3.11.15-linux-x86_64-gnu/lib/python3.11/json/decoder.py", line 337, in decode
    obj, end = self.raw_decode(s, idx=_w(s, 0).end())
               ^^^^^^^^^^^^^^^^^^^^^^^^^^^^^^^^^^^^^^
  File "/home/tdh/.local/share/uv/python/cpython-3.11.15-linux-x86_64-gnu/lib/python3.11/json/decoder.py", line 353, in raw_decode
    obj, end = self.scan_once(s, idx)
               ^^^^^^^^^^^^^^^^^^^^^^
json.decoder.JSONDecodeError: Expecting ',' delimiter: line 8 column 17 (char 752)

During handling of the above exception, another exception occurred:

Traceback (most recent call last):
  File "/home/tdh/Intern/rivals_crawl/.venv/lib/python3.11/site-packages/extruct/_extruct.py", line 131, in extract
    output[syntax] = list(extract(document, base_url=base_url))
                          ^^^^^^^^^^^^^^^^^^^^^^^^^^^^^^^^^^^^
  File "/home/tdh/Intern/rivals_crawl/.venv/lib/python3.11/site-packages/extruct/jsonld.py", line 27, in extract_items
    return [
           ^
  File "/home/tdh/Intern/rivals_crawl/.venv/lib/python3.11/site-packages/extruct/jsonld.py", line 27, in <listcomp>
    return [
           ^
  File "/home/tdh/Intern/rivals_crawl/.venv/lib/python3.11/site-packages/extruct/jsonld.py", line 42, in _extract_items
    data = jstyleson.loads(HTML_OR_JS_COMMENTLINE.sub("", script), strict=False)
           ^^^^^^^^^^^^^^^^^^^^^^^^^^^^^^^^^^^^^^^^^^^^^^^^^^^^^^^^^^^^^^^^^^^^^
  File "/home/tdh/Intern/rivals_crawl/.venv/lib/python3.11/site-packages/jstyleson.py", line 123, in loads
    return json.loads(dispose(text), **kwargs)
           ^^^^^^^^^^^^^^^^^^^^^^^^^^^^^^^^^^^
  File "/home/tdh/.local/share/uv/python/cpython-3.11.15-linux-x86_64-gnu/lib/python3.11/json/__init__.py", line 359, in loads
    return cls(**kw).decode(s)
           ^^^^^^^^^^^^^^^^^^^
  File "/home/tdh/.local/share/uv/python/cpython-3.11.15-linux-x86_64-gnu/lib/python3.11/json/decoder.py", line 337, in decode
    obj, end = self.raw_decode(s, idx=_w(s, 0).end())
               ^^^^^^^^^^^^^^^^^^^^^^^^^^^^^^^^^^^^^^
  File "/home/tdh/.local/share/uv/python/cpython-3.11.15-linux-x86_64-gnu/lib/python3.11/json/decoder.py", line 353, in raw_decode
    obj, end = self.scan_once(s, idx)
               ^^^^^^^^^^^^^^^^^^^^^^
json.decoder.JSONDecodeError: Expecting ',' delimiter: line 8 column 17 (char 752)
2026-09-07 21:21:10,427 INFO crawler.llm.fallback: Gọi LLM provider: vertex-ai
2026-09-07 21:21:10,427 INFO google_genai.models: AFC is enabled with max remote calls: 10.
2026-09-07 21:21:11,188 INFO httpx: HTTP Request: POST https://us-central1-aiplatform.googleapis.com/v1beta1/projects/project-bf21b155-6b73-4230-8ef/locations/us-central1/publishers/google/models/gemini-2.5-flash:generateContent "HTTP/1.1 429 Too Many Requests"
2026-09-07 21:21:11,189 WARNING crawler.llm.vertex_provider: Vertex AI lỗi tạm thời (lần 5/6), đợi 32.5s rồi thử lại: 429 RESOURCE_EXHAUSTED. {'error': {'code': 429, 'message': 'Resource exhausted. Please try again later. Please refer to 
2026-09-07 21:21:11,748 INFO httpx: HTTP Request: POST https://us-central1-aiplatform.googleapis.com/v1beta1/projects/project-bf21b155-6b73-4230-8ef/locations/us-central1/publishers/google/models/gemini-2.5-flash:generateContent "HTTP/1.1 200 OK"
2026-09-07 21:21:11,810 ERROR extruct._extruct: Failed to extract json-ld, raises Expecting ',' delimiter: line 8 column 17 (char 752)
Traceback (most recent call last):
  File "/home/tdh/Intern/rivals_crawl/.venv/lib/python3.11/site-packages/extruct/jsonld.py", line 39, in _extract_items
    data = json.loads(script, strict=False)
           ^^^^^^^^^^^^^^^^^^^^^^^^^^^^^^^^
  File "/home/tdh/.local/share/uv/python/cpython-3.11.15-linux-x86_64-gnu/lib/python3.11/json/__init__.py", line 359, in loads
    return cls(**kw).decode(s)
           ^^^^^^^^^^^^^^^^^^^
  File "/home/tdh/.local/share/uv/python/cpython-3.11.15-linux-x86_64-gnu/lib/python3.11/json/decoder.py", line 337, in decode
    obj, end = self.raw_decode(s, idx=_w(s, 0).end())
               ^^^^^^^^^^^^^^^^^^^^^^^^^^^^^^^^^^^^^^
  File "/home/tdh/.local/share/uv/python/cpython-3.11.15-linux-x86_64-gnu/lib/python3.11/json/decoder.py", line 353, in raw_decode
    obj, end = self.scan_once(s, idx)
               ^^^^^^^^^^^^^^^^^^^^^^
json.decoder.JSONDecodeError: Expecting ',' delimiter: line 8 column 17 (char 752)

During handling of the above exception, another exception occurred:

Traceback (most recent call last):
  File "/home/tdh/Intern/rivals_crawl/.venv/lib/python3.11/site-packages/extruct/_extruct.py", line 131, in extract
    output[syntax] = list(extract(document, base_url=base_url))
                          ^^^^^^^^^^^^^^^^^^^^^^^^^^^^^^^^^^^^
  File "/home/tdh/Intern/rivals_crawl/.venv/lib/python3.11/site-packages/extruct/jsonld.py", line 27, in extract_items
    return [
           ^
  File "/home/tdh/Intern/rivals_crawl/.venv/lib/python3.11/site-packages/extruct/jsonld.py", line 27, in <listcomp>
    return [
           ^
  File "/home/tdh/Intern/rivals_crawl/.venv/lib/python3.11/site-packages/extruct/jsonld.py", line 42, in _extract_items
    data = jstyleson.loads(HTML_OR_JS_COMMENTLINE.sub("", script), strict=False)
           ^^^^^^^^^^^^^^^^^^^^^^^^^^^^^^^^^^^^^^^^^^^^^^^^^^^^^^^^^^^^^^^^^^^^^
  File "/home/tdh/Intern/rivals_crawl/.venv/lib/python3.11/site-packages/jstyleson.py", line 123, in loads
    return json.loads(dispose(text), **kwargs)
           ^^^^^^^^^^^^^^^^^^^^^^^^^^^^^^^^^^^
  File "/home/tdh/.local/share/uv/python/cpython-3.11.15-linux-x86_64-gnu/lib/python3.11/json/__init__.py", line 359, in loads
    return cls(**kw).decode(s)
           ^^^^^^^^^^^^^^^^^^^
  File "/home/tdh/.local/share/uv/python/cpython-3.11.15-linux-x86_64-gnu/lib/python3.11/json/decoder.py", line 337, in decode
    obj, end = self.raw_decode(s, idx=_w(s, 0).end())
               ^^^^^^^^^^^^^^^^^^^^^^^^^^^^^^^^^^^^^^
  File "/home/tdh/.local/share/uv/python/cpython-3.11.15-linux-x86_64-gnu/lib/python3.11/json/decoder.py", line 353, in raw_decode
    obj, end = self.scan_once(s, idx)
               ^^^^^^^^^^^^^^^^^^^^^^
json.decoder.JSONDecodeError: Expecting ',' delimiter: line 8 column 17 (char 752)
2026-09-07 21:21:11,891 INFO crawler.llm.fallback: Gọi LLM provider: vertex-ai
2026-09-07 21:21:11,891 INFO google_genai.models: AFC is enabled with max remote calls: 10.
2026-09-07 21:21:12,186 INFO httpx: HTTP Request: POST https://us-central1-aiplatform.googleapis.com/v1beta1/projects/project-bf21b155-6b73-4230-8ef/locations/us-central1/publishers/google/models/gemini-2.5-flash:generateContent "HTTP/1.1 429 Too Many Requests"
2026-09-07 21:21:12,191 WARNING crawler.llm.vertex_provider: Vertex AI lỗi tạm thời (lần 1/6), đợi 2.4s rồi thử lại: 429 RESOURCE_EXHAUSTED. {'error': {'code': 429, 'message': 'Resource exhausted. Please try again later. Please refer to 
2026-09-07 21:21:14,624 INFO google_genai.models: AFC is enabled with max remote calls: 10.
2026-09-07 21:21:14,932 INFO httpx: HTTP Request: POST https://us-central1-aiplatform.googleapis.com/v1beta1/projects/project-bf21b155-6b73-4230-8ef/locations/us-central1/publishers/google/models/gemini-2.5-flash:generateContent "HTTP/1.1 429 Too Many Requests"
2026-09-07 21:21:14,934 WARNING crawler.llm.vertex_provider: Vertex AI lỗi tạm thời (lần 2/6), đợi 4.4s rồi thử lại: 429 RESOURCE_EXHAUSTED. {'error': {'code': 429, 'message': 'Resource exhausted. Please try again later. Please refer to 
2026-09-07 21:21:19,286 INFO httpx: HTTP Request: POST https://us-central1-aiplatform.googleapis.com/v1beta1/projects/project-bf21b155-6b73-4230-8ef/locations/us-central1/publishers/google/models/gemini-2.5-flash:generateContent "HTTP/1.1 200 OK"
2026-09-07 21:21:19,372 INFO google_genai.models: AFC is enabled with max remote calls: 10.
2026-09-07 21:21:19,392 INFO crawler.llm.fallback: Gọi LLM provider: vertex-ai
2026-09-07 21:21:19,392 INFO google_genai.models: AFC is enabled with max remote calls: 10.
2026-09-07 21:21:19,696 INFO httpx: HTTP Request: POST https://us-central1-aiplatform.googleapis.com/v1beta1/projects/project-bf21b155-6b73-4230-8ef/locations/us-central1/publishers/google/models/gemini-2.5-flash:generateContent "HTTP/1.1 429 Too Many Requests"
2026-09-07 21:21:19,698 INFO httpx: HTTP Request: POST https://us-central1-aiplatform.googleapis.com/v1beta1/projects/project-bf21b155-6b73-4230-8ef/locations/us-central1/publishers/google/models/gemini-2.5-flash:generateContent "HTTP/1.1 429 Too Many Requests"
2026-09-07 21:21:19,699 WARNING crawler.llm.vertex_provider: Vertex AI lỗi tạm thời (lần 1/6), đợi 2.5s rồi thử lại: 429 RESOURCE_EXHAUSTED. {'error': {'code': 429, 'message': 'Resource exhausted. Please try again later. Please refer to 
2026-09-07 21:21:19,699 WARNING crawler.llm.vertex_provider: Vertex AI lỗi tạm thời (lần 3/6), đợi 8.2s rồi thử lại: 429 RESOURCE_EXHAUSTED. {'error': {'code': 429, 'message': 'Resource exhausted. Please try again later. Please refer to 
2026-09-07 21:21:22,221 INFO google_genai.models: AFC is enabled with max remote calls: 10.
2026-09-07 21:21:22,522 INFO httpx: HTTP Request: POST https://us-central1-aiplatform.googleapis.com/v1beta1/projects/project-bf21b155-6b73-4230-8ef/locations/us-central1/publishers/google/models/gemini-2.5-flash:generateContent "HTTP/1.1 429 Too Many Requests"
2026-09-07 21:21:22,526 WARNING crawler.llm.vertex_provider: Vertex AI lỗi tạm thời (lần 2/6), đợi 4.3s rồi thử lại: 429 RESOURCE_EXHAUSTED. {'error': {'code': 429, 'message': 'Resource exhausted. Please try again later. Please refer to 
2026-09-07 21:21:26,829 INFO google_genai.models: AFC is enabled with max remote calls: 10.
2026-09-07 21:21:27,128 INFO httpx: HTTP Request: POST https://us-central1-aiplatform.googleapis.com/v1beta1/projects/project-bf21b155-6b73-4230-8ef/locations/us-central1/publishers/google/models/gemini-2.5-flash:generateContent "HTTP/1.1 429 Too Many Requests"
2026-09-07 21:21:27,131 WARNING crawler.llm.vertex_provider: Vertex AI lỗi tạm thời (lần 3/6), đợi 8.1s rồi thử lại: 429 RESOURCE_EXHAUSTED. {'error': {'code': 429, 'message': 'Resource exhausted. Please try again later. Please refer to 
2026-09-07 21:21:27,212 INFO google_genai.models: AFC is enabled with max remote calls: 10.
2026-09-07 21:21:27,512 INFO httpx: HTTP Request: POST https://us-central1-aiplatform.googleapis.com/v1beta1/projects/project-bf21b155-6b73-4230-8ef/locations/us-central1/publishers/google/models/gemini-2.5-flash:generateContent "HTTP/1.1 429 Too Many Requests"
2026-09-07 21:21:27,517 WARNING crawler.llm.fallback: Provider vertex-ai thất bại (Vertex AI lỗi: 429 RESOURCE_EXHAUSTED. {'error': {'code': 429, 'message': 'Resource exhausted. Please try again later. Please refer to https://cloud.google.com/vertex-ai/generative-ai/docs/error-code-429 for more details.', 'status': 'RESOURCE_EXHAUSTED'}}), chuyển sang provider tiếp theo
2026-09-07 21:21:27,517 INFO crawler.llm.fallback: Gọi LLM provider: deepseek
2026-09-07 21:21:27,870 INFO google_genai.models: AFC is enabled with max remote calls: 10.
2026-09-07 21:21:28,093 INFO httpx2: HTTP Request: POST https://api.deepseek.com/chat/completions "HTTP/1.1 402 Payment Required"
2026-09-07 21:21:28,094 WARNING crawler.llm.fallback: Provider deepseek thất bại (DeepSeek lỗi: Error code: 402 - {'error': {'message': 'Insufficient Balance', 'type': 'unknown_error', 'param': None, 'code': 'invalid_request_error'}}), chuyển sang provider tiếp theo
2026-09-07 21:21:28,095 WARNING crawler.pipeline: Tầng 2 (LLM) thất bại cho https://duhal.com.vn/den-cong-nghiep-choa-son-tinh-dien-1x18w-dtj118: Tất cả LLM provider đều thất bại: DeepSeek lỗi: Error code: 402 - {'error': {'message': 'Insufficient Balance', 'type': 'unknown_error', 'param': None, 'code': 'invalid_request_error'}}
2026-09-07 21:21:28,172 INFO httpx: HTTP Request: POST https://us-central1-aiplatform.googleapis.com/v1beta1/projects/project-bf21b155-6b73-4230-8ef/locations/us-central1/publishers/google/models/gemini-2.5-flash:generateContent "HTTP/1.1 429 Too Many Requests"
2026-09-07 21:21:28,349 WARNING crawler.llm.vertex_provider: Vertex AI lỗi tạm thời (lần 4/6), đợi 16.4s rồi thử lại: 429 RESOURCE_EXHAUSTED. {'error': {'code': 429, 'message': 'Resource exhausted. Please try again later. Please refer to 
2026-09-07 21:21:28,373 INFO crawler.llm.fallback: Gọi LLM provider: vertex-ai
2026-09-07 21:21:28,373 INFO google_genai.models: AFC is enabled with max remote calls: 10.
2026-09-07 21:21:28,708 INFO httpx: HTTP Request: POST https://us-central1-aiplatform.googleapis.com/v1beta1/projects/project-bf21b155-6b73-4230-8ef/locations/us-central1/publishers/google/models/gemini-2.5-flash:generateContent "HTTP/1.1 429 Too Many Requests"
2026-09-07 21:21:28,709 WARNING crawler.llm.vertex_provider: Vertex AI lỗi tạm thời (lần 1/6), đợi 2.1s rồi thử lại: 429 RESOURCE_EXHAUSTED. {'error': {'code': 429, 'message': 'Resource exhausted. Please try again later. Please refer to 
2026-09-07 21:21:30,852 INFO google_genai.models: AFC is enabled with max remote calls: 10.
2026-09-07 21:21:31,166 INFO httpx: HTTP Request: POST https://us-central1-aiplatform.googleapis.com/v1beta1/projects/project-bf21b155-6b73-4230-8ef/locations/us-central1/publishers/google/models/gemini-2.5-flash:generateContent "HTTP/1.1 429 Too Many Requests"
2026-09-07 21:21:31,167 WARNING crawler.llm.vertex_provider: Vertex AI lỗi tạm thời (lần 2/6), đợi 5.0s rồi thử lại: 429 RESOURCE_EXHAUSTED. {'error': {'code': 429, 'message': 'Resource exhausted. Please try again later. Please refer to 
2026-09-07 21:21:35,197 INFO google_genai.models: AFC is enabled with max remote calls: 10.
2026-09-07 21:21:35,494 INFO httpx: HTTP Request: POST https://us-central1-aiplatform.googleapis.com/v1beta1/projects/project-bf21b155-6b73-4230-8ef/locations/us-central1/publishers/google/models/gemini-2.5-flash:generateContent "HTTP/1.1 429 Too Many Requests"
2026-09-07 21:21:35,499 WARNING crawler.llm.vertex_provider: Vertex AI lỗi tạm thời (lần 4/6), đợi 16.2s rồi thử lại: 429 RESOURCE_EXHAUSTED. {'error': {'code': 429, 'message': 'Resource exhausted. Please try again later. Please refer to 
2026-09-07 21:21:36,157 INFO google_genai.models: AFC is enabled with max remote calls: 10.
2026-09-07 21:21:36,490 INFO httpx: HTTP Request: POST https://us-central1-aiplatform.googleapis.com/v1beta1/projects/project-bf21b155-6b73-4230-8ef/locations/us-central1/publishers/google/models/gemini-2.5-flash:generateContent "HTTP/1.1 429 Too Many Requests"
2026-09-07 21:21:36,492 WARNING crawler.llm.vertex_provider: Vertex AI lỗi tạm thời (lần 3/6), đợi 8.4s rồi thử lại: 429 RESOURCE_EXHAUSTED. {'error': {'code': 429, 'message': 'Resource exhausted. Please try again later. Please refer to 
2026-09-07 21:21:43,663 INFO google_genai.models: AFC is enabled with max remote calls: 10.
2026-09-07 21:21:44,472 INFO crawler.fetch.stealth_fetch: Server phản ứng chậm/từ chối - giãn nhịp fetch lên 1.0s
2026-09-07 21:21:44,770 INFO google_genai.models: AFC is enabled with max remote calls: 10.
2026-09-07 21:21:44,891 INFO httpx: HTTP Request: POST https://us-central1-aiplatform.googleapis.com/v1beta1/projects/project-bf21b155-6b73-4230-8ef/locations/us-central1/publishers/google/models/gemini-2.5-flash:generateContent "HTTP/1.1 429 Too Many Requests"
2026-09-07 21:21:44,896 WARNING crawler.llm.fallback: Provider vertex-ai thất bại (Vertex AI lỗi: 429 RESOURCE_EXHAUSTED. {'error': {'code': 429, 'message': 'Resource exhausted. Please try again later. Please refer to https://cloud.google.com/vertex-ai/generative-ai/docs/error-code-429 for more details.', 'status': 'RESOURCE_EXHAUSTED'}}), chuyển sang provider tiếp theo
2026-09-07 21:21:44,896 INFO crawler.llm.fallback: Gọi LLM provider: deepseek
2026-09-07 21:21:44,921 INFO google_genai.models: AFC is enabled with max remote calls: 10.
2026-09-07 21:21:45,297 INFO httpx: HTTP Request: POST https://us-central1-aiplatform.googleapis.com/v1beta1/projects/project-bf21b155-6b73-4230-8ef/locations/us-central1/publishers/google/models/gemini-2.5-flash:generateContent "HTTP/1.1 429 Too Many Requests"
2026-09-07 21:21:45,298 WARNING crawler.llm.vertex_provider: Vertex AI lỗi tạm thời (lần 4/6), đợi 16.6s rồi thử lại: 429 RESOURCE_EXHAUSTED. {'error': {'code': 429, 'message': 'Resource exhausted. Please try again later. Please refer to 
2026-09-07 21:21:45,359 INFO httpx2: HTTP Request: POST https://api.deepseek.com/chat/completions "HTTP/1.1 402 Payment Required"
2026-09-07 21:21:45,361 WARNING crawler.llm.fallback: Provider deepseek thất bại (DeepSeek lỗi: Error code: 402 - {'error': {'message': 'Insufficient Balance', 'type': 'unknown_error', 'param': None, 'code': 'invalid_request_error'}}), chuyển sang provider tiếp theo
2026-09-07 21:21:45,361 WARNING crawler.pipeline: Tầng 2 (LLM) thất bại cho https://duhal.com.vn/den-cong-nghiep-choa-son-tinh-dien-1x9w-lth109: Tất cả LLM provider đều thất bại: DeepSeek lỗi: Error code: 402 - {'error': {'message': 'Insufficient Balance', 'type': 'unknown_error', 'param': None, 'code': 'invalid_request_error'}}
2026-09-07 21:21:45,463 INFO crawler.llm.fallback: Gọi LLM provider: vertex-ai
2026-09-07 21:21:45,463 INFO google_genai.models: AFC is enabled with max remote calls: 10.
2026-09-07 21:21:46,035 INFO httpx: HTTP Request: POST https://us-central1-aiplatform.googleapis.com/v1beta1/projects/project-bf21b155-6b73-4230-8ef/locations/us-central1/publishers/google/models/gemini-2.5-flash:generateContent "HTTP/1.1 429 Too Many Requests"
2026-09-07 21:21:46,036 WARNING crawler.llm.vertex_provider: Vertex AI lỗi tạm thời (lần 5/6), đợi 32.8s rồi thử lại: 429 RESOURCE_EXHAUSTED. {'error': {'code': 429, 'message': 'Resource exhausted. Please try again later. Please refer to 
2026-09-07 21:21:46,075 INFO httpx: HTTP Request: POST https://us-central1-aiplatform.googleapis.com/v1beta1/projects/project-bf21b155-6b73-4230-8ef/locations/us-central1/publishers/google/models/gemini-2.5-flash:generateContent "HTTP/1.1 429 Too Many Requests"
2026-09-07 21:21:46,077 WARNING crawler.llm.vertex_provider: Vertex AI lỗi tạm thời (lần 1/6), đợi 2.9s rồi thử lại: 429 RESOURCE_EXHAUSTED. {'error': {'code': 429, 'message': 'Resource exhausted. Please try again later. Please refer to 
2026-09-07 21:21:48,998 INFO google_genai.models: AFC is enabled with max remote calls: 10.
2026-09-07 21:21:49,298 INFO httpx: HTTP Request: POST https://us-central1-aiplatform.googleapis.com/v1beta1/projects/project-bf21b155-6b73-4230-8ef/locations/us-central1/publishers/google/models/gemini-2.5-flash:generateContent "HTTP/1.1 429 Too Many Requests"
2026-09-07 21:21:49,299 WARNING crawler.llm.vertex_provider: Vertex AI lỗi tạm thời (lần 2/6), đợi 4.6s rồi thử lại: 429 RESOURCE_EXHAUSTED. {'error': {'code': 429, 'message': 'Resource exhausted. Please try again later. Please refer to 
2026-09-07 21:21:51,738 INFO google_genai.models: AFC is enabled with max remote calls: 10.
2026-09-07 21:21:52,049 INFO httpx: HTTP Request: POST https://us-central1-aiplatform.googleapis.com/v1beta1/projects/project-bf21b155-6b73-4230-8ef/locations/us-central1/publishers/google/models/gemini-2.5-flash:generateContent "HTTP/1.1 429 Too Many Requests"
2026-09-07 21:21:52,051 WARNING crawler.llm.vertex_provider: Vertex AI lỗi tạm thời (lần 5/6), đợi 33.0s rồi thử lại: 429 RESOURCE_EXHAUSTED. {'error': {'code': 429, 'message': 'Resource exhausted. Please try again later. Please refer to 
2026-09-07 21:21:53,935 INFO google_genai.models: AFC is enabled with max remote calls: 10.
2026-09-07 21:21:54,231 INFO httpx: HTTP Request: POST https://us-central1-aiplatform.googleapis.com/v1beta1/projects/project-bf21b155-6b73-4230-8ef/locations/us-central1/publishers/google/models/gemini-2.5-flash:generateContent "HTTP/1.1 429 Too Many Requests"
2026-09-07 21:21:54,236 WARNING crawler.llm.vertex_provider: Vertex AI lỗi tạm thời (lần 3/6), đợi 8.7s rồi thử lại: 429 RESOURCE_EXHAUSTED. {'error': {'code': 429, 'message': 'Resource exhausted. Please try again later. Please refer to 
2026-09-07 21:21:57,996 INFO crawler.fetch.stealth_fetch: https://duhal.com.vn/den-downlight-am-tran-co-kieng-nam-ngang-7w-lgd213 -> 429, retry lan 1
2026-09-07 21:21:57,997 INFO crawler.fetch.stealth_fetch: Server phản ứng chậm/từ chối - giãn nhịp fetch lên 1.0s
2026-09-07 21:21:59,827 INFO crawler.fetch.stealth_fetch: https://duhal.com.vn/den-downlight-am-tran-co-kieng-nam-ngang-7w-lgd213 -> 429, retry lan 2
2026-09-07 21:21:59,827 INFO crawler.fetch.stealth_fetch: Server phản ứng chậm/từ chối - giãn nhịp fetch lên 2.0s
2026-09-07 21:22:01,943 INFO google_genai.models: AFC is enabled with max remote calls: 10.
2026-09-07 21:22:02,898 INFO google_genai.models: AFC is enabled with max remote calls: 10.
2026-09-07 21:22:03,226 INFO httpx: HTTP Request: POST https://us-central1-aiplatform.googleapis.com/v1beta1/projects/project-bf21b155-6b73-4230-8ef/locations/us-central1/publishers/google/models/gemini-2.5-flash:generateContent "HTTP/1.1 429 Too Many Requests"
2026-09-07 21:22:03,231 WARNING crawler.llm.vertex_provider: Vertex AI lỗi tạm thời (lần 5/6), đợi 32.5s rồi thử lại: 429 RESOURCE_EXHAUSTED. {'error': {'code': 429, 'message': 'Resource exhausted. Please try again later. Please refer to 
2026-09-07 21:22:03,354 INFO httpx: HTTP Request: POST https://us-central1-aiplatform.googleapis.com/v1beta1/projects/project-bf21b155-6b73-4230-8ef/locations/us-central1/publishers/google/models/gemini-2.5-flash:generateContent "HTTP/1.1 429 Too Many Requests"
2026-09-07 21:22:03,355 WARNING crawler.llm.vertex_provider: Vertex AI lỗi tạm thời (lần 4/6), đợi 16.7s rồi thử lại: 429 RESOURCE_EXHAUSTED. {'error': {'code': 429, 'message': 'Resource exhausted. Please try again later. Please refer to 
2026-09-07 21:22:05,136 INFO crawler.fetch.stealth_fetch: https://duhal.com.vn/den-downlight-am-tran-co-kieng-nam-ngang-9w-lgd218 -> 429, retry lan 1
2026-09-07 21:22:05,136 INFO crawler.fetch.stealth_fetch: Server phản ứng chậm/từ chối - giãn nhịp fetch lên 4.0s
2026-09-07 21:22:18,844 INFO google_genai.models: AFC is enabled with max remote calls: 10.
2026-09-07 21:22:20,097 INFO google_genai.models: AFC is enabled with max remote calls: 10.
2026-09-07 21:22:20,136 INFO httpx: HTTP Request: POST https://us-central1-aiplatform.googleapis.com/v1beta1/projects/project-bf21b155-6b73-4230-8ef/locations/us-central1/publishers/google/models/gemini-2.5-flash:generateContent "HTTP/1.1 429 Too Many Requests"
2026-09-07 21:22:20,137 WARNING crawler.llm.fallback: Provider vertex-ai thất bại (Vertex AI lỗi: 429 RESOURCE_EXHAUSTED. {'error': {'code': 429, 'message': 'Resource exhausted. Please try again later. Please refer to https://cloud.google.com/vertex-ai/generative-ai/docs/error-code-429 for more details.', 'status': 'RESOURCE_EXHAUSTED'}}), chuyển sang provider tiếp theo
2026-09-07 21:22:20,137 INFO crawler.llm.fallback: Gọi LLM provider: deepseek
2026-09-07 21:22:20,695 INFO httpx2: HTTP Request: POST https://api.deepseek.com/chat/completions "HTTP/1.1 402 Payment Required"
2026-09-07 21:22:20,696 WARNING crawler.llm.fallback: Provider deepseek thất bại (DeepSeek lỗi: Error code: 402 - {'error': {'message': 'Insufficient Balance', 'type': 'unknown_error', 'param': None, 'code': 'invalid_request_error'}}), chuyển sang provider tiếp theo
2026-09-07 21:22:20,696 WARNING crawler.pipeline: Tầng 2 (LLM) thất bại cho https://duhal.com.vn/den-cong-nghiep-choa-son-tinh-dien-2x9w-lth209: Tất cả LLM provider đều thất bại: DeepSeek lỗi: Error code: 402 - {'error': {'message': 'Insufficient Balance', 'type': 'unknown_error', 'param': None, 'code': 'invalid_request_error'}}
2026-09-07 21:22:20,744 WARNING crawler.pipeline: Fetch thất bại cho https://duhal.com.vn/den-cong-nghiep-chu-v-1x9w-ddk109: None
2026-09-07 21:22:20,744 WARNING crawler.pipeline: Fetch thất bại cho https://duhal.com.vn/den-cong-nghiep-chu-v-1x9w-ltk109: None
2026-09-07 21:22:20,799 INFO crawler.llm.fallback: Gọi LLM provider: vertex-ai
2026-09-07 21:22:20,800 INFO google_genai.models: AFC is enabled with max remote calls: 10.
2026-09-07 21:22:21,241 INFO httpx: HTTP Request: POST https://us-central1-aiplatform.googleapis.com/v1beta1/projects/project-bf21b155-6b73-4230-8ef/locations/us-central1/publishers/google/models/gemini-2.5-flash:generateContent "HTTP/1.1 429 Too Many Requests"
2026-09-07 21:22:21,242 WARNING crawler.llm.vertex_provider: Vertex AI lỗi tạm thời (lần 1/6), đợi 2.4s rồi thử lại: 429 RESOURCE_EXHAUSTED. {'error': {'code': 429, 'message': 'Resource exhausted. Please try again later. Please refer to 
2026-09-07 21:22:22,571 INFO httpx: HTTP Request: POST https://us-central1-aiplatform.googleapis.com/v1beta1/projects/project-bf21b155-6b73-4230-8ef/locations/us-central1/publishers/google/models/gemini-2.5-flash:generateContent "HTTP/1.1 200 OK"
2026-09-07 21:22:22,706 INFO crawler.llm.fallback: Gọi LLM provider: vertex-ai
2026-09-07 21:22:22,707 INFO google_genai.models: AFC is enabled with max remote calls: 10.
2026-09-07 21:22:23,083 INFO httpx: HTTP Request: POST https://us-central1-aiplatform.googleapis.com/v1beta1/projects/project-bf21b155-6b73-4230-8ef/locations/us-central1/publishers/google/models/gemini-2.5-flash:generateContent "HTTP/1.1 429 Too Many Requests"
2026-09-07 21:22:23,084 WARNING crawler.llm.vertex_provider: Vertex AI lỗi tạm thời (lần 1/6), đợi 2.2s rồi thử lại: 429 RESOURCE_EXHAUSTED. {'error': {'code': 429, 'message': 'Resource exhausted. Please try again later. Please refer to 
2026-09-07 21:22:23,628 INFO google_genai.models: AFC is enabled with max remote calls: 10.
2026-09-07 21:22:23,958 INFO httpx: HTTP Request: POST https://us-central1-aiplatform.googleapis.com/v1beta1/projects/project-bf21b155-6b73-4230-8ef/locations/us-central1/publishers/google/models/gemini-2.5-flash:generateContent "HTTP/1.1 429 Too Many Requests"
2026-09-07 21:22:23,960 WARNING crawler.llm.vertex_provider: Vertex AI lỗi tạm thời (lần 2/6), đợi 4.6s rồi thử lại: 429 RESOURCE_EXHAUSTED. {'error': {'code': 429, 'message': 'Resource exhausted. Please try again later. Please refer to 
2026-09-07 21:22:25,026 INFO google_genai.models: AFC is enabled with max remote calls: 10.
2026-09-07 21:22:25,307 INFO google_genai.models: AFC is enabled with max remote calls: 10.
2026-09-07 21:22:25,360 INFO httpx: HTTP Request: POST https://us-central1-aiplatform.googleapis.com/v1beta1/projects/project-bf21b155-6b73-4230-8ef/locations/us-central1/publishers/google/models/gemini-2.5-flash:generateContent "HTTP/1.1 429 Too Many Requests"
2026-09-07 21:22:25,361 WARNING crawler.llm.fallback: Provider vertex-ai thất bại (Vertex AI lỗi: 429 RESOURCE_EXHAUSTED. {'error': {'code': 429, 'message': 'Resource exhausted. Please try again later. Please refer to https://cloud.google.com/vertex-ai/generative-ai/docs/error-code-429 for more details.', 'status': 'RESOURCE_EXHAUSTED'}}), chuyển sang provider tiếp theo
2026-09-07 21:22:25,361 INFO crawler.llm.fallback: Gọi LLM provider: deepseek
2026-09-07 21:22:25,620 INFO httpx: HTTP Request: POST https://us-central1-aiplatform.googleapis.com/v1beta1/projects/project-bf21b155-6b73-4230-8ef/locations/us-central1/publishers/google/models/gemini-2.5-flash:generateContent "HTTP/1.1 429 Too Many Requests"
2026-09-07 21:22:25,625 WARNING crawler.llm.vertex_provider: Vertex AI lỗi tạm thời (lần 2/6), đợi 4.9s rồi thử lại: 429 RESOURCE_EXHAUSTED. {'error': {'code': 429, 'message': 'Resource exhausted. Please try again later. Please refer to 
2026-09-07 21:22:25,816 INFO httpx2: HTTP Request: POST https://api.deepseek.com/chat/completions "HTTP/1.1 402 Payment Required"
2026-09-07 21:22:25,817 WARNING crawler.llm.fallback: Provider deepseek thất bại (DeepSeek lỗi: Error code: 402 - {'error': {'message': 'Insufficient Balance', 'type': 'unknown_error', 'param': None, 'code': 'invalid_request_error'}}), chuyển sang provider tiếp theo
2026-09-07 21:22:25,818 WARNING crawler.pipeline: Tầng 2 (LLM) thất bại cho https://duhal.com.vn/den-cong-nghiep-choa-son-tinh-dien-2x9w-tth209: Tất cả LLM provider đều thất bại: DeepSeek lỗi: Error code: 402 - {'error': {'message': 'Insufficient Balance', 'type': 'unknown_error', 'param': None, 'code': 'invalid_request_error'}}
2026-09-07 21:22:25,975 INFO crawler.llm.fallback: Gọi LLM provider: vertex-ai
2026-09-07 21:22:25,976 INFO google_genai.models: AFC is enabled with max remote calls: 10.
2026-09-07 21:22:26,282 INFO httpx: HTTP Request: POST https://us-central1-aiplatform.googleapis.com/v1beta1/projects/project-bf21b155-6b73-4230-8ef/locations/us-central1/publishers/google/models/gemini-2.5-flash:generateContent "HTTP/1.1 429 Too Many Requests"
2026-09-07 21:22:26,287 WARNING crawler.llm.vertex_provider: Vertex AI lỗi tạm thời (lần 1/6), đợi 2.9s rồi thử lại: 429 RESOURCE_EXHAUSTED. {'error': {'code': 429, 'message': 'Resource exhausted. Please try again later. Please refer to 
2026-09-07 21:22:28,543 INFO google_genai.models: AFC is enabled with max remote calls: 10.
2026-09-07 21:22:28,850 INFO httpx: HTTP Request: POST https://us-central1-aiplatform.googleapis.com/v1beta1/projects/project-bf21b155-6b73-4230-8ef/locations/us-central1/publishers/google/models/gemini-2.5-flash:generateContent "HTTP/1.1 429 Too Many Requests"
2026-09-07 21:22:28,855 WARNING crawler.llm.vertex_provider: Vertex AI lỗi tạm thời (lần 3/6), đợi 8.1s rồi thử lại: 429 RESOURCE_EXHAUSTED. {'error': {'code': 429, 'message': 'Resource exhausted. Please try again later. Please refer to 
2026-09-07 21:22:29,193 INFO google_genai.models: AFC is enabled with max remote calls: 10.
2026-09-07 21:22:30,545 INFO google_genai.models: AFC is enabled with max remote calls: 10.
2026-09-07 21:22:30,962 INFO httpx: HTTP Request: POST https://us-central1-aiplatform.googleapis.com/v1beta1/projects/project-bf21b155-6b73-4230-8ef/locations/us-central1/publishers/google/models/gemini-2.5-flash:generateContent "HTTP/1.1 429 Too Many Requests"
2026-09-07 21:22:30,964 WARNING crawler.llm.vertex_provider: Vertex AI lỗi tạm thời (lần 3/6), đợi 8.6s rồi thử lại: 429 RESOURCE_EXHAUSTED. {'error': {'code': 429, 'message': 'Resource exhausted. Please try again later. Please refer to 
2026-09-07 21:22:32,197 INFO httpx: HTTP Request: POST https://us-central1-aiplatform.googleapis.com/v1beta1/projects/project-bf21b155-6b73-4230-8ef/locations/us-central1/publishers/google/models/gemini-2.5-flash:generateContent "HTTP/1.1 200 OK"
2026-09-07 21:22:32,296 INFO crawler.llm.fallback: Gọi LLM provider: vertex-ai
2026-09-07 21:22:32,297 INFO google_genai.models: AFC is enabled with max remote calls: 10.
2026-09-07 21:22:32,709 INFO httpx: HTTP Request: POST https://us-central1-aiplatform.googleapis.com/v1beta1/projects/project-bf21b155-6b73-4230-8ef/locations/us-central1/publishers/google/models/gemini-2.5-flash:generateContent "HTTP/1.1 429 Too Many Requests"
2026-09-07 21:22:32,711 WARNING crawler.llm.vertex_provider: Vertex AI lỗi tạm thời (lần 1/6), đợi 2.1s rồi thử lại: 429 RESOURCE_EXHAUSTED. {'error': {'code': 429, 'message': 'Resource exhausted. Please try again later. Please refer to 
2026-09-07 21:22:34,764 INFO google_genai.models: AFC is enabled with max remote calls: 10.
2026-09-07 21:22:35,124 INFO httpx: HTTP Request: POST https://us-central1-aiplatform.googleapis.com/v1beta1/projects/project-bf21b155-6b73-4230-8ef/locations/us-central1/publishers/google/models/gemini-2.5-flash:generateContent "HTTP/1.1 429 Too Many Requests"
2026-09-07 21:22:35,126 WARNING crawler.llm.vertex_provider: Vertex AI lỗi tạm thời (lần 2/6), đợi 4.7s rồi thử lại: 429 RESOURCE_EXHAUSTED. {'error': {'code': 429, 'message': 'Resource exhausted. Please try again later. Please refer to 
2026-09-07 21:22:35,684 INFO google_genai.models: AFC is enabled with max remote calls: 10.
2026-09-07 21:22:36,088 INFO httpx: HTTP Request: POST https://us-central1-aiplatform.googleapis.com/v1beta1/projects/project-bf21b155-6b73-4230-8ef/locations/us-central1/publishers/google/models/gemini-2.5-flash:generateContent "HTTP/1.1 429 Too Many Requests"
2026-09-07 21:22:36,090 WARNING crawler.llm.fallback: Provider vertex-ai thất bại (Vertex AI lỗi: 429 RESOURCE_EXHAUSTED. {'error': {'code': 429, 'message': 'Resource exhausted. Please try again later. Please refer to https://cloud.google.com/vertex-ai/generative-ai/docs/error-code-429 for more details.', 'status': 'RESOURCE_EXHAUSTED'}}), chuyển sang provider tiếp theo
2026-09-07 21:22:36,090 INFO crawler.llm.fallback: Gọi LLM provider: deepseek
2026-09-07 21:22:36,601 INFO httpx2: HTTP Request: POST https://api.deepseek.com/chat/completions "HTTP/1.1 402 Payment Required"
2026-09-07 21:22:36,602 WARNING crawler.llm.fallback: Provider deepseek thất bại (DeepSeek lỗi: Error code: 402 - {'error': {'message': 'Insufficient Balance', 'type': 'unknown_error', 'param': None, 'code': 'invalid_request_error'}}), chuyển sang provider tiếp theo
2026-09-07 21:22:36,602 WARNING crawler.pipeline: Tầng 2 (LLM) thất bại cho https://duhal.com.vn/den-cong-nghiep-chu-v-1x18w-ddk118: Tất cả LLM provider đều thất bại: DeepSeek lỗi: Error code: 402 - {'error': {'message': 'Insufficient Balance', 'type': 'unknown_error', 'param': None, 'code': 'invalid_request_error'}}
2026-09-07 21:22:36,704 INFO crawler.llm.fallback: Gọi LLM provider: vertex-ai
2026-09-07 21:22:36,704 INFO google_genai.models: AFC is enabled with max remote calls: 10.
2026-09-07 21:22:36,927 INFO google_genai.models: AFC is enabled with max remote calls: 10.
2026-09-07 21:22:37,062 INFO httpx: HTTP Request: POST https://us-central1-aiplatform.googleapis.com/v1beta1/projects/project-bf21b155-6b73-4230-8ef/locations/us-central1/publishers/google/models/gemini-2.5-flash:generateContent "HTTP/1.1 429 Too Many Requests"
2026-09-07 21:22:37,064 WARNING crawler.llm.vertex_provider: Vertex AI lỗi tạm thời (lần 1/6), đợi 2.9s rồi thử lại: 429 RESOURCE_EXHAUSTED. {'error': {'code': 429, 'message': 'Resource exhausted. Please try again later. Please refer to 
2026-09-07 21:22:38,167 INFO httpx: HTTP Request: POST https://us-central1-aiplatform.googleapis.com/v1beta1/projects/project-bf21b155-6b73-4230-8ef/locations/us-central1/publishers/google/models/gemini-2.5-flash:generateContent "HTTP/1.1 429 Too Many Requests"
2026-09-07 21:22:38,172 WARNING crawler.llm.vertex_provider: Vertex AI lỗi tạm thời (lần 4/6), đợi 16.5s rồi thử lại: 429 RESOURCE_EXHAUSTED. {'error': {'code': 429, 'message': 'Resource exhausted. Please try again later. Please refer to 
2026-09-07 21:22:39,586 INFO google_genai.models: AFC is enabled with max remote calls: 10.
2026-09-07 21:22:39,816 INFO google_genai.models: AFC is enabled with max remote calls: 10.
2026-09-07 21:22:39,953 INFO google_genai.models: AFC is enabled with max remote calls: 10.
2026-09-07 21:22:39,957 INFO httpx: HTTP Request: POST https://us-central1-aiplatform.googleapis.com/v1beta1/projects/project-bf21b155-6b73-4230-8ef/locations/us-central1/publishers/google/models/gemini-2.5-flash:generateContent "HTTP/1.1 429 Too Many Requests"
2026-09-07 21:22:39,958 WARNING crawler.llm.vertex_provider: Vertex AI lỗi tạm thời (lần 4/6), đợi 16.2s rồi thử lại: 429 RESOURCE_EXHAUSTED. {'error': {'code': 429, 'message': 'Resource exhausted. Please try again later. Please refer to 
2026-09-07 21:22:40,192 INFO httpx: HTTP Request: POST https://us-central1-aiplatform.googleapis.com/v1beta1/projects/project-bf21b155-6b73-4230-8ef/locations/us-central1/publishers/google/models/gemini-2.5-flash:generateContent "HTTP/1.1 429 Too Many Requests"
2026-09-07 21:22:40,197 WARNING crawler.llm.vertex_provider: Vertex AI lỗi tạm thời (lần 3/6), đợi 8.5s rồi thử lại: 429 RESOURCE_EXHAUSTED. {'error': {'code': 429, 'message': 'Resource exhausted. Please try again later. Please refer to 
2026-09-07 21:22:41,208 INFO httpx: HTTP Request: POST https://us-central1-aiplatform.googleapis.com/v1beta1/projects/project-bf21b155-6b73-4230-8ef/locations/us-central1/publishers/google/models/gemini-2.5-flash:generateContent "HTTP/1.1 429 Too Many Requests"
2026-09-07 21:22:41,210 WARNING crawler.llm.vertex_provider: Vertex AI lỗi tạm thời (lần 2/6), đợi 4.7s rồi thử lại: 429 RESOURCE_EXHAUSTED. {'error': {'code': 429, 'message': 'Resource exhausted. Please try again later. Please refer to 
2026-09-07 21:22:43,007 INFO crawler.fetch.stealth_fetch: Server phản ứng chậm/từ chối - giãn nhịp fetch lên 1.0s
2026-09-07 21:22:45,898 INFO google_genai.models: AFC is enabled with max remote calls: 10.
2026-09-07 21:22:46,242 INFO httpx: HTTP Request: POST https://us-central1-aiplatform.googleapis.com/v1beta1/projects/project-bf21b155-6b73-4230-8ef/locations/us-central1/publishers/google/models/gemini-2.5-flash:generateContent "HTTP/1.1 429 Too Many Requests"
2026-09-07 21:22:46,243 WARNING crawler.llm.vertex_provider: Vertex AI lỗi tạm thời (lần 3/6), đợi 9.0s rồi thử lại: 429 RESOURCE_EXHAUSTED. {'error': {'code': 429, 'message': 'Resource exhausted. Please try again later. Please refer to 
2026-09-07 21:22:48,699 INFO google_genai.models: AFC is enabled with max remote calls: 10.
2026-09-07 21:22:49,038 INFO httpx: HTTP Request: POST https://us-central1-aiplatform.googleapis.com/v1beta1/projects/project-bf21b155-6b73-4230-8ef/locations/us-central1/publishers/google/models/gemini-2.5-flash:generateContent "HTTP/1.1 429 Too Many Requests"
2026-09-07 21:22:49,039 WARNING crawler.llm.vertex_provider: Vertex AI lỗi tạm thời (lần 4/6), đợi 16.8s rồi thử lại: 429 RESOURCE_EXHAUSTED. {'error': {'code': 429, 'message': 'Resource exhausted. Please try again later. Please refer to 
2026-09-07 21:22:54,647 INFO google_genai.models: AFC is enabled with max remote calls: 10.
2026-09-07 21:22:55,219 INFO google_genai.models: AFC is enabled with max remote calls: 10.
2026-09-07 21:22:55,954 INFO httpx: HTTP Request: POST https://us-central1-aiplatform.googleapis.com/v1beta1/projects/project-bf21b155-6b73-4230-8ef/locations/us-central1/publishers/google/models/gemini-2.5-flash:generateContent "HTTP/1.1 429 Too Many Requests"
2026-09-07 21:22:55,956 WARNING crawler.llm.vertex_provider: Vertex AI lỗi tạm thời (lần 5/6), đợi 32.5s rồi thử lại: 429 RESOURCE_EXHAUSTED. {'error': {'code': 429, 'message': 'Resource exhausted. Please try again later. Please refer to 
2026-09-07 21:22:56,187 INFO google_genai.models: AFC is enabled with max remote calls: 10.
2026-09-07 21:22:56,569 INFO httpx: HTTP Request: POST https://us-central1-aiplatform.googleapis.com/v1beta1/projects/project-bf21b155-6b73-4230-8ef/locations/us-central1/publishers/google/models/gemini-2.5-flash:generateContent "HTTP/1.1 429 Too Many Requests"
2026-09-07 21:22:56,571 WARNING crawler.llm.vertex_provider: Vertex AI lỗi tạm thời (lần 5/6), đợi 32.7s rồi thử lại: 429 RESOURCE_EXHAUSTED. {'error': {'code': 429, 'message': 'Resource exhausted. Please try again later. Please refer to 
2026-09-07 21:22:58,105 INFO httpx: HTTP Request: POST https://us-central1-aiplatform.googleapis.com/v1beta1/projects/project-bf21b155-6b73-4230-8ef/locations/us-central1/publishers/google/models/gemini-2.5-flash:generateContent "HTTP/1.1 200 OK"
2026-09-07 21:22:58,212 INFO crawler.llm.fallback: Gọi LLM provider: vertex-ai
2026-09-07 21:22:58,212 INFO google_genai.models: AFC is enabled with max remote calls: 10.
2026-09-07 21:22:58,617 INFO httpx: HTTP Request: POST https://us-central1-aiplatform.googleapis.com/v1beta1/projects/project-bf21b155-6b73-4230-8ef/locations/us-central1/publishers/google/models/gemini-2.5-flash:generateContent "HTTP/1.1 429 Too Many Requests"
2026-09-07 21:22:58,618 WARNING crawler.llm.vertex_provider: Vertex AI lỗi tạm thời (lần 1/6), đợi 2.8s rồi thử lại: 429 RESOURCE_EXHAUSTED. {'error': {'code': 429, 'message': 'Resource exhausted. Please try again later. Please refer to 
2026-09-07 21:23:01,373 INFO google_genai.models: AFC is enabled with max remote calls: 10.
2026-09-07 21:23:02,799 INFO httpx: HTTP Request: POST https://us-central1-aiplatform.googleapis.com/v1beta1/projects/project-bf21b155-6b73-4230-8ef/locations/us-central1/publishers/google/models/gemini-2.5-flash:generateContent "HTTP/1.1 200 OK"
2026-09-07 21:23:02,908 INFO crawler.llm.fallback: Gọi LLM provider: vertex-ai
2026-09-07 21:23:02,908 INFO google_genai.models: AFC is enabled with max remote calls: 10.
2026-09-07 21:23:04,182 INFO httpx: HTTP Request: POST https://us-central1-aiplatform.googleapis.com/v1beta1/projects/project-bf21b155-6b73-4230-8ef/locations/us-central1/publishers/google/models/gemini-2.5-flash:generateContent "HTTP/1.1 200 OK"
2026-09-07 21:23:04,236 ERROR extruct._extruct: Failed to extract json-ld, raises Expecting ',' delimiter: line 7 column 74 (char 368)
Traceback (most recent call last):
  File "/home/tdh/Intern/rivals_crawl/.venv/lib/python3.11/site-packages/extruct/jsonld.py", line 39, in _extract_items
    data = json.loads(script, strict=False)
           ^^^^^^^^^^^^^^^^^^^^^^^^^^^^^^^^
  File "/home/tdh/.local/share/uv/python/cpython-3.11.15-linux-x86_64-gnu/lib/python3.11/json/__init__.py", line 359, in loads
    return cls(**kw).decode(s)
           ^^^^^^^^^^^^^^^^^^^
  File "/home/tdh/.local/share/uv/python/cpython-3.11.15-linux-x86_64-gnu/lib/python3.11/json/decoder.py", line 337, in decode
    obj, end = self.raw_decode(s, idx=_w(s, 0).end())
               ^^^^^^^^^^^^^^^^^^^^^^^^^^^^^^^^^^^^^^
  File "/home/tdh/.local/share/uv/python/cpython-3.11.15-linux-x86_64-gnu/lib/python3.11/json/decoder.py", line 353, in raw_decode
    obj, end = self.scan_once(s, idx)
               ^^^^^^^^^^^^^^^^^^^^^^
json.decoder.JSONDecodeError: Expecting ',' delimiter: line 7 column 74 (char 368)

During handling of the above exception, another exception occurred:

Traceback (most recent call last):
  File "/home/tdh/Intern/rivals_crawl/.venv/lib/python3.11/site-packages/extruct/_extruct.py", line 131, in extract
    output[syntax] = list(extract(document, base_url=base_url))
                          ^^^^^^^^^^^^^^^^^^^^^^^^^^^^^^^^^^^^
  File "/home/tdh/Intern/rivals_crawl/.venv/lib/python3.11/site-packages/extruct/jsonld.py", line 27, in extract_items
    return [
           ^
  File "/home/tdh/Intern/rivals_crawl/.venv/lib/python3.11/site-packages/extruct/jsonld.py", line 27, in <listcomp>
    return [
           ^
  File "/home/tdh/Intern/rivals_crawl/.venv/lib/python3.11/site-packages/extruct/jsonld.py", line 42, in _extract_items
    data = jstyleson.loads(HTML_OR_JS_COMMENTLINE.sub("", script), strict=False)
           ^^^^^^^^^^^^^^^^^^^^^^^^^^^^^^^^^^^^^^^^^^^^^^^^^^^^^^^^^^^^^^^^^^^^^
  File "/home/tdh/Intern/rivals_crawl/.venv/lib/python3.11/site-packages/jstyleson.py", line 123, in loads
    return json.loads(dispose(text), **kwargs)
           ^^^^^^^^^^^^^^^^^^^^^^^^^^^^^^^^^^^
  File "/home/tdh/.local/share/uv/python/cpython-3.11.15-linux-x86_64-gnu/lib/python3.11/json/__init__.py", line 359, in loads
    return cls(**kw).decode(s)
           ^^^^^^^^^^^^^^^^^^^
  File "/home/tdh/.local/share/uv/python/cpython-3.11.15-linux-x86_64-gnu/lib/python3.11/json/decoder.py", line 337, in decode
    obj, end = self.raw_decode(s, idx=_w(s, 0).end())
               ^^^^^^^^^^^^^^^^^^^^^^^^^^^^^^^^^^^^^^
  File "/home/tdh/.local/share/uv/python/cpython-3.11.15-linux-x86_64-gnu/lib/python3.11/json/decoder.py", line 353, in raw_decode
    obj, end = self.scan_once(s, idx)
               ^^^^^^^^^^^^^^^^^^^^^^
json.decoder.JSONDecodeError: Expecting ',' delimiter: line 7 column 74 (char 368)
2026-09-07 21:23:04,477 INFO crawler.llm.fallback: Gọi LLM provider: vertex-ai
2026-09-07 21:23:04,477 INFO google_genai.models: AFC is enabled with max remote calls: 10.
2026-09-07 21:23:05,859 INFO google_genai.models: AFC is enabled with max remote calls: 10.
2026-09-07 21:23:05,910 INFO httpx: HTTP Request: POST https://us-central1-aiplatform.googleapis.com/v1beta1/projects/project-bf21b155-6b73-4230-8ef/locations/us-central1/publishers/google/models/gemini-2.5-flash:generateContent "HTTP/1.1 200 OK"
2026-09-07 21:23:05,969 ERROR extruct._extruct: Failed to extract json-ld, raises Expecting ',' delimiter: line 7 column 74 (char 368)
Traceback (most recent call last):
  File "/home/tdh/Intern/rivals_crawl/.venv/lib/python3.11/site-packages/extruct/jsonld.py", line 39, in _extract_items
    data = json.loads(script, strict=False)
           ^^^^^^^^^^^^^^^^^^^^^^^^^^^^^^^^
  File "/home/tdh/.local/share/uv/python/cpython-3.11.15-linux-x86_64-gnu/lib/python3.11/json/__init__.py", line 359, in loads
    return cls(**kw).decode(s)
           ^^^^^^^^^^^^^^^^^^^
  File "/home/tdh/.local/share/uv/python/cpython-3.11.15-linux-x86_64-gnu/lib/python3.11/json/decoder.py", line 337, in decode
    obj, end = self.raw_decode(s, idx=_w(s, 0).end())
               ^^^^^^^^^^^^^^^^^^^^^^^^^^^^^^^^^^^^^^
  File "/home/tdh/.local/share/uv/python/cpython-3.11.15-linux-x86_64-gnu/lib/python3.11/json/decoder.py", line 353, in raw_decode
    obj, end = self.scan_once(s, idx)
               ^^^^^^^^^^^^^^^^^^^^^^
json.decoder.JSONDecodeError: Expecting ',' delimiter: line 7 column 74 (char 368)

During handling of the above exception, another exception occurred:

Traceback (most recent call last):
  File "/home/tdh/Intern/rivals_crawl/.venv/lib/python3.11/site-packages/extruct/_extruct.py", line 131, in extract
    output[syntax] = list(extract(document, base_url=base_url))
                          ^^^^^^^^^^^^^^^^^^^^^^^^^^^^^^^^^^^^
  File "/home/tdh/Intern/rivals_crawl/.venv/lib/python3.11/site-packages/extruct/jsonld.py", line 27, in extract_items
    return [
           ^
  File "/home/tdh/Intern/rivals_crawl/.venv/lib/python3.11/site-packages/extruct/jsonld.py", line 27, in <listcomp>
    return [
           ^
  File "/home/tdh/Intern/rivals_crawl/.venv/lib/python3.11/site-packages/extruct/jsonld.py", line 42, in _extract_items
    data = jstyleson.loads(HTML_OR_JS_COMMENTLINE.sub("", script), strict=False)
           ^^^^^^^^^^^^^^^^^^^^^^^^^^^^^^^^^^^^^^^^^^^^^^^^^^^^^^^^^^^^^^^^^^^^^
  File "/home/tdh/Intern/rivals_crawl/.venv/lib/python3.11/site-packages/jstyleson.py", line 123, in loads
    return json.loads(dispose(text), **kwargs)
           ^^^^^^^^^^^^^^^^^^^^^^^^^^^^^^^^^^^
  File "/home/tdh/.local/share/uv/python/cpython-3.11.15-linux-x86_64-gnu/lib/python3.11/json/__init__.py", line 359, in loads
    return cls(**kw).decode(s)
           ^^^^^^^^^^^^^^^^^^^
  File "/home/tdh/.local/share/uv/python/cpython-3.11.15-linux-x86_64-gnu/lib/python3.11/json/decoder.py", line 337, in decode
    obj, end = self.raw_decode(s, idx=_w(s, 0).end())
               ^^^^^^^^^^^^^^^^^^^^^^^^^^^^^^^^^^^^^^
  File "/home/tdh/.local/share/uv/python/cpython-3.11.15-linux-x86_64-gnu/lib/python3.11/json/decoder.py", line 353, in raw_decode
    obj, end = self.scan_once(s, idx)
               ^^^^^^^^^^^^^^^^^^^^^^
json.decoder.JSONDecodeError: Expecting ',' delimiter: line 7 column 74 (char 368)
2026-09-07 21:23:06,024 INFO crawler.llm.fallback: Gọi LLM provider: vertex-ai
2026-09-07 21:23:06,025 INFO google_genai.models: AFC is enabled with max remote calls: 10.
2026-09-07 21:23:07,557 INFO httpx: HTTP Request: POST https://us-central1-aiplatform.googleapis.com/v1beta1/projects/project-bf21b155-6b73-4230-8ef/locations/us-central1/publishers/google/models/gemini-2.5-flash:generateContent "HTTP/1.1 200 OK"
2026-09-07 21:23:07,613 ERROR extruct._extruct: Failed to extract json-ld, raises Expecting ',' delimiter: line 7 column 74 (char 368)
Traceback (most recent call last):
  File "/home/tdh/Intern/rivals_crawl/.venv/lib/python3.11/site-packages/extruct/jsonld.py", line 39, in _extract_items
    data = json.loads(script, strict=False)
           ^^^^^^^^^^^^^^^^^^^^^^^^^^^^^^^^
  File "/home/tdh/.local/share/uv/python/cpython-3.11.15-linux-x86_64-gnu/lib/python3.11/json/__init__.py", line 359, in loads
    return cls(**kw).decode(s)
           ^^^^^^^^^^^^^^^^^^^
  File "/home/tdh/.local/share/uv/python/cpython-3.11.15-linux-x86_64-gnu/lib/python3.11/json/decoder.py", line 337, in decode
    obj, end = self.raw_decode(s, idx=_w(s, 0).end())
               ^^^^^^^^^^^^^^^^^^^^^^^^^^^^^^^^^^^^^^
  File "/home/tdh/.local/share/uv/python/cpython-3.11.15-linux-x86_64-gnu/lib/python3.11/json/decoder.py", line 353, in raw_decode
    obj, end = self.scan_once(s, idx)
               ^^^^^^^^^^^^^^^^^^^^^^
json.decoder.JSONDecodeError: Expecting ',' delimiter: line 7 column 74 (char 368)

During handling of the above exception, another exception occurred:

Traceback (most recent call last):
  File "/home/tdh/Intern/rivals_crawl/.venv/lib/python3.11/site-packages/extruct/_extruct.py", line 131, in extract
    output[syntax] = list(extract(document, base_url=base_url))
                          ^^^^^^^^^^^^^^^^^^^^^^^^^^^^^^^^^^^^
  File "/home/tdh/Intern/rivals_crawl/.venv/lib/python3.11/site-packages/extruct/jsonld.py", line 27, in extract_items
    return [
           ^
  File "/home/tdh/Intern/rivals_crawl/.venv/lib/python3.11/site-packages/extruct/jsonld.py", line 27, in <listcomp>
    return [
           ^
  File "/home/tdh/Intern/rivals_crawl/.venv/lib/python3.11/site-packages/extruct/jsonld.py", line 42, in _extract_items
    data = jstyleson.loads(HTML_OR_JS_COMMENTLINE.sub("", script), strict=False)
           ^^^^^^^^^^^^^^^^^^^^^^^^^^^^^^^^^^^^^^^^^^^^^^^^^^^^^^^^^^^^^^^^^^^^^
  File "/home/tdh/Intern/rivals_crawl/.venv/lib/python3.11/site-packages/jstyleson.py", line 123, in loads
    return json.loads(dispose(text), **kwargs)
           ^^^^^^^^^^^^^^^^^^^^^^^^^^^^^^^^^^^
  File "/home/tdh/.local/share/uv/python/cpython-3.11.15-linux-x86_64-gnu/lib/python3.11/json/__init__.py", line 359, in loads
    return cls(**kw).decode(s)
           ^^^^^^^^^^^^^^^^^^^
  File "/home/tdh/.local/share/uv/python/cpython-3.11.15-linux-x86_64-gnu/lib/python3.11/json/decoder.py", line 337, in decode
    obj, end = self.raw_decode(s, idx=_w(s, 0).end())
               ^^^^^^^^^^^^^^^^^^^^^^^^^^^^^^^^^^^^^^
  File "/home/tdh/.local/share/uv/python/cpython-3.11.15-linux-x86_64-gnu/lib/python3.11/json/decoder.py", line 353, in raw_decode
    obj, end = self.scan_once(s, idx)
               ^^^^^^^^^^^^^^^^^^^^^^
json.decoder.JSONDecodeError: Expecting ',' delimiter: line 7 column 74 (char 368)
2026-09-07 21:23:07,669 INFO crawler.llm.fallback: Gọi LLM provider: vertex-ai
2026-09-07 21:23:07,669 INFO google_genai.models: AFC is enabled with max remote calls: 10.
2026-09-07 21:23:08,243 INFO httpx: HTTP Request: POST https://us-central1-aiplatform.googleapis.com/v1beta1/projects/project-bf21b155-6b73-4230-8ef/locations/us-central1/publishers/google/models/gemini-2.5-flash:generateContent "HTTP/1.1 200 OK"
2026-09-07 21:23:08,294 ERROR extruct._extruct: Failed to extract json-ld, raises Expecting ',' delimiter: line 7 column 74 (char 368)
Traceback (most recent call last):
  File "/home/tdh/Intern/rivals_crawl/.venv/lib/python3.11/site-packages/extruct/jsonld.py", line 39, in _extract_items
    data = json.loads(script, strict=False)
           ^^^^^^^^^^^^^^^^^^^^^^^^^^^^^^^^
  File "/home/tdh/.local/share/uv/python/cpython-3.11.15-linux-x86_64-gnu/lib/python3.11/json/__init__.py", line 359, in loads
    return cls(**kw).decode(s)
           ^^^^^^^^^^^^^^^^^^^
  File "/home/tdh/.local/share/uv/python/cpython-3.11.15-linux-x86_64-gnu/lib/python3.11/json/decoder.py", line 337, in decode
    obj, end = self.raw_decode(s, idx=_w(s, 0).end())
               ^^^^^^^^^^^^^^^^^^^^^^^^^^^^^^^^^^^^^^
  File "/home/tdh/.local/share/uv/python/cpython-3.11.15-linux-x86_64-gnu/lib/python3.11/json/decoder.py", line 353, in raw_decode
    obj, end = self.scan_once(s, idx)
               ^^^^^^^^^^^^^^^^^^^^^^
json.decoder.JSONDecodeError: Expecting ',' delimiter: line 7 column 74 (char 368)

During handling of the above exception, another exception occurred:

Traceback (most recent call last):
  File "/home/tdh/Intern/rivals_crawl/.venv/lib/python3.11/site-packages/extruct/_extruct.py", line 131, in extract
    output[syntax] = list(extract(document, base_url=base_url))
                          ^^^^^^^^^^^^^^^^^^^^^^^^^^^^^^^^^^^^
  File "/home/tdh/Intern/rivals_crawl/.venv/lib/python3.11/site-packages/extruct/jsonld.py", line 27, in extract_items
    return [
           ^
  File "/home/tdh/Intern/rivals_crawl/.venv/lib/python3.11/site-packages/extruct/jsonld.py", line 27, in <listcomp>
    return [
           ^
  File "/home/tdh/Intern/rivals_crawl/.venv/lib/python3.11/site-packages/extruct/jsonld.py", line 42, in _extract_items
    data = jstyleson.loads(HTML_OR_JS_COMMENTLINE.sub("", script), strict=False)
           ^^^^^^^^^^^^^^^^^^^^^^^^^^^^^^^^^^^^^^^^^^^^^^^^^^^^^^^^^^^^^^^^^^^^^
  File "/home/tdh/Intern/rivals_crawl/.venv/lib/python3.11/site-packages/jstyleson.py", line 123, in loads
    return json.loads(dispose(text), **kwargs)
           ^^^^^^^^^^^^^^^^^^^^^^^^^^^^^^^^^^^
  File "/home/tdh/.local/share/uv/python/cpython-3.11.15-linux-x86_64-gnu/lib/python3.11/json/__init__.py", line 359, in loads
    return cls(**kw).decode(s)
           ^^^^^^^^^^^^^^^^^^^
  File "/home/tdh/.local/share/uv/python/cpython-3.11.15-linux-x86_64-gnu/lib/python3.11/json/decoder.py", line 337, in decode
    obj, end = self.raw_decode(s, idx=_w(s, 0).end())
               ^^^^^^^^^^^^^^^^^^^^^^^^^^^^^^^^^^^^^^
  File "/home/tdh/.local/share/uv/python/cpython-3.11.15-linux-x86_64-gnu/lib/python3.11/json/decoder.py", line 353, in raw_decode
    obj, end = self.scan_once(s, idx)
               ^^^^^^^^^^^^^^^^^^^^^^
json.decoder.JSONDecodeError: Expecting ',' delimiter: line 7 column 74 (char 368)
2026-09-07 21:23:08,347 INFO crawler.llm.fallback: Gọi LLM provider: vertex-ai
2026-09-07 21:23:08,347 INFO google_genai.models: AFC is enabled with max remote calls: 10.
2026-09-07 21:23:09,983 INFO httpx: HTTP Request: POST https://us-central1-aiplatform.googleapis.com/v1beta1/projects/project-bf21b155-6b73-4230-8ef/locations/us-central1/publishers/google/models/gemini-2.5-flash:generateContent "HTTP/1.1 200 OK"
2026-09-07 21:23:10,038 ERROR extruct._extruct: Failed to extract json-ld, raises Expecting ',' delimiter: line 7 column 74 (char 367)
Traceback (most recent call last):
  File "/home/tdh/Intern/rivals_crawl/.venv/lib/python3.11/site-packages/extruct/jsonld.py", line 39, in _extract_items
    data = json.loads(script, strict=False)
           ^^^^^^^^^^^^^^^^^^^^^^^^^^^^^^^^
  File "/home/tdh/.local/share/uv/python/cpython-3.11.15-linux-x86_64-gnu/lib/python3.11/json/__init__.py", line 359, in loads
    return cls(**kw).decode(s)
           ^^^^^^^^^^^^^^^^^^^
  File "/home/tdh/.local/share/uv/python/cpython-3.11.15-linux-x86_64-gnu/lib/python3.11/json/decoder.py", line 337, in decode
    obj, end = self.raw_decode(s, idx=_w(s, 0).end())
               ^^^^^^^^^^^^^^^^^^^^^^^^^^^^^^^^^^^^^^
  File "/home/tdh/.local/share/uv/python/cpython-3.11.15-linux-x86_64-gnu/lib/python3.11/json/decoder.py", line 353, in raw_decode
    obj, end = self.scan_once(s, idx)
               ^^^^^^^^^^^^^^^^^^^^^^
json.decoder.JSONDecodeError: Expecting ',' delimiter: line 7 column 74 (char 367)

During handling of the above exception, another exception occurred:

Traceback (most recent call last):
  File "/home/tdh/Intern/rivals_crawl/.venv/lib/python3.11/site-packages/extruct/_extruct.py", line 131, in extract
    output[syntax] = list(extract(document, base_url=base_url))
                          ^^^^^^^^^^^^^^^^^^^^^^^^^^^^^^^^^^^^
  File "/home/tdh/Intern/rivals_crawl/.venv/lib/python3.11/site-packages/extruct/jsonld.py", line 27, in extract_items
    return [
           ^
  File "/home/tdh/Intern/rivals_crawl/.venv/lib/python3.11/site-packages/extruct/jsonld.py", line 27, in <listcomp>
    return [
           ^
  File "/home/tdh/Intern/rivals_crawl/.venv/lib/python3.11/site-packages/extruct/jsonld.py", line 42, in _extract_items
    data = jstyleson.loads(HTML_OR_JS_COMMENTLINE.sub("", script), strict=False)
           ^^^^^^^^^^^^^^^^^^^^^^^^^^^^^^^^^^^^^^^^^^^^^^^^^^^^^^^^^^^^^^^^^^^^^
  File "/home/tdh/Intern/rivals_crawl/.venv/lib/python3.11/site-packages/jstyleson.py", line 123, in loads
    return json.loads(dispose(text), **kwargs)
           ^^^^^^^^^^^^^^^^^^^^^^^^^^^^^^^^^^^
  File "/home/tdh/.local/share/uv/python/cpython-3.11.15-linux-x86_64-gnu/lib/python3.11/json/__init__.py", line 359, in loads
    return cls(**kw).decode(s)
           ^^^^^^^^^^^^^^^^^^^
  File "/home/tdh/.local/share/uv/python/cpython-3.11.15-linux-x86_64-gnu/lib/python3.11/json/decoder.py", line 337, in decode
    obj, end = self.raw_decode(s, idx=_w(s, 0).end())
               ^^^^^^^^^^^^^^^^^^^^^^^^^^^^^^^^^^^^^^
  File "/home/tdh/.local/share/uv/python/cpython-3.11.15-linux-x86_64-gnu/lib/python3.11/json/decoder.py", line 353, in raw_decode
    obj, end = self.scan_once(s, idx)
               ^^^^^^^^^^^^^^^^^^^^^^
json.decoder.JSONDecodeError: Expecting ',' delimiter: line 7 column 74 (char 367)
2026-09-07 21:23:10,094 INFO crawler.llm.fallback: Gọi LLM provider: vertex-ai
2026-09-07 21:23:10,094 INFO google_genai.models: AFC is enabled with max remote calls: 10.
2026-09-07 21:23:10,401 INFO httpx: HTTP Request: POST https://us-central1-aiplatform.googleapis.com/v1beta1/projects/project-bf21b155-6b73-4230-8ef/locations/us-central1/publishers/google/models/gemini-2.5-flash:generateContent "HTTP/1.1 429 Too Many Requests"
2026-09-07 21:23:10,403 WARNING crawler.llm.vertex_provider: Vertex AI lỗi tạm thời (lần 1/6), đợi 2.0s rồi thử lại: 429 RESOURCE_EXHAUSTED. {'error': {'code': 429, 'message': 'Resource exhausted. Please try again later. Please refer to 
2026-09-07 21:23:12,409 INFO google_genai.models: AFC is enabled with max remote calls: 10.
2026-09-07 21:23:13,783 INFO httpx: HTTP Request: POST https://us-central1-aiplatform.googleapis.com/v1beta1/projects/project-bf21b155-6b73-4230-8ef/locations/us-central1/publishers/google/models/gemini-2.5-flash:generateContent "HTTP/1.1 200 OK"
2026-09-07 21:23:13,839 ERROR extruct._extruct: Failed to extract json-ld, raises Expecting ',' delimiter: line 7 column 74 (char 367)
Traceback (most recent call last):
  File "/home/tdh/Intern/rivals_crawl/.venv/lib/python3.11/site-packages/extruct/jsonld.py", line 39, in _extract_items
    data = json.loads(script, strict=False)
           ^^^^^^^^^^^^^^^^^^^^^^^^^^^^^^^^
  File "/home/tdh/.local/share/uv/python/cpython-3.11.15-linux-x86_64-gnu/lib/python3.11/json/__init__.py", line 359, in loads
    return cls(**kw).decode(s)
           ^^^^^^^^^^^^^^^^^^^
  File "/home/tdh/.local/share/uv/python/cpython-3.11.15-linux-x86_64-gnu/lib/python3.11/json/decoder.py", line 337, in decode
    obj, end = self.raw_decode(s, idx=_w(s, 0).end())
               ^^^^^^^^^^^^^^^^^^^^^^^^^^^^^^^^^^^^^^
  File "/home/tdh/.local/share/uv/python/cpython-3.11.15-linux-x86_64-gnu/lib/python3.11/json/decoder.py", line 353, in raw_decode
    obj, end = self.scan_once(s, idx)
               ^^^^^^^^^^^^^^^^^^^^^^
json.decoder.JSONDecodeError: Expecting ',' delimiter: line 7 column 74 (char 367)

During handling of the above exception, another exception occurred:

Traceback (most recent call last):
  File "/home/tdh/Intern/rivals_crawl/.venv/lib/python3.11/site-packages/extruct/_extruct.py", line 131, in extract
    output[syntax] = list(extract(document, base_url=base_url))
                          ^^^^^^^^^^^^^^^^^^^^^^^^^^^^^^^^^^^^
  File "/home/tdh/Intern/rivals_crawl/.venv/lib/python3.11/site-packages/extruct/jsonld.py", line 27, in extract_items
    return [
           ^
  File "/home/tdh/Intern/rivals_crawl/.venv/lib/python3.11/site-packages/extruct/jsonld.py", line 27, in <listcomp>
    return [
           ^
  File "/home/tdh/Intern/rivals_crawl/.venv/lib/python3.11/site-packages/extruct/jsonld.py", line 42, in _extract_items
    data = jstyleson.loads(HTML_OR_JS_COMMENTLINE.sub("", script), strict=False)
           ^^^^^^^^^^^^^^^^^^^^^^^^^^^^^^^^^^^^^^^^^^^^^^^^^^^^^^^^^^^^^^^^^^^^^
  File "/home/tdh/Intern/rivals_crawl/.venv/lib/python3.11/site-packages/jstyleson.py", line 123, in loads
    return json.loads(dispose(text), **kwargs)
           ^^^^^^^^^^^^^^^^^^^^^^^^^^^^^^^^^^^
  File "/home/tdh/.local/share/uv/python/cpython-3.11.15-linux-x86_64-gnu/lib/python3.11/json/__init__.py", line 359, in loads
    return cls(**kw).decode(s)
           ^^^^^^^^^^^^^^^^^^^
  File "/home/tdh/.local/share/uv/python/cpython-3.11.15-linux-x86_64-gnu/lib/python3.11/json/decoder.py", line 337, in decode
    obj, end = self.raw_decode(s, idx=_w(s, 0).end())
               ^^^^^^^^^^^^^^^^^^^^^^^^^^^^^^^^^^^^^^
  File "/home/tdh/.local/share/uv/python/cpython-3.11.15-linux-x86_64-gnu/lib/python3.11/json/decoder.py", line 353, in raw_decode
    obj, end = self.scan_once(s, idx)
               ^^^^^^^^^^^^^^^^^^^^^^
json.decoder.JSONDecodeError: Expecting ',' delimiter: line 7 column 74 (char 367)
2026-09-07 21:23:13,891 INFO crawler.llm.fallback: Gọi LLM provider: vertex-ai
2026-09-07 21:23:13,891 INFO google_genai.models: AFC is enabled with max remote calls: 10.
2026-09-07 21:23:15,411 INFO httpx: HTTP Request: POST https://us-central1-aiplatform.googleapis.com/v1beta1/projects/project-bf21b155-6b73-4230-8ef/locations/us-central1/publishers/google/models/gemini-2.5-flash:generateContent "HTTP/1.1 200 OK"
2026-09-07 21:23:15,518 INFO crawler.llm.fallback: Gọi LLM provider: vertex-ai
2026-09-07 21:23:15,518 INFO google_genai.models: AFC is enabled with max remote calls: 10.
2026-09-07 21:23:15,819 INFO httpx: HTTP Request: POST https://us-central1-aiplatform.googleapis.com/v1beta1/projects/project-bf21b155-6b73-4230-8ef/locations/us-central1/publishers/google/models/gemini-2.5-flash:generateContent "HTTP/1.1 429 Too Many Requests"
2026-09-07 21:23:15,824 WARNING crawler.llm.vertex_provider: Vertex AI lỗi tạm thời (lần 1/6), đợi 2.3s rồi thử lại: 429 RESOURCE_EXHAUSTED. {'error': {'code': 429, 'message': 'Resource exhausted. Please try again later. Please refer to 
2026-09-07 21:23:16,025 INFO httpx: HTTP Request: POST https://us-central1-aiplatform.googleapis.com/v1beta1/projects/project-bf21b155-6b73-4230-8ef/locations/us-central1/publishers/google/models/gemini-2.5-flash:generateContent "HTTP/1.1 429 Too Many Requests"
2026-09-07 21:23:16,026 WARNING crawler.llm.vertex_provider: Vertex AI lỗi tạm thời (lần 1/6), đợi 2.8s rồi thử lại: 429 RESOURCE_EXHAUSTED. {'error': {'code': 429, 'message': 'Resource exhausted. Please try again later. Please refer to 
2026-09-07 21:23:18,147 INFO google_genai.models: AFC is enabled with max remote calls: 10.
2026-09-07 21:23:18,483 INFO httpx: HTTP Request: POST https://us-central1-aiplatform.googleapis.com/v1beta1/projects/project-bf21b155-6b73-4230-8ef/locations/us-central1/publishers/google/models/gemini-2.5-flash:generateContent "HTTP/1.1 429 Too Many Requests"
2026-09-07 21:23:18,485 WARNING crawler.llm.vertex_provider: Vertex AI lỗi tạm thời (lần 2/6), đợi 4.4s rồi thử lại: 429 RESOURCE_EXHAUSTED. {'error': {'code': 429, 'message': 'Resource exhausted. Please try again later. Please refer to 
2026-09-07 21:23:18,805 INFO google_genai.models: AFC is enabled with max remote calls: 10.
2026-09-07 21:23:19,220 INFO httpx: HTTP Request: POST https://us-central1-aiplatform.googleapis.com/v1beta1/projects/project-bf21b155-6b73-4230-8ef/locations/us-central1/publishers/google/models/gemini-2.5-flash:generateContent "HTTP/1.1 429 Too Many Requests"
2026-09-07 21:23:19,221 WARNING crawler.llm.vertex_provider: Vertex AI lỗi tạm thời (lần 2/6), đợi 4.1s rồi thử lại: 429 RESOURCE_EXHAUSTED. {'error': {'code': 429, 'message': 'Resource exhausted. Please try again later. Please refer to 
2026-09-07 21:23:22,861 INFO google_genai.models: AFC is enabled with max remote calls: 10.
2026-09-07 21:23:23,167 INFO httpx: HTTP Request: POST https://us-central1-aiplatform.googleapis.com/v1beta1/projects/project-bf21b155-6b73-4230-8ef/locations/us-central1/publishers/google/models/gemini-2.5-flash:generateContent "HTTP/1.1 429 Too Many Requests"
2026-09-07 21:23:23,170 WARNING crawler.llm.vertex_provider: Vertex AI lỗi tạm thời (lần 3/6), đợi 8.6s rồi thử lại: 429 RESOURCE_EXHAUSTED. {'error': {'code': 429, 'message': 'Resource exhausted. Please try again later. Please refer to 
2026-09-07 21:23:23,182 INFO crawler.fetch.stealth_fetch: Server phản ứng chậm/từ chối - giãn nhịp fetch lên 1.0s
2026-09-07 21:23:23,276 INFO google_genai.models: AFC is enabled with max remote calls: 10.
2026-09-07 21:23:23,603 INFO httpx: HTTP Request: POST https://us-central1-aiplatform.googleapis.com/v1beta1/projects/project-bf21b155-6b73-4230-8ef/locations/us-central1/publishers/google/models/gemini-2.5-flash:generateContent "HTTP/1.1 429 Too Many Requests"
2026-09-07 21:23:23,604 WARNING crawler.llm.vertex_provider: Vertex AI lỗi tạm thời (lần 3/6), đợi 8.2s rồi thử lại: 429 RESOURCE_EXHAUSTED. {'error': {'code': 429, 'message': 'Resource exhausted. Please try again later. Please refer to 
2026-09-07 21:23:28,499 INFO google_genai.models: AFC is enabled with max remote calls: 10.
2026-09-07 21:23:28,812 INFO httpx: HTTP Request: POST https://us-central1-aiplatform.googleapis.com/v1beta1/projects/project-bf21b155-6b73-4230-8ef/locations/us-central1/publishers/google/models/gemini-2.5-flash:generateContent "HTTP/1.1 429 Too Many Requests"
2026-09-07 21:23:28,816 WARNING crawler.llm.fallback: Provider vertex-ai thất bại (Vertex AI lỗi: 429 RESOURCE_EXHAUSTED. {'error': {'code': 429, 'message': 'Resource exhausted. Please try again later. Please refer to https://cloud.google.com/vertex-ai/generative-ai/docs/error-code-429 for more details.', 'status': 'RESOURCE_EXHAUSTED'}}), chuyển sang provider tiếp theo
2026-09-07 21:23:28,816 INFO crawler.llm.fallback: Gọi LLM provider: deepseek
2026-09-07 21:23:29,232 INFO google_genai.models: AFC is enabled with max remote calls: 10.
2026-09-07 21:23:29,283 INFO httpx2: HTTP Request: POST https://api.deepseek.com/chat/completions "HTTP/1.1 402 Payment Required"
2026-09-07 21:23:29,284 WARNING crawler.llm.fallback: Provider deepseek thất bại (DeepSeek lỗi: Error code: 402 - {'error': {'message': 'Insufficient Balance', 'type': 'unknown_error', 'param': None, 'code': 'invalid_request_error'}}), chuyển sang provider tiếp theo
2026-09-07 21:23:29,284 WARNING crawler.pipeline: Tầng 2 (LLM) thất bại cho https://duhal.com.vn/den-cong-nghiep-chu-v-2x18w-ddk218: Tất cả LLM provider đều thất bại: DeepSeek lỗi: Error code: 402 - {'error': {'message': 'Insufficient Balance', 'type': 'unknown_error', 'param': None, 'code': 'invalid_request_error'}}
2026-09-07 21:23:29,391 INFO crawler.llm.fallback: Gọi LLM provider: vertex-ai
2026-09-07 21:23:29,391 INFO google_genai.models: AFC is enabled with max remote calls: 10.
2026-09-07 21:23:29,533 INFO httpx: HTTP Request: POST https://us-central1-aiplatform.googleapis.com/v1beta1/projects/project-bf21b155-6b73-4230-8ef/locations/us-central1/publishers/google/models/gemini-2.5-flash:generateContent "HTTP/1.1 429 Too Many Requests"
2026-09-07 21:23:29,537 WARNING crawler.llm.fallback: Provider vertex-ai thất bại (Vertex AI lỗi: 429 RESOURCE_EXHAUSTED. {'error': {'code': 429, 'message': 'Resource exhausted. Please try again later. Please refer to https://cloud.google.com/vertex-ai/generative-ai/docs/error-code-429 for more details.', 'status': 'RESOURCE_EXHAUSTED'}}), chuyển sang provider tiếp theo
2026-09-07 21:23:29,538 INFO crawler.llm.fallback: Gọi LLM provider: deepseek
2026-09-07 21:23:29,990 INFO httpx2: HTTP Request: POST https://api.deepseek.com/chat/completions "HTTP/1.1 402 Payment Required"
2026-09-07 21:23:29,991 WARNING crawler.llm.fallback: Provider deepseek thất bại (DeepSeek lỗi: Error code: 402 - {'error': {'message': 'Insufficient Balance', 'type': 'unknown_error', 'param': None, 'code': 'invalid_request_error'}}), chuyển sang provider tiếp theo
2026-09-07 21:23:29,991 WARNING crawler.pipeline: Tầng 2 (LLM) thất bại cho https://duhal.com.vn/den-cong-nghiep-chu-v-2x18w-ltk218: Tất cả LLM provider đều thất bại: DeepSeek lỗi: Error code: 402 - {'error': {'message': 'Insufficient Balance', 'type': 'unknown_error', 'param': None, 'code': 'invalid_request_error'}}
2026-09-07 21:23:30,095 INFO crawler.llm.fallback: Gọi LLM provider: vertex-ai
2026-09-07 21:23:30,095 INFO google_genai.models: AFC is enabled with max remote calls: 10.
2026-09-07 21:23:30,392 INFO httpx: HTTP Request: POST https://us-central1-aiplatform.googleapis.com/v1beta1/projects/project-bf21b155-6b73-4230-8ef/locations/us-central1/publishers/google/models/gemini-2.5-flash:generateContent "HTTP/1.1 429 Too Many Requests"
2026-09-07 21:23:30,397 WARNING crawler.llm.vertex_provider: Vertex AI lỗi tạm thời (lần 1/6), đợi 2.2s rồi thử lại: 429 RESOURCE_EXHAUSTED. {'error': {'code': 429, 'message': 'Resource exhausted. Please try again later. Please refer to 
2026-09-07 21:23:30,632 INFO httpx: HTTP Request: POST https://us-central1-aiplatform.googleapis.com/v1beta1/projects/project-bf21b155-6b73-4230-8ef/locations/us-central1/publishers/google/models/gemini-2.5-flash:generateContent "HTTP/1.1 429 Too Many Requests"
2026-09-07 21:23:30,634 WARNING crawler.llm.vertex_provider: Vertex AI lỗi tạm thời (lần 1/6), đợi 3.0s rồi thử lại: 429 RESOURCE_EXHAUSTED. {'error': {'code': 429, 'message': 'Resource exhausted. Please try again later. Please refer to 
2026-09-07 21:23:31,820 INFO google_genai.models: AFC is enabled with max remote calls: 10.
2026-09-07 21:23:31,829 INFO google_genai.models: AFC is enabled with max remote calls: 10.
2026-09-07 21:23:32,140 INFO httpx: HTTP Request: POST https://us-central1-aiplatform.googleapis.com/v1beta1/projects/project-bf21b155-6b73-4230-8ef/locations/us-central1/publishers/google/models/gemini-2.5-flash:generateContent "HTTP/1.1 429 Too Many Requests"
2026-09-07 21:23:32,140 INFO httpx: HTTP Request: POST https://us-central1-aiplatform.googleapis.com/v1beta1/projects/project-bf21b155-6b73-4230-8ef/locations/us-central1/publishers/google/models/gemini-2.5-flash:generateContent "HTTP/1.1 429 Too Many Requests"
2026-09-07 21:23:32,144 WARNING crawler.llm.vertex_provider: Vertex AI lỗi tạm thời (lần 4/6), đợi 16.3s rồi thử lại: 429 RESOURCE_EXHAUSTED. {'error': {'code': 429, 'message': 'Resource exhausted. Please try again later. Please refer to 
2026-09-07 21:23:32,145 WARNING crawler.llm.vertex_provider: Vertex AI lỗi tạm thời (lần 4/6), đợi 16.4s rồi thử lại: 429 RESOURCE_EXHAUSTED. {'error': {'code': 429, 'message': 'Resource exhausted. Please try again later. Please refer to 
2026-09-07 21:23:32,574 INFO google_genai.models: AFC is enabled with max remote calls: 10.
2026-09-07 21:23:32,892 INFO httpx: HTTP Request: POST https://us-central1-aiplatform.googleapis.com/v1beta1/projects/project-bf21b155-6b73-4230-8ef/locations/us-central1/publishers/google/models/gemini-2.5-flash:generateContent "HTTP/1.1 429 Too Many Requests"
2026-09-07 21:23:32,897 WARNING crawler.llm.vertex_provider: Vertex AI lỗi tạm thời (lần 2/6), đợi 4.1s rồi thử lại: 429 RESOURCE_EXHAUSTED. {'error': {'code': 429, 'message': 'Resource exhausted. Please try again later. Please refer to 
2026-09-07 21:23:33,591 INFO google_genai.models: AFC is enabled with max remote calls: 10.
2026-09-07 21:23:33,945 INFO httpx: HTTP Request: POST https://us-central1-aiplatform.googleapis.com/v1beta1/projects/project-bf21b155-6b73-4230-8ef/locations/us-central1/publishers/google/models/gemini-2.5-flash:generateContent "HTTP/1.1 429 Too Many Requests"
2026-09-07 21:23:33,946 WARNING crawler.llm.vertex_provider: Vertex AI lỗi tạm thời (lần 2/6), đợi 4.1s rồi thử lại: 429 RESOURCE_EXHAUSTED. {'error': {'code': 429, 'message': 'Resource exhausted. Please try again later. Please refer to 
2026-09-07 21:23:36,977 INFO google_genai.models: AFC is enabled with max remote calls: 10.
2026-09-07 21:23:37,288 INFO httpx: HTTP Request: POST https://us-central1-aiplatform.googleapis.com/v1beta1/projects/project-bf21b155-6b73-4230-8ef/locations/us-central1/publishers/google/models/gemini-2.5-flash:generateContent "HTTP/1.1 429 Too Many Requests"
2026-09-07 21:23:37,293 WARNING crawler.llm.vertex_provider: Vertex AI lỗi tạm thời (lần 3/6), đợi 8.6s rồi thử lại: 429 RESOURCE_EXHAUSTED. {'error': {'code': 429, 'message': 'Resource exhausted. Please try again later. Please refer to 
2026-09-07 21:23:38,007 INFO google_genai.models: AFC is enabled with max remote calls: 10.
2026-09-07 21:23:38,314 INFO httpx: HTTP Request: POST https://us-central1-aiplatform.googleapis.com/v1beta1/projects/project-bf21b155-6b73-4230-8ef/locations/us-central1/publishers/google/models/gemini-2.5-flash:generateContent "HTTP/1.1 429 Too Many Requests"
2026-09-07 21:23:38,320 WARNING crawler.llm.vertex_provider: Vertex AI lỗi tạm thời (lần 3/6), đợi 8.7s rồi thử lại: 429 RESOURCE_EXHAUSTED. {'error': {'code': 429, 'message': 'Resource exhausted. Please try again later. Please refer to 
2026-09-07 21:23:45,846 INFO google_genai.models: AFC is enabled with max remote calls: 10.
2026-09-07 21:23:47,043 INFO google_genai.models: AFC is enabled with max remote calls: 10.
2026-09-07 21:23:47,105 INFO httpx: HTTP Request: POST https://us-central1-aiplatform.googleapis.com/v1beta1/projects/project-bf21b155-6b73-4230-8ef/locations/us-central1/publishers/google/models/gemini-2.5-flash:generateContent "HTTP/1.1 429 Too Many Requests"
2026-09-07 21:23:47,106 WARNING crawler.llm.vertex_provider: Vertex AI lỗi tạm thời (lần 4/6), đợi 16.5s rồi thử lại: 429 RESOURCE_EXHAUSTED. {'error': {'code': 429, 'message': 'Resource exhausted. Please try again later. Please refer to 
2026-09-07 21:23:48,384 INFO httpx: HTTP Request: POST https://us-central1-aiplatform.googleapis.com/v1beta1/projects/project-bf21b155-6b73-4230-8ef/locations/us-central1/publishers/google/models/gemini-2.5-flash:generateContent "HTTP/1.1 429 Too Many Requests"
2026-09-07 21:23:48,386 WARNING crawler.llm.vertex_provider: Vertex AI lỗi tạm thời (lần 4/6), đợi 16.0s rồi thử lại: 429 RESOURCE_EXHAUSTED. {'error': {'code': 429, 'message': 'Resource exhausted. Please try again later. Please refer to 
2026-09-07 21:23:48,473 INFO google_genai.models: AFC is enabled with max remote calls: 10.
2026-09-07 21:23:48,538 INFO google_genai.models: AFC is enabled with max remote calls: 10.
2026-09-07 21:23:48,786 INFO httpx: HTTP Request: POST https://us-central1-aiplatform.googleapis.com/v1beta1/projects/project-bf21b155-6b73-4230-8ef/locations/us-central1/publishers/google/models/gemini-2.5-flash:generateContent "HTTP/1.1 429 Too Many Requests"
2026-09-07 21:23:48,788 WARNING crawler.llm.vertex_provider: Vertex AI lỗi tạm thời (lần 5/6), đợi 32.1s rồi thử lại: 429 RESOURCE_EXHAUSTED. {'error': {'code': 429, 'message': 'Resource exhausted. Please try again later. Please refer to 
2026-09-07 21:23:48,858 INFO httpx: HTTP Request: POST https://us-central1-aiplatform.googleapis.com/v1beta1/projects/project-bf21b155-6b73-4230-8ef/locations/us-central1/publishers/google/models/gemini-2.5-flash:generateContent "HTTP/1.1 429 Too Many Requests"
2026-09-07 21:23:48,862 WARNING crawler.llm.vertex_provider: Vertex AI lỗi tạm thời (lần 5/6), đợi 32.8s rồi thử lại: 429 RESOURCE_EXHAUSTED. {'error': {'code': 429, 'message': 'Resource exhausted. Please try again later. Please refer to 
2026-09-07 21:23:58,112 INFO crawler.fetch.stealth_fetch: Server phản ứng chậm/từ chối - giãn nhịp fetch lên 1.0s
2026-09-07 21:24:03,625 INFO google_genai.models: AFC is enabled with max remote calls: 10.
2026-09-07 21:24:04,398 INFO google_genai.models: AFC is enabled with max remote calls: 10.
2026-09-07 21:24:04,866 INFO httpx: HTTP Request: POST https://us-central1-aiplatform.googleapis.com/v1beta1/projects/project-bf21b155-6b73-4230-8ef/locations/us-central1/publishers/google/models/gemini-2.5-flash:generateContent "HTTP/1.1 429 Too Many Requests"
2026-09-07 21:24:04,869 WARNING crawler.llm.vertex_provider: Vertex AI lỗi tạm thời (lần 5/6), đợi 32.2s rồi thử lại: 429 RESOURCE_EXHAUSTED. {'error': {'code': 429, 'message': 'Resource exhausted. Please try again later. Please refer to 
2026-09-07 21:24:07,323 INFO httpx: HTTP Request: POST https://us-central1-aiplatform.googleapis.com/v1beta1/projects/project-bf21b155-6b73-4230-8ef/locations/us-central1/publishers/google/models/gemini-2.5-flash:generateContent "HTTP/1.1 200 OK"
2026-09-07 21:24:07,777 INFO crawler.llm.fallback: Gọi LLM provider: vertex-ai
2026-09-07 21:24:07,777 INFO google_genai.models: AFC is enabled with max remote calls: 10.
2026-09-07 21:24:09,786 INFO httpx: HTTP Request: POST https://us-central1-aiplatform.googleapis.com/v1beta1/projects/project-bf21b155-6b73-4230-8ef/locations/us-central1/publishers/google/models/gemini-2.5-flash:generateContent "HTTP/1.1 200 OK"
2026-09-07 21:24:09,918 INFO crawler.llm.fallback: Gọi LLM provider: vertex-ai
2026-09-07 21:24:09,918 INFO google_genai.models: AFC is enabled with max remote calls: 10.
2026-09-07 21:24:10,237 INFO httpx: HTTP Request: POST https://us-central1-aiplatform.googleapis.com/v1beta1/projects/project-bf21b155-6b73-4230-8ef/locations/us-central1/publishers/google/models/gemini-2.5-flash:generateContent "HTTP/1.1 429 Too Many Requests"
2026-09-07 21:24:10,239 WARNING crawler.llm.vertex_provider: Vertex AI lỗi tạm thời (lần 1/6), đợi 2.6s rồi thử lại: 429 RESOURCE_EXHAUSTED. {'error': {'code': 429, 'message': 'Resource exhausted. Please try again later. Please refer to 
2026-09-07 21:24:12,847 INFO google_genai.models: AFC is enabled with max remote calls: 10.
2026-09-07 21:24:13,183 INFO httpx: HTTP Request: POST https://us-central1-aiplatform.googleapis.com/v1beta1/projects/project-bf21b155-6b73-4230-8ef/locations/us-central1/publishers/google/models/gemini-2.5-flash:generateContent "HTTP/1.1 429 Too Many Requests"
2026-09-07 21:24:13,188 WARNING crawler.llm.vertex_provider: Vertex AI lỗi tạm thời (lần 2/6), đợi 4.5s rồi thử lại: 429 RESOURCE_EXHAUSTED. {'error': {'code': 429, 'message': 'Resource exhausted. Please try again later. Please refer to 
2026-09-07 21:24:17,694 INFO google_genai.models: AFC is enabled with max remote calls: 10.
2026-09-07 21:24:18,006 INFO httpx: HTTP Request: POST https://us-central1-aiplatform.googleapis.com/v1beta1/projects/project-bf21b155-6b73-4230-8ef/locations/us-central1/publishers/google/models/gemini-2.5-flash:generateContent "HTTP/1.1 429 Too Many Requests"
2026-09-07 21:24:18,010 WARNING crawler.llm.vertex_provider: Vertex AI lỗi tạm thời (lần 3/6), đợi 8.2s rồi thử lại: 429 RESOURCE_EXHAUSTED. {'error': {'code': 429, 'message': 'Resource exhausted. Please try again later. Please refer to 
2026-09-07 21:24:20,872 INFO google_genai.models: AFC is enabled with max remote calls: 10.
2026-09-07 21:24:21,669 INFO google_genai.models: AFC is enabled with max remote calls: 10.
2026-09-07 21:24:22,996 INFO httpx: HTTP Request: POST https://us-central1-aiplatform.googleapis.com/v1beta1/projects/project-bf21b155-6b73-4230-8ef/locations/us-central1/publishers/google/models/gemini-2.5-flash:generateContent "HTTP/1.1 429 Too Many Requests"
2026-09-07 21:24:22,998 WARNING crawler.llm.fallback: Provider vertex-ai thất bại (Vertex AI lỗi: 429 RESOURCE_EXHAUSTED. {'error': {'code': 429, 'message': 'Resource exhausted. Please try again later. Please refer to https://cloud.google.com/vertex-ai/generative-ai/docs/error-code-429 for more details.', 'status': 'RESOURCE_EXHAUSTED'}}), chuyển sang provider tiếp theo
2026-09-07 21:24:22,998 INFO crawler.llm.fallback: Gọi LLM provider: deepseek
2026-09-07 21:24:23,508 INFO httpx2: HTTP Request: POST https://api.deepseek.com/chat/completions "HTTP/1.1 402 Payment Required"
2026-09-07 21:24:23,510 WARNING crawler.llm.fallback: Provider deepseek thất bại (DeepSeek lỗi: Error code: 402 - {'error': {'message': 'Insufficient Balance', 'type': 'unknown_error', 'param': None, 'code': 'invalid_request_error'}}), chuyển sang provider tiếp theo
2026-09-07 21:24:23,510 WARNING crawler.pipeline: Tầng 2 (LLM) thất bại cho https://duhal.com.vn/den-cong-nghiep-led-chong-tham-150w-ddb150: Tất cả LLM provider đều thất bại: DeepSeek lỗi: Error code: 402 - {'error': {'message': 'Insufficient Balance', 'type': 'unknown_error', 'param': None, 'code': 'invalid_request_error'}}
2026-09-07 21:24:23,566 ERROR extruct._extruct: Failed to extract json-ld, raises Expecting ',' delimiter: line 10 column 15 (char 403)
Traceback (most recent call last):
  File "/home/tdh/Intern/rivals_crawl/.venv/lib/python3.11/site-packages/extruct/jsonld.py", line 39, in _extract_items
    data = json.loads(script, strict=False)
           ^^^^^^^^^^^^^^^^^^^^^^^^^^^^^^^^
  File "/home/tdh/.local/share/uv/python/cpython-3.11.15-linux-x86_64-gnu/lib/python3.11/json/__init__.py", line 359, in loads
    return cls(**kw).decode(s)
           ^^^^^^^^^^^^^^^^^^^
  File "/home/tdh/.local/share/uv/python/cpython-3.11.15-linux-x86_64-gnu/lib/python3.11/json/decoder.py", line 337, in decode
    obj, end = self.raw_decode(s, idx=_w(s, 0).end())
               ^^^^^^^^^^^^^^^^^^^^^^^^^^^^^^^^^^^^^^
  File "/home/tdh/.local/share/uv/python/cpython-3.11.15-linux-x86_64-gnu/lib/python3.11/json/decoder.py", line 353, in raw_decode
    obj, end = self.scan_once(s, idx)
               ^^^^^^^^^^^^^^^^^^^^^^
json.decoder.JSONDecodeError: Expecting ',' delimiter: line 10 column 15 (char 403)

During handling of the above exception, another exception occurred:

Traceback (most recent call last):
  File "/home/tdh/Intern/rivals_crawl/.venv/lib/python3.11/site-packages/extruct/_extruct.py", line 131, in extract
    output[syntax] = list(extract(document, base_url=base_url))
                          ^^^^^^^^^^^^^^^^^^^^^^^^^^^^^^^^^^^^
  File "/home/tdh/Intern/rivals_crawl/.venv/lib/python3.11/site-packages/extruct/jsonld.py", line 27, in extract_items
    return [
           ^
  File "/home/tdh/Intern/rivals_crawl/.venv/lib/python3.11/site-packages/extruct/jsonld.py", line 27, in <listcomp>
    return [
           ^
  File "/home/tdh/Intern/rivals_crawl/.venv/lib/python3.11/site-packages/extruct/jsonld.py", line 42, in _extract_items
    data = jstyleson.loads(HTML_OR_JS_COMMENTLINE.sub("", script), strict=False)
           ^^^^^^^^^^^^^^^^^^^^^^^^^^^^^^^^^^^^^^^^^^^^^^^^^^^^^^^^^^^^^^^^^^^^^
  File "/home/tdh/Intern/rivals_crawl/.venv/lib/python3.11/site-packages/jstyleson.py", line 123, in loads
    return json.loads(dispose(text), **kwargs)
           ^^^^^^^^^^^^^^^^^^^^^^^^^^^^^^^^^^^
  File "/home/tdh/.local/share/uv/python/cpython-3.11.15-linux-x86_64-gnu/lib/python3.11/json/__init__.py", line 359, in loads
    return cls(**kw).decode(s)
           ^^^^^^^^^^^^^^^^^^^
  File "/home/tdh/.local/share/uv/python/cpython-3.11.15-linux-x86_64-gnu/lib/python3.11/json/decoder.py", line 337, in decode
    obj, end = self.raw_decode(s, idx=_w(s, 0).end())
               ^^^^^^^^^^^^^^^^^^^^^^^^^^^^^^^^^^^^^^
  File "/home/tdh/.local/share/uv/python/cpython-3.11.15-linux-x86_64-gnu/lib/python3.11/json/decoder.py", line 353, in raw_decode
    obj, end = self.scan_once(s, idx)
               ^^^^^^^^^^^^^^^^^^^^^^
json.decoder.JSONDecodeError: Expecting ',' delimiter: line 10 column 15 (char 403)
2026-09-07 21:24:23,629 INFO crawler.llm.fallback: Gọi LLM provider: vertex-ai
2026-09-07 21:24:23,630 INFO google_genai.models: AFC is enabled with max remote calls: 10.
2026-09-07 21:24:24,020 INFO httpx: HTTP Request: POST https://us-central1-aiplatform.googleapis.com/v1beta1/projects/project-bf21b155-6b73-4230-8ef/locations/us-central1/publishers/google/models/gemini-2.5-flash:generateContent "HTTP/1.1 429 Too Many Requests"
2026-09-07 21:24:24,021 WARNING crawler.llm.vertex_provider: Vertex AI lỗi tạm thời (lần 1/6), đợi 2.9s rồi thử lại: 429 RESOURCE_EXHAUSTED. {'error': {'code': 429, 'message': 'Resource exhausted. Please try again later. Please refer to 
2026-09-07 21:24:24,064 INFO httpx: HTTP Request: POST https://us-central1-aiplatform.googleapis.com/v1beta1/projects/project-bf21b155-6b73-4230-8ef/locations/us-central1/publishers/google/models/gemini-2.5-flash:generateContent "HTTP/1.1 200 OK"
2026-09-07 21:24:24,123 ERROR extruct._extruct: Failed to extract json-ld, raises Expecting ',' delimiter: line 10 column 15 (char 402)
Traceback (most recent call last):
  File "/home/tdh/Intern/rivals_crawl/.venv/lib/python3.11/site-packages/extruct/jsonld.py", line 39, in _extract_items
    data = json.loads(script, strict=False)
           ^^^^^^^^^^^^^^^^^^^^^^^^^^^^^^^^
  File "/home/tdh/.local/share/uv/python/cpython-3.11.15-linux-x86_64-gnu/lib/python3.11/json/__init__.py", line 359, in loads
    return cls(**kw).decode(s)
           ^^^^^^^^^^^^^^^^^^^
  File "/home/tdh/.local/share/uv/python/cpython-3.11.15-linux-x86_64-gnu/lib/python3.11/json/decoder.py", line 337, in decode
    obj, end = self.raw_decode(s, idx=_w(s, 0).end())
               ^^^^^^^^^^^^^^^^^^^^^^^^^^^^^^^^^^^^^^
  File "/home/tdh/.local/share/uv/python/cpython-3.11.15-linux-x86_64-gnu/lib/python3.11/json/decoder.py", line 353, in raw_decode
    obj, end = self.scan_once(s, idx)
               ^^^^^^^^^^^^^^^^^^^^^^
json.decoder.JSONDecodeError: Expecting ',' delimiter: line 10 column 15 (char 402)

During handling of the above exception, another exception occurred:

Traceback (most recent call last):
  File "/home/tdh/Intern/rivals_crawl/.venv/lib/python3.11/site-packages/extruct/_extruct.py", line 131, in extract
    output[syntax] = list(extract(document, base_url=base_url))
                          ^^^^^^^^^^^^^^^^^^^^^^^^^^^^^^^^^^^^
  File "/home/tdh/Intern/rivals_crawl/.venv/lib/python3.11/site-packages/extruct/jsonld.py", line 27, in extract_items
    return [
           ^
  File "/home/tdh/Intern/rivals_crawl/.venv/lib/python3.11/site-packages/extruct/jsonld.py", line 27, in <listcomp>
    return [
           ^
  File "/home/tdh/Intern/rivals_crawl/.venv/lib/python3.11/site-packages/extruct/jsonld.py", line 42, in _extract_items
    data = jstyleson.loads(HTML_OR_JS_COMMENTLINE.sub("", script), strict=False)
           ^^^^^^^^^^^^^^^^^^^^^^^^^^^^^^^^^^^^^^^^^^^^^^^^^^^^^^^^^^^^^^^^^^^^^
  File "/home/tdh/Intern/rivals_crawl/.venv/lib/python3.11/site-packages/jstyleson.py", line 123, in loads
    return json.loads(dispose(text), **kwargs)
           ^^^^^^^^^^^^^^^^^^^^^^^^^^^^^^^^^^^
  File "/home/tdh/.local/share/uv/python/cpython-3.11.15-linux-x86_64-gnu/lib/python3.11/json/__init__.py", line 359, in loads
    return cls(**kw).decode(s)
           ^^^^^^^^^^^^^^^^^^^
  File "/home/tdh/.local/share/uv/python/cpython-3.11.15-linux-x86_64-gnu/lib/python3.11/json/decoder.py", line 337, in decode
    obj, end = self.raw_decode(s, idx=_w(s, 0).end())
               ^^^^^^^^^^^^^^^^^^^^^^^^^^^^^^^^^^^^^^
  File "/home/tdh/.local/share/uv/python/cpython-3.11.15-linux-x86_64-gnu/lib/python3.11/json/decoder.py", line 353, in raw_decode
    obj, end = self.scan_once(s, idx)
               ^^^^^^^^^^^^^^^^^^^^^^
json.decoder.JSONDecodeError: Expecting ',' delimiter: line 10 column 15 (char 402)
2026-09-07 21:24:24,177 INFO crawler.llm.fallback: Gọi LLM provider: vertex-ai
2026-09-07 21:24:24,177 INFO google_genai.models: AFC is enabled with max remote calls: 10.
2026-09-07 21:24:24,536 INFO httpx: HTTP Request: POST https://us-central1-aiplatform.googleapis.com/v1beta1/projects/project-bf21b155-6b73-4230-8ef/locations/us-central1/publishers/google/models/gemini-2.5-flash:generateContent "HTTP/1.1 429 Too Many Requests"
2026-09-07 21:24:24,537 WARNING crawler.llm.vertex_provider: Vertex AI lỗi tạm thời (lần 1/6), đợi 2.0s rồi thử lại: 429 RESOURCE_EXHAUSTED. {'error': {'code': 429, 'message': 'Resource exhausted. Please try again later. Please refer to 
2026-09-07 21:24:26,178 INFO google_genai.models: AFC is enabled with max remote calls: 10.
2026-09-07 21:24:26,497 INFO httpx: HTTP Request: POST https://us-central1-aiplatform.googleapis.com/v1beta1/projects/project-bf21b155-6b73-4230-8ef/locations/us-central1/publishers/google/models/gemini-2.5-flash:generateContent "HTTP/1.1 429 Too Many Requests"
2026-09-07 21:24:26,499 WARNING crawler.llm.vertex_provider: Vertex AI lỗi tạm thời (lần 4/6), đợi 16.5s rồi thử lại: 429 RESOURCE_EXHAUSTED. {'error': {'code': 429, 'message': 'Resource exhausted. Please try again later. Please refer to 
2026-09-07 21:24:26,550 INFO google_genai.models: AFC is enabled with max remote calls: 10.
2026-09-07 21:24:26,877 INFO google_genai.models: AFC is enabled with max remote calls: 10.
2026-09-07 21:24:27,297 INFO httpx: HTTP Request: POST https://us-central1-aiplatform.googleapis.com/v1beta1/projects/project-bf21b155-6b73-4230-8ef/locations/us-central1/publishers/google/models/gemini-2.5-flash:generateContent "HTTP/1.1 429 Too Many Requests"
2026-09-07 21:24:27,298 WARNING crawler.llm.vertex_provider: Vertex AI lỗi tạm thời (lần 2/6), đợi 4.1s rồi thử lại: 429 RESOURCE_EXHAUSTED. {'error': {'code': 429, 'message': 'Resource exhausted. Please try again later. Please refer to 
2026-09-07 21:24:27,373 INFO httpx: HTTP Request: POST https://us-central1-aiplatform.googleapis.com/v1beta1/projects/project-bf21b155-6b73-4230-8ef/locations/us-central1/publishers/google/models/gemini-2.5-flash:generateContent "HTTP/1.1 429 Too Many Requests"
2026-09-07 21:24:27,375 WARNING crawler.llm.vertex_provider: Vertex AI lỗi tạm thời (lần 2/6), đợi 4.7s rồi thử lại: 429 RESOURCE_EXHAUSTED. {'error': {'code': 429, 'message': 'Resource exhausted. Please try again later. Please refer to 
2026-09-07 21:24:31,395 INFO google_genai.models: AFC is enabled with max remote calls: 10.
2026-09-07 21:24:31,700 INFO httpx: HTTP Request: POST https://us-central1-aiplatform.googleapis.com/v1beta1/projects/project-bf21b155-6b73-4230-8ef/locations/us-central1/publishers/google/models/gemini-2.5-flash:generateContent "HTTP/1.1 429 Too Many Requests"
2026-09-07 21:24:31,702 WARNING crawler.llm.vertex_provider: Vertex AI lỗi tạm thời (lần 3/6), đợi 8.9s rồi thử lại: 429 RESOURCE_EXHAUSTED. {'error': {'code': 429, 'message': 'Resource exhausted. Please try again later. Please refer to 
2026-09-07 21:24:32,067 INFO google_genai.models: AFC is enabled with max remote calls: 10.
2026-09-07 21:24:32,417 INFO httpx: HTTP Request: POST https://us-central1-aiplatform.googleapis.com/v1beta1/projects/project-bf21b155-6b73-4230-8ef/locations/us-central1/publishers/google/models/gemini-2.5-flash:generateContent "HTTP/1.1 429 Too Many Requests"
2026-09-07 21:24:32,419 WARNING crawler.llm.vertex_provider: Vertex AI lỗi tạm thời (lần 3/6), đợi 8.6s rồi thử lại: 429 RESOURCE_EXHAUSTED. {'error': {'code': 429, 'message': 'Resource exhausted. Please try again later. Please refer to 
2026-09-07 21:24:37,048 INFO google_genai.models: AFC is enabled with max remote calls: 10.
2026-09-07 21:24:37,372 INFO httpx: HTTP Request: POST https://us-central1-aiplatform.googleapis.com/v1beta1/projects/project-bf21b155-6b73-4230-8ef/locations/us-central1/publishers/google/models/gemini-2.5-flash:generateContent "HTTP/1.1 429 Too Many Requests"
2026-09-07 21:24:37,377 WARNING crawler.llm.fallback: Provider vertex-ai thất bại (Vertex AI lỗi: 429 RESOURCE_EXHAUSTED. {'error': {'code': 429, 'message': 'Resource exhausted. Please try again later. Please refer to https://cloud.google.com/vertex-ai/generative-ai/docs/error-code-429 for more details.', 'status': 'RESOURCE_EXHAUSTED'}}), chuyển sang provider tiếp theo
2026-09-07 21:24:37,377 INFO crawler.llm.fallback: Gọi LLM provider: deepseek
2026-09-07 21:24:37,946 INFO httpx2: HTTP Request: POST https://api.deepseek.com/chat/completions "HTTP/1.1 402 Payment Required"
2026-09-07 21:24:37,948 WARNING crawler.llm.fallback: Provider deepseek thất bại (DeepSeek lỗi: Error code: 402 - {'error': {'message': 'Insufficient Balance', 'type': 'unknown_error', 'param': None, 'code': 'invalid_request_error'}}), chuyển sang provider tiếp theo
2026-09-07 21:24:37,948 WARNING crawler.pipeline: Tầng 2 (LLM) thất bại cho https://duhal.com.vn/den-cong-nghiep-led-chong-tham-kho-lanh-200w-ddb2003: Tất cả LLM provider đều thất bại: DeepSeek lỗi: Error code: 402 - {'error': {'message': 'Insufficient Balance', 'type': 'unknown_error', 'param': None, 'code': 'invalid_request_error'}}
2026-09-07 21:24:37,994 ERROR extruct._extruct: Failed to extract json-ld, raises Expecting ',' delimiter: line 10 column 15 (char 402)
Traceback (most recent call last):
  File "/home/tdh/Intern/rivals_crawl/.venv/lib/python3.11/site-packages/extruct/jsonld.py", line 39, in _extract_items
    data = json.loads(script, strict=False)
           ^^^^^^^^^^^^^^^^^^^^^^^^^^^^^^^^
  File "/home/tdh/.local/share/uv/python/cpython-3.11.15-linux-x86_64-gnu/lib/python3.11/json/__init__.py", line 359, in loads
    return cls(**kw).decode(s)
           ^^^^^^^^^^^^^^^^^^^
  File "/home/tdh/.local/share/uv/python/cpython-3.11.15-linux-x86_64-gnu/lib/python3.11/json/decoder.py", line 337, in decode
    obj, end = self.raw_decode(s, idx=_w(s, 0).end())
               ^^^^^^^^^^^^^^^^^^^^^^^^^^^^^^^^^^^^^^
  File "/home/tdh/.local/share/uv/python/cpython-3.11.15-linux-x86_64-gnu/lib/python3.11/json/decoder.py", line 353, in raw_decode
    obj, end = self.scan_once(s, idx)
               ^^^^^^^^^^^^^^^^^^^^^^
json.decoder.JSONDecodeError: Expecting ',' delimiter: line 10 column 15 (char 402)

During handling of the above exception, another exception occurred:

Traceback (most recent call last):
  File "/home/tdh/Intern/rivals_crawl/.venv/lib/python3.11/site-packages/extruct/_extruct.py", line 131, in extract
    output[syntax] = list(extract(document, base_url=base_url))
                          ^^^^^^^^^^^^^^^^^^^^^^^^^^^^^^^^^^^^
  File "/home/tdh/Intern/rivals_crawl/.venv/lib/python3.11/site-packages/extruct/jsonld.py", line 27, in extract_items
    return [
           ^
  File "/home/tdh/Intern/rivals_crawl/.venv/lib/python3.11/site-packages/extruct/jsonld.py", line 27, in <listcomp>
    return [
           ^
  File "/home/tdh/Intern/rivals_crawl/.venv/lib/python3.11/site-packages/extruct/jsonld.py", line 42, in _extract_items
    data = jstyleson.loads(HTML_OR_JS_COMMENTLINE.sub("", script), strict=False)
           ^^^^^^^^^^^^^^^^^^^^^^^^^^^^^^^^^^^^^^^^^^^^^^^^^^^^^^^^^^^^^^^^^^^^^
  File "/home/tdh/Intern/rivals_crawl/.venv/lib/python3.11/site-packages/jstyleson.py", line 123, in loads
    return json.loads(dispose(text), **kwargs)
           ^^^^^^^^^^^^^^^^^^^^^^^^^^^^^^^^^^^
  File "/home/tdh/.local/share/uv/python/cpython-3.11.15-linux-x86_64-gnu/lib/python3.11/json/__init__.py", line 359, in loads
    return cls(**kw).decode(s)
           ^^^^^^^^^^^^^^^^^^^
  File "/home/tdh/.local/share/uv/python/cpython-3.11.15-linux-x86_64-gnu/lib/python3.11/json/decoder.py", line 337, in decode
    obj, end = self.raw_decode(s, idx=_w(s, 0).end())
               ^^^^^^^^^^^^^^^^^^^^^^^^^^^^^^^^^^^^^^
  File "/home/tdh/.local/share/uv/python/cpython-3.11.15-linux-x86_64-gnu/lib/python3.11/json/decoder.py", line 353, in raw_decode
    obj, end = self.scan_once(s, idx)
               ^^^^^^^^^^^^^^^^^^^^^^
json.decoder.JSONDecodeError: Expecting ',' delimiter: line 10 column 15 (char 402)
2026-09-07 21:24:38,049 INFO crawler.llm.fallback: Gọi LLM provider: vertex-ai
2026-09-07 21:24:38,049 INFO google_genai.models: AFC is enabled with max remote calls: 10.
2026-09-07 21:24:38,460 INFO httpx: HTTP Request: POST https://us-central1-aiplatform.googleapis.com/v1beta1/projects/project-bf21b155-6b73-4230-8ef/locations/us-central1/publishers/google/models/gemini-2.5-flash:generateContent "HTTP/1.1 429 Too Many Requests"
2026-09-07 21:24:38,461 WARNING crawler.llm.vertex_provider: Vertex AI lỗi tạm thời (lần 1/6), đợi 2.1s rồi thử lại: 429 RESOURCE_EXHAUSTED. {'error': {'code': 429, 'message': 'Resource exhausted. Please try again later. Please refer to 
2026-09-07 21:24:40,535 INFO google_genai.models: AFC is enabled with max remote calls: 10.
2026-09-07 21:24:40,601 INFO google_genai.models: AFC is enabled with max remote calls: 10.
2026-09-07 21:24:40,841 INFO httpx: HTTP Request: POST https://us-central1-aiplatform.googleapis.com/v1beta1/projects/project-bf21b155-6b73-4230-8ef/locations/us-central1/publishers/google/models/gemini-2.5-flash:generateContent "HTTP/1.1 429 Too Many Requests"
2026-09-07 21:24:40,845 WARNING crawler.llm.vertex_provider: Vertex AI lỗi tạm thời (lần 2/6), đợi 4.1s rồi thử lại: 429 RESOURCE_EXHAUSTED. {'error': {'code': 429, 'message': 'Resource exhausted. Please try again later. Please refer to 
2026-09-07 21:24:41,068 INFO google_genai.models: AFC is enabled with max remote calls: 10.
2026-09-07 21:24:41,736 INFO httpx: HTTP Request: POST https://us-central1-aiplatform.googleapis.com/v1beta1/projects/project-bf21b155-6b73-4230-8ef/locations/us-central1/publishers/google/models/gemini-2.5-flash:generateContent "HTTP/1.1 429 Too Many Requests"
2026-09-07 21:24:41,737 WARNING crawler.llm.vertex_provider: Vertex AI lỗi tạm thời (lần 4/6), đợi 16.7s rồi thử lại: 429 RESOURCE_EXHAUSTED. {'error': {'code': 429, 'message': 'Resource exhausted. Please try again later. Please refer to 
2026-09-07 21:24:41,842 INFO httpx: HTTP Request: POST https://us-central1-aiplatform.googleapis.com/v1beta1/projects/project-bf21b155-6b73-4230-8ef/locations/us-central1/publishers/google/models/gemini-2.5-flash:generateContent "HTTP/1.1 429 Too Many Requests"
2026-09-07 21:24:41,843 WARNING crawler.llm.vertex_provider: Vertex AI lỗi tạm thời (lần 4/6), đợi 16.2s rồi thử lại: 429 RESOURCE_EXHAUSTED. {'error': {'code': 429, 'message': 'Resource exhausted. Please try again later. Please refer to 
2026-09-07 21:24:41,876 INFO crawler.fetch.stealth_fetch: Server phản ứng chậm/từ chối - giãn nhịp fetch lên 1.0s
2026-09-07 21:24:43,028 INFO google_genai.models: AFC is enabled with max remote calls: 10.
2026-09-07 21:24:43,374 INFO httpx: HTTP Request: POST https://us-central1-aiplatform.googleapis.com/v1beta1/projects/project-bf21b155-6b73-4230-8ef/locations/us-central1/publishers/google/models/gemini-2.5-flash:generateContent "HTTP/1.1 429 Too Many Requests"
2026-09-07 21:24:43,375 WARNING crawler.llm.vertex_provider: Vertex AI lỗi tạm thời (lần 5/6), đợi 32.1s rồi thử lại: 429 RESOURCE_EXHAUSTED. {'error': {'code': 429, 'message': 'Resource exhausted. Please try again later. Please refer to 
2026-09-07 21:24:44,965 INFO google_genai.models: AFC is enabled with max remote calls: 10.
2026-09-07 21:24:45,280 INFO httpx: HTTP Request: POST https://us-central1-aiplatform.googleapis.com/v1beta1/projects/project-bf21b155-6b73-4230-8ef/locations/us-central1/publishers/google/models/gemini-2.5-flash:generateContent "HTTP/1.1 429 Too Many Requests"
2026-09-07 21:24:45,282 WARNING crawler.llm.vertex_provider: Vertex AI lỗi tạm thời (lần 3/6), đợi 8.3s rồi thử lại: 429 RESOURCE_EXHAUSTED. {'error': {'code': 429, 'message': 'Resource exhausted. Please try again later. Please refer to 
2026-09-07 21:24:53,622 INFO google_genai.models: AFC is enabled with max remote calls: 10.
2026-09-07 21:24:56,200 INFO httpx: HTTP Request: POST https://us-central1-aiplatform.googleapis.com/v1beta1/projects/project-bf21b155-6b73-4230-8ef/locations/us-central1/publishers/google/models/gemini-2.5-flash:generateContent "HTTP/1.1 200 OK"
2026-09-07 21:24:56,280 ERROR extruct._extruct: Failed to extract json-ld, raises Expecting ',' delimiter: line 10 column 15 (char 402)
Traceback (most recent call last):
  File "/home/tdh/Intern/rivals_crawl/.venv/lib/python3.11/site-packages/extruct/jsonld.py", line 39, in _extract_items
    data = json.loads(script, strict=False)
           ^^^^^^^^^^^^^^^^^^^^^^^^^^^^^^^^
  File "/home/tdh/.local/share/uv/python/cpython-3.11.15-linux-x86_64-gnu/lib/python3.11/json/__init__.py", line 359, in loads
    return cls(**kw).decode(s)
           ^^^^^^^^^^^^^^^^^^^
  File "/home/tdh/.local/share/uv/python/cpython-3.11.15-linux-x86_64-gnu/lib/python3.11/json/decoder.py", line 337, in decode
    obj, end = self.raw_decode(s, idx=_w(s, 0).end())
               ^^^^^^^^^^^^^^^^^^^^^^^^^^^^^^^^^^^^^^
  File "/home/tdh/.local/share/uv/python/cpython-3.11.15-linux-x86_64-gnu/lib/python3.11/json/decoder.py", line 353, in raw_decode
    obj, end = self.scan_once(s, idx)
               ^^^^^^^^^^^^^^^^^^^^^^
json.decoder.JSONDecodeError: Expecting ',' delimiter: line 10 column 15 (char 402)

During handling of the above exception, another exception occurred:

Traceback (most recent call last):
  File "/home/tdh/Intern/rivals_crawl/.venv/lib/python3.11/site-packages/extruct/_extruct.py", line 131, in extract
    output[syntax] = list(extract(document, base_url=base_url))
                          ^^^^^^^^^^^^^^^^^^^^^^^^^^^^^^^^^^^^
  File "/home/tdh/Intern/rivals_crawl/.venv/lib/python3.11/site-packages/extruct/jsonld.py", line 27, in extract_items
    return [
           ^
  File "/home/tdh/Intern/rivals_crawl/.venv/lib/python3.11/site-packages/extruct/jsonld.py", line 27, in <listcomp>
    return [
           ^
  File "/home/tdh/Intern/rivals_crawl/.venv/lib/python3.11/site-packages/extruct/jsonld.py", line 42, in _extract_items
    data = jstyleson.loads(HTML_OR_JS_COMMENTLINE.sub("", script), strict=False)
           ^^^^^^^^^^^^^^^^^^^^^^^^^^^^^^^^^^^^^^^^^^^^^^^^^^^^^^^^^^^^^^^^^^^^^
  File "/home/tdh/Intern/rivals_crawl/.venv/lib/python3.11/site-packages/jstyleson.py", line 123, in loads
    return json.loads(dispose(text), **kwargs)
           ^^^^^^^^^^^^^^^^^^^^^^^^^^^^^^^^^^^
  File "/home/tdh/.local/share/uv/python/cpython-3.11.15-linux-x86_64-gnu/lib/python3.11/json/__init__.py", line 359, in loads
    return cls(**kw).decode(s)
           ^^^^^^^^^^^^^^^^^^^
  File "/home/tdh/.local/share/uv/python/cpython-3.11.15-linux-x86_64-gnu/lib/python3.11/json/decoder.py", line 337, in decode
    obj, end = self.raw_decode(s, idx=_w(s, 0).end())
               ^^^^^^^^^^^^^^^^^^^^^^^^^^^^^^^^^^^^^^
  File "/home/tdh/.local/share/uv/python/cpython-3.11.15-linux-x86_64-gnu/lib/python3.11/json/decoder.py", line 353, in raw_decode
    obj, end = self.scan_once(s, idx)
               ^^^^^^^^^^^^^^^^^^^^^^
json.decoder.JSONDecodeError: Expecting ',' delimiter: line 10 column 15 (char 402)
2026-09-07 21:24:56,339 INFO crawler.llm.fallback: Gọi LLM provider: vertex-ai
2026-09-07 21:24:56,340 INFO google_genai.models: AFC is enabled with max remote calls: 10.
2026-09-07 21:24:57,968 INFO httpx: HTTP Request: POST https://us-central1-aiplatform.googleapis.com/v1beta1/projects/project-bf21b155-6b73-4230-8ef/locations/us-central1/publishers/google/models/gemini-2.5-flash:generateContent "HTTP/1.1 200 OK"
2026-09-07 21:24:58,042 INFO google_genai.models: AFC is enabled with max remote calls: 10.
2026-09-07 21:24:58,134 INFO crawler.llm.fallback: Gọi LLM provider: vertex-ai
2026-09-07 21:24:58,135 INFO google_genai.models: AFC is enabled with max remote calls: 10.
2026-09-07 21:24:58,448 INFO google_genai.models: AFC is enabled with max remote calls: 10.
2026-09-07 21:25:00,046 INFO httpx: HTTP Request: POST https://us-central1-aiplatform.googleapis.com/v1beta1/projects/project-bf21b155-6b73-4230-8ef/locations/us-central1/publishers/google/models/gemini-2.5-flash:generateContent "HTTP/1.1 200 OK"
2026-09-07 21:25:00,230 INFO crawler.llm.fallback: Gọi LLM provider: vertex-ai
2026-09-07 21:25:00,230 INFO google_genai.models: AFC is enabled with max remote calls: 10.
2026-09-07 21:25:01,090 INFO httpx: HTTP Request: POST https://us-central1-aiplatform.googleapis.com/v1beta1/projects/project-bf21b155-6b73-4230-8ef/locations/us-central1/publishers/google/models/gemini-2.5-flash:generateContent "HTTP/1.1 200 OK"
2026-09-07 21:25:01,322 INFO httpx: HTTP Request: POST https://us-central1-aiplatform.googleapis.com/v1beta1/projects/project-bf21b155-6b73-4230-8ef/locations/us-central1/publishers/google/models/gemini-2.5-flash:generateContent "HTTP/1.1 200 OK"
2026-09-07 21:25:01,325 INFO crawler.llm.validate: Bỏ tag không có căn cứ trong nguồn: quy_cach='null'
2026-09-07 21:25:01,607 INFO crawler.llm.fallback: Gọi LLM provider: vertex-ai
2026-09-07 21:25:01,608 INFO google_genai.models: AFC is enabled with max remote calls: 10.
2026-09-07 21:25:01,642 INFO crawler.llm.fallback: Gọi LLM provider: vertex-ai
2026-09-07 21:25:01,643 INFO google_genai.models: AFC is enabled with max remote calls: 10.
2026-09-07 21:25:01,788 INFO httpx: HTTP Request: POST https://us-central1-aiplatform.googleapis.com/v1beta1/projects/project-bf21b155-6b73-4230-8ef/locations/us-central1/publishers/google/models/gemini-2.5-flash:generateContent "HTTP/1.1 200 OK"
2026-09-07 21:25:01,935 INFO httpx: HTTP Request: POST https://us-central1-aiplatform.googleapis.com/v1beta1/projects/project-bf21b155-6b73-4230-8ef/locations/us-central1/publishers/google/models/gemini-2.5-flash:generateContent "HTTP/1.1 429 Too Many Requests"
2026-09-07 21:25:01,940 WARNING crawler.llm.vertex_provider: Vertex AI lỗi tạm thời (lần 1/6), đợi 2.5s rồi thử lại: 429 RESOURCE_EXHAUSTED. {'error': {'code': 429, 'message': 'Resource exhausted. Please try again later. Please refer to 
2026-09-07 21:25:01,970 INFO crawler.llm.fallback: Gọi LLM provider: vertex-ai
2026-09-07 21:25:01,971 INFO google_genai.models: AFC is enabled with max remote calls: 10.
2026-09-07 21:25:03,002 INFO httpx: HTTP Request: POST https://us-central1-aiplatform.googleapis.com/v1beta1/projects/project-bf21b155-6b73-4230-8ef/locations/us-central1/publishers/google/models/gemini-2.5-flash:generateContent "HTTP/1.1 200 OK"
2026-09-07 21:25:03,138 INFO crawler.llm.fallback: Gọi LLM provider: vertex-ai
2026-09-07 21:25:03,138 INFO google_genai.models: AFC is enabled with max remote calls: 10.
2026-09-07 21:25:03,729 INFO httpx: HTTP Request: POST https://us-central1-aiplatform.googleapis.com/v1beta1/projects/project-bf21b155-6b73-4230-8ef/locations/us-central1/publishers/google/models/gemini-2.5-flash:generateContent "HTTP/1.1 200 OK"
2026-09-07 21:25:03,908 INFO crawler.llm.fallback: Gọi LLM provider: vertex-ai
2026-09-07 21:25:03,909 INFO google_genai.models: AFC is enabled with max remote calls: 10.
2026-09-07 21:25:04,412 INFO google_genai.models: AFC is enabled with max remote calls: 10.
2026-09-07 21:25:04,530 INFO httpx: HTTP Request: POST https://us-central1-aiplatform.googleapis.com/v1beta1/projects/project-bf21b155-6b73-4230-8ef/locations/us-central1/publishers/google/models/gemini-2.5-flash:generateContent "HTTP/1.1 200 OK"
2026-09-07 21:25:04,677 INFO crawler.llm.fallback: Gọi LLM provider: vertex-ai
2026-09-07 21:25:04,677 INFO google_genai.models: AFC is enabled with max remote calls: 10.
2026-09-07 21:25:04,988 INFO httpx: HTTP Request: POST https://us-central1-aiplatform.googleapis.com/v1beta1/projects/project-bf21b155-6b73-4230-8ef/locations/us-central1/publishers/google/models/gemini-2.5-flash:generateContent "HTTP/1.1 429 Too Many Requests"
2026-09-07 21:25:04,990 WARNING crawler.llm.vertex_provider: Vertex AI lỗi tạm thời (lần 1/6), đợi 2.5s rồi thử lại: 429 RESOURCE_EXHAUSTED. {'error': {'code': 429, 'message': 'Resource exhausted. Please try again later. Please refer to 
2026-09-07 21:25:05,223 INFO httpx: HTTP Request: POST https://us-central1-aiplatform.googleapis.com/v1beta1/projects/project-bf21b155-6b73-4230-8ef/locations/us-central1/publishers/google/models/gemini-2.5-flash:generateContent "HTTP/1.1 200 OK"
2026-09-07 21:25:05,331 INFO crawler.llm.fallback: Gọi LLM provider: vertex-ai
2026-09-07 21:25:05,331 INFO google_genai.models: AFC is enabled with max remote calls: 10.
2026-09-07 21:25:05,372 INFO crawler.fetch.stealth_fetch: https://duhal.com.vn/den-khan-cap-chong-no-3w-snc3024.html -> 429, retry lan 1
2026-09-07 21:25:05,372 INFO crawler.fetch.stealth_fetch: Server phản ứng chậm/từ chối - giãn nhịp fetch lên 1.0s
2026-09-07 21:25:06,210 INFO httpx: HTTP Request: POST https://us-central1-aiplatform.googleapis.com/v1beta1/projects/project-bf21b155-6b73-4230-8ef/locations/us-central1/publishers/google/models/gemini-2.5-flash:generateContent "HTTP/1.1 200 OK"
2026-09-07 21:25:06,257 WARNING crawler.pipeline: Fetch thất bại cho https://duhal.com.vn/den-downlight-am-tran-co-kieng-nam-ngang-7w-lgd213: None
2026-09-07 21:25:06,310 INFO crawler.llm.fallback: Gọi LLM provider: vertex-ai
2026-09-07 21:25:06,310 INFO google_genai.models: AFC is enabled with max remote calls: 10.
2026-09-07 21:25:06,722 INFO httpx: HTTP Request: POST https://us-central1-aiplatform.googleapis.com/v1beta1/projects/project-bf21b155-6b73-4230-8ef/locations/us-central1/publishers/google/models/gemini-2.5-flash:generateContent "HTTP/1.1 429 Too Many Requests"
2026-09-07 21:25:06,724 WARNING crawler.llm.vertex_provider: Vertex AI lỗi tạm thời (lần 1/6), đợi 2.1s rồi thử lại: 429 RESOURCE_EXHAUSTED. {'error': {'code': 429, 'message': 'Resource exhausted. Please try again later. Please refer to 
2026-09-07 21:25:07,189 INFO crawler.fetch.stealth_fetch: https://duhal.com.vn/den-khan-cap-chong-no-3w-snc3024.html -> 429, retry lan 2
2026-09-07 21:25:07,189 INFO crawler.fetch.stealth_fetch: Server phản ứng chậm/từ chối - giãn nhịp fetch lên 2.0s
2026-09-07 21:25:07,505 INFO google_genai.models: AFC is enabled with max remote calls: 10.
2026-09-07 21:25:07,547 INFO httpx: HTTP Request: POST https://us-central1-aiplatform.googleapis.com/v1beta1/projects/project-bf21b155-6b73-4230-8ef/locations/us-central1/publishers/google/models/gemini-2.5-flash:generateContent "HTTP/1.1 200 OK"
2026-09-07 21:25:07,653 INFO crawler.llm.fallback: Gọi LLM provider: vertex-ai
2026-09-07 21:25:07,653 INFO google_genai.models: AFC is enabled with max remote calls: 10.
2026-09-07 21:25:08,053 INFO httpx: HTTP Request: POST https://us-central1-aiplatform.googleapis.com/v1beta1/projects/project-bf21b155-6b73-4230-8ef/locations/us-central1/publishers/google/models/gemini-2.5-flash:generateContent "HTTP/1.1 429 Too Many Requests"
2026-09-07 21:25:08,054 WARNING crawler.llm.vertex_provider: Vertex AI lỗi tạm thời (lần 1/6), đợi 3.0s rồi thử lại: 429 RESOURCE_EXHAUSTED. {'error': {'code': 429, 'message': 'Resource exhausted. Please try again later. Please refer to 
2026-09-07 21:25:08,817 INFO google_genai.models: AFC is enabled with max remote calls: 10.
2026-09-07 21:25:08,884 INFO httpx: HTTP Request: POST https://us-central1-aiplatform.googleapis.com/v1beta1/projects/project-bf21b155-6b73-4230-8ef/locations/us-central1/publishers/google/models/gemini-2.5-flash:generateContent "HTTP/1.1 200 OK"
2026-09-07 21:25:09,163 INFO crawler.llm.fallback: Gọi LLM provider: vertex-ai
2026-09-07 21:25:09,163 INFO google_genai.models: AFC is enabled with max remote calls: 10.
2026-09-07 21:25:09,179 INFO httpx: HTTP Request: POST https://us-central1-aiplatform.googleapis.com/v1beta1/projects/project-bf21b155-6b73-4230-8ef/locations/us-central1/publishers/google/models/gemini-2.5-flash:generateContent "HTTP/1.1 429 Too Many Requests"
2026-09-07 21:25:09,180 WARNING crawler.llm.vertex_provider: Vertex AI lỗi tạm thời (lần 2/6), đợi 4.1s rồi thử lại: 429 RESOURCE_EXHAUSTED. {'error': {'code': 429, 'message': 'Resource exhausted. Please try again later. Please refer to 
2026-09-07 21:25:09,459 INFO httpx: HTTP Request: POST https://us-central1-aiplatform.googleapis.com/v1beta1/projects/project-bf21b155-6b73-4230-8ef/locations/us-central1/publishers/google/models/gemini-2.5-flash:generateContent "HTTP/1.1 429 Too Many Requests"
2026-09-07 21:25:09,464 WARNING crawler.llm.vertex_provider: Vertex AI lỗi tạm thời (lần 1/6), đợi 2.2s rồi thử lại: 429 RESOURCE_EXHAUSTED. {'error': {'code': 429, 'message': 'Resource exhausted. Please try again later. Please refer to 
2026-09-07 21:25:11,014 INFO google_genai.models: AFC is enabled with max remote calls: 10.
2026-09-07 21:25:11,711 INFO google_genai.models: AFC is enabled with max remote calls: 10.
2026-09-07 21:25:12,497 INFO crawler.fetch.stealth_fetch: https://duhal.com.vn/den-khan-cap-chong-no-8w-kcn0082 -> 429, retry lan 1
2026-09-07 21:25:12,498 INFO crawler.fetch.stealth_fetch: Server phản ứng chậm/từ chối - giãn nhịp fetch lên 4.0s
2026-09-07 21:25:12,866 INFO httpx: HTTP Request: POST https://us-central1-aiplatform.googleapis.com/v1beta1/projects/project-bf21b155-6b73-4230-8ef/locations/us-central1/publishers/google/models/gemini-2.5-flash:generateContent "HTTP/1.1 200 OK"
2026-09-07 21:25:12,961 INFO crawler.llm.fallback: Gọi LLM provider: vertex-ai
2026-09-07 21:25:12,961 INFO google_genai.models: AFC is enabled with max remote calls: 10.
2026-09-07 21:25:12,964 INFO httpx: HTTP Request: POST https://us-central1-aiplatform.googleapis.com/v1beta1/projects/project-bf21b155-6b73-4230-8ef/locations/us-central1/publishers/google/models/gemini-2.5-flash:generateContent "HTTP/1.1 200 OK"
2026-09-07 21:25:13,067 INFO crawler.llm.fallback: Gọi LLM provider: vertex-ai
2026-09-07 21:25:13,068 INFO google_genai.models: AFC is enabled with max remote calls: 10.
2026-09-07 21:25:13,252 INFO google_genai.models: AFC is enabled with max remote calls: 10.
2026-09-07 21:25:13,365 INFO httpx: HTTP Request: POST https://us-central1-aiplatform.googleapis.com/v1beta1/projects/project-bf21b155-6b73-4230-8ef/locations/us-central1/publishers/google/models/gemini-2.5-flash:generateContent "HTTP/1.1 429 Too Many Requests"
2026-09-07 21:25:13,366 WARNING crawler.llm.vertex_provider: Vertex AI lỗi tạm thời (lần 1/6), đợi 2.8s rồi thử lại: 429 RESOURCE_EXHAUSTED. {'error': {'code': 429, 'message': 'Resource exhausted. Please try again later. Please refer to 
2026-09-07 21:25:14,506 INFO httpx: HTTP Request: POST https://us-central1-aiplatform.googleapis.com/v1beta1/projects/project-bf21b155-6b73-4230-8ef/locations/us-central1/publishers/google/models/gemini-2.5-flash:generateContent "HTTP/1.1 429 Too Many Requests"
2026-09-07 21:25:14,507 WARNING crawler.llm.vertex_provider: Vertex AI lỗi tạm thời (lần 3/6), đợi 8.7s rồi thử lại: 429 RESOURCE_EXHAUSTED. {'error': {'code': 429, 'message': 'Resource exhausted. Please try again later. Please refer to 
2026-09-07 21:25:14,538 INFO httpx: HTTP Request: POST https://us-central1-aiplatform.googleapis.com/v1beta1/projects/project-bf21b155-6b73-4230-8ef/locations/us-central1/publishers/google/models/gemini-2.5-flash:generateContent "HTTP/1.1 200 OK"
2026-09-07 21:25:14,656 INFO crawler.llm.fallback: Gọi LLM provider: vertex-ai
2026-09-07 21:25:14,656 INFO google_genai.models: AFC is enabled with max remote calls: 10.
2026-09-07 21:25:15,498 INFO google_genai.models: AFC is enabled with max remote calls: 10.
2026-09-07 21:25:16,174 INFO google_genai.models: AFC is enabled with max remote calls: 10.
2026-09-07 21:25:16,272 INFO httpx: HTTP Request: POST https://us-central1-aiplatform.googleapis.com/v1beta1/projects/project-bf21b155-6b73-4230-8ef/locations/us-central1/publishers/google/models/gemini-2.5-flash:generateContent "HTTP/1.1 200 OK"
2026-09-07 21:25:16,382 INFO crawler.llm.fallback: Gọi LLM provider: vertex-ai
2026-09-07 21:25:16,382 INFO google_genai.models: AFC is enabled with max remote calls: 10.
2026-09-07 21:25:16,518 INFO crawler.fetch.stealth_fetch: https://duhal.com.vn/den-khan-cap-chong-no-8w-kcn0082 -> 429, retry lan 2
2026-09-07 21:25:16,518 INFO crawler.fetch.stealth_fetch: Server phản ứng chậm/từ chối - giãn nhịp fetch lên 8.0s
2026-09-07 21:25:16,692 INFO httpx: HTTP Request: POST https://us-central1-aiplatform.googleapis.com/v1beta1/projects/project-bf21b155-6b73-4230-8ef/locations/us-central1/publishers/google/models/gemini-2.5-flash:generateContent "HTTP/1.1 429 Too Many Requests"
2026-09-07 21:25:16,697 WARNING crawler.llm.vertex_provider: Vertex AI lỗi tạm thời (lần 1/6), đợi 2.7s rồi thử lại: 429 RESOURCE_EXHAUSTED. {'error': {'code': 429, 'message': 'Resource exhausted. Please try again later. Please refer to 
2026-09-07 21:25:16,996 INFO httpx: HTTP Request: POST https://us-central1-aiplatform.googleapis.com/v1beta1/projects/project-bf21b155-6b73-4230-8ef/locations/us-central1/publishers/google/models/gemini-2.5-flash:generateContent "HTTP/1.1 200 OK"
2026-09-07 21:25:17,109 INFO crawler.llm.fallback: Gọi LLM provider: vertex-ai
2026-09-07 21:25:17,110 INFO google_genai.models: AFC is enabled with max remote calls: 10.
2026-09-07 21:25:17,474 INFO httpx: HTTP Request: POST https://us-central1-aiplatform.googleapis.com/v1beta1/projects/project-bf21b155-6b73-4230-8ef/locations/us-central1/publishers/google/models/gemini-2.5-flash:generateContent "HTTP/1.1 429 Too Many Requests"
2026-09-07 21:25:17,475 WARNING crawler.llm.vertex_provider: Vertex AI lỗi tạm thời (lần 1/6), đợi 2.6s rồi thử lại: 429 RESOURCE_EXHAUSTED. {'error': {'code': 429, 'message': 'Resource exhausted. Please try again later. Please refer to 
2026-09-07 21:25:17,884 INFO httpx: HTTP Request: POST https://us-central1-aiplatform.googleapis.com/v1beta1/projects/project-bf21b155-6b73-4230-8ef/locations/us-central1/publishers/google/models/gemini-2.5-flash:generateContent "HTTP/1.1 200 OK"
2026-09-07 21:25:17,986 INFO crawler.llm.fallback: Gọi LLM provider: vertex-ai
2026-09-07 21:25:17,986 INFO google_genai.models: AFC is enabled with max remote calls: 10.
2026-09-07 21:25:18,396 INFO httpx: HTTP Request: POST https://us-central1-aiplatform.googleapis.com/v1beta1/projects/project-bf21b155-6b73-4230-8ef/locations/us-central1/publishers/google/models/gemini-2.5-flash:generateContent "HTTP/1.1 429 Too Many Requests"
2026-09-07 21:25:18,397 WARNING crawler.llm.vertex_provider: Vertex AI lỗi tạm thời (lần 1/6), đợi 2.2s rồi thử lại: 429 RESOURCE_EXHAUSTED. {'error': {'code': 429, 'message': 'Resource exhausted. Please try again later. Please refer to 
2026-09-07 21:25:19,432 INFO google_genai.models: AFC is enabled with max remote calls: 10.
2026-09-07 21:25:19,768 INFO httpx: HTTP Request: POST https://us-central1-aiplatform.googleapis.com/v1beta1/projects/project-bf21b155-6b73-4230-8ef/locations/us-central1/publishers/google/models/gemini-2.5-flash:generateContent "HTTP/1.1 429 Too Many Requests"
2026-09-07 21:25:19,772 WARNING crawler.llm.vertex_provider: Vertex AI lỗi tạm thời (lần 2/6), đợi 4.2s rồi thử lại: 429 RESOURCE_EXHAUSTED. {'error': {'code': 429, 'message': 'Resource exhausted. Please try again later. Please refer to 
2026-09-07 21:25:20,102 INFO google_genai.models: AFC is enabled with max remote calls: 10.
2026-09-07 21:25:20,407 INFO httpx: HTTP Request: POST https://us-central1-aiplatform.googleapis.com/v1beta1/projects/project-bf21b155-6b73-4230-8ef/locations/us-central1/publishers/google/models/gemini-2.5-flash:generateContent "HTTP/1.1 429 Too Many Requests"
2026-09-07 21:25:20,412 WARNING crawler.llm.vertex_provider: Vertex AI lỗi tạm thời (lần 2/6), đợi 4.6s rồi thử lại: 429 RESOURCE_EXHAUSTED. {'error': {'code': 429, 'message': 'Resource exhausted. Please try again later. Please refer to 
2026-09-07 21:25:20,619 INFO google_genai.models: AFC is enabled with max remote calls: 10.
2026-09-07 21:25:20,956 INFO httpx: HTTP Request: POST https://us-central1-aiplatform.googleapis.com/v1beta1/projects/project-bf21b155-6b73-4230-8ef/locations/us-central1/publishers/google/models/gemini-2.5-flash:generateContent "HTTP/1.1 429 Too Many Requests"
2026-09-07 21:25:20,957 WARNING crawler.llm.vertex_provider: Vertex AI lỗi tạm thời (lần 2/6), đợi 4.9s rồi thử lại: 429 RESOURCE_EXHAUSTED. {'error': {'code': 429, 'message': 'Resource exhausted. Please try again later. Please refer to 
2026-09-07 21:25:23,229 INFO google_genai.models: AFC is enabled with max remote calls: 10.
2026-09-07 21:25:23,540 INFO httpx: HTTP Request: POST https://us-central1-aiplatform.googleapis.com/v1beta1/projects/project-bf21b155-6b73-4230-8ef/locations/us-central1/publishers/google/models/gemini-2.5-flash:generateContent "HTTP/1.1 429 Too Many Requests"
2026-09-07 21:25:23,544 WARNING crawler.llm.vertex_provider: Vertex AI lỗi tạm thời (lần 4/6), đợi 16.8s rồi thử lại: 429 RESOURCE_EXHAUSTED. {'error': {'code': 429, 'message': 'Resource exhausted. Please try again later. Please refer to 
2026-09-07 21:25:23,967 INFO google_genai.models: AFC is enabled with max remote calls: 10.
2026-09-07 21:25:24,276 INFO httpx: HTTP Request: POST https://us-central1-aiplatform.googleapis.com/v1beta1/projects/project-bf21b155-6b73-4230-8ef/locations/us-central1/publishers/google/models/gemini-2.5-flash:generateContent "HTTP/1.1 429 Too Many Requests"
2026-09-07 21:25:24,280 WARNING crawler.llm.vertex_provider: Vertex AI lỗi tạm thời (lần 3/6), đợi 8.9s rồi thử lại: 429 RESOURCE_EXHAUSTED. {'error': {'code': 429, 'message': 'Resource exhausted. Please try again later. Please refer to 
2026-09-07 21:25:25,016 INFO google_genai.models: AFC is enabled with max remote calls: 10.
2026-09-07 21:25:25,359 INFO httpx: HTTP Request: POST https://us-central1-aiplatform.googleapis.com/v1beta1/projects/project-bf21b155-6b73-4230-8ef/locations/us-central1/publishers/google/models/gemini-2.5-flash:generateContent "HTTP/1.1 429 Too Many Requests"
2026-09-07 21:25:25,360 WARNING crawler.llm.vertex_provider: Vertex AI lỗi tạm thời (lần 3/6), đợi 8.9s rồi thử lại: 429 RESOURCE_EXHAUSTED. {'error': {'code': 429, 'message': 'Resource exhausted. Please try again later. Please refer to 
2026-09-07 21:25:25,886 INFO google_genai.models: AFC is enabled with max remote calls: 10.
2026-09-07 21:25:26,185 INFO httpx: HTTP Request: POST https://us-central1-aiplatform.googleapis.com/v1beta1/projects/project-bf21b155-6b73-4230-8ef/locations/us-central1/publishers/google/models/gemini-2.5-flash:generateContent "HTTP/1.1 429 Too Many Requests"
2026-09-07 21:25:26,190 WARNING crawler.llm.vertex_provider: Vertex AI lỗi tạm thời (lần 3/6), đợi 8.4s rồi thử lại: 429 RESOURCE_EXHAUSTED. {'error': {'code': 429, 'message': 'Resource exhausted. Please try again later. Please refer to 
2026-09-07 21:25:32,535 INFO crawler.fetch.stealth_fetch: https://duhal.com.vn/den-led-am-nuoc-anh-sang-don-sac-12w-dma312 -> 429, retry lan 1
2026-09-07 21:25:32,535 INFO crawler.fetch.stealth_fetch: Server phản ứng chậm/từ chối - giãn nhịp fetch lên 15.0s
2026-09-07 21:25:33,158 INFO google_genai.models: AFC is enabled with max remote calls: 10.
2026-09-07 21:25:34,247 INFO google_genai.models: AFC is enabled with max remote calls: 10.
2026-09-07 21:25:34,391 INFO httpx: HTTP Request: POST https://us-central1-aiplatform.googleapis.com/v1beta1/projects/project-bf21b155-6b73-4230-8ef/locations/us-central1/publishers/google/models/gemini-2.5-flash:generateContent "HTTP/1.1 429 Too Many Requests"
2026-09-07 21:25:34,392 WARNING crawler.llm.vertex_provider: Vertex AI lỗi tạm thời (lần 4/6), đợi 16.1s rồi thử lại: 429 RESOURCE_EXHAUSTED. {'error': {'code': 429, 'message': 'Resource exhausted. Please try again later. Please refer to 
2026-09-07 21:25:34,633 INFO google_genai.models: AFC is enabled with max remote calls: 10.
2026-09-07 21:25:34,985 INFO httpx: HTTP Request: POST https://us-central1-aiplatform.googleapis.com/v1beta1/projects/project-bf21b155-6b73-4230-8ef/locations/us-central1/publishers/google/models/gemini-2.5-flash:generateContent "HTTP/1.1 429 Too Many Requests"
2026-09-07 21:25:34,986 WARNING crawler.llm.vertex_provider: Vertex AI lỗi tạm thời (lần 4/6), đợi 16.7s rồi thử lại: 429 RESOURCE_EXHAUSTED. {'error': {'code': 429, 'message': 'Resource exhausted. Please try again later. Please refer to 
2026-09-07 21:25:35,504 INFO httpx: HTTP Request: POST https://us-central1-aiplatform.googleapis.com/v1beta1/projects/project-bf21b155-6b73-4230-8ef/locations/us-central1/publishers/google/models/gemini-2.5-flash:generateContent "HTTP/1.1 429 Too Many Requests"
2026-09-07 21:25:35,505 WARNING crawler.llm.vertex_provider: Vertex AI lỗi tạm thời (lần 4/6), đợi 16.9s rồi thử lại: 429 RESOURCE_EXHAUSTED. {'error': {'code': 429, 'message': 'Resource exhausted. Please try again later. Please refer to 
2026-09-07 21:25:40,303 INFO google_genai.models: AFC is enabled with max remote calls: 10.
2026-09-07 21:25:40,627 INFO httpx: HTTP Request: POST https://us-central1-aiplatform.googleapis.com/v1beta1/projects/project-bf21b155-6b73-4230-8ef/locations/us-central1/publishers/google/models/gemini-2.5-flash:generateContent "HTTP/1.1 429 Too Many Requests"
2026-09-07 21:25:40,629 WARNING crawler.llm.vertex_provider: Vertex AI lỗi tạm thời (lần 5/6), đợi 32.6s rồi thử lại: 429 RESOURCE_EXHAUSTED. {'error': {'code': 429, 'message': 'Resource exhausted. Please try again later. Please refer to 
2026-09-07 21:25:50,446 INFO google_genai.models: AFC is enabled with max remote calls: 10.
2026-09-07 21:25:51,650 INFO google_genai.models: AFC is enabled with max remote calls: 10.
2026-09-07 21:25:51,695 INFO httpx: HTTP Request: POST https://us-central1-aiplatform.googleapis.com/v1beta1/projects/project-bf21b155-6b73-4230-8ef/locations/us-central1/publishers/google/models/gemini-2.5-flash:generateContent "HTTP/1.1 429 Too Many Requests"
2026-09-07 21:25:51,697 WARNING crawler.llm.vertex_provider: Vertex AI lỗi tạm thời (lần 5/6), đợi 32.5s rồi thử lại: 429 RESOURCE_EXHAUSTED. {'error': {'code': 429, 'message': 'Resource exhausted. Please try again later. Please refer to 
2026-09-07 21:25:52,372 INFO google_genai.models: AFC is enabled with max remote calls: 10.
2026-09-07 21:25:52,701 INFO httpx: HTTP Request: POST https://us-central1-aiplatform.googleapis.com/v1beta1/projects/project-bf21b155-6b73-4230-8ef/locations/us-central1/publishers/google/models/gemini-2.5-flash:generateContent "HTTP/1.1 429 Too Many Requests"
2026-09-07 21:25:52,703 WARNING crawler.llm.vertex_provider: Vertex AI lỗi tạm thời (lần 5/6), đợi 32.6s rồi thử lại: 429 RESOURCE_EXHAUSTED. {'error': {'code': 429, 'message': 'Resource exhausted. Please try again later. Please refer to 
2026-09-07 21:25:52,906 INFO httpx: HTTP Request: POST https://us-central1-aiplatform.googleapis.com/v1beta1/projects/project-bf21b155-6b73-4230-8ef/locations/us-central1/publishers/google/models/gemini-2.5-flash:generateContent "HTTP/1.1 429 Too Many Requests"
2026-09-07 21:25:52,907 WARNING crawler.llm.vertex_provider: Vertex AI lỗi tạm thời (lần 5/6), đợi 32.4s rồi thử lại: 429 RESOURCE_EXHAUSTED. {'error': {'code': 429, 'message': 'Resource exhausted. Please try again later. Please refer to 
2026-09-07 21:26:13,214 INFO google_genai.models: AFC is enabled with max remote calls: 10.
2026-09-07 21:26:15,403 INFO httpx: HTTP Request: POST https://us-central1-aiplatform.googleapis.com/v1beta1/projects/project-bf21b155-6b73-4230-8ef/locations/us-central1/publishers/google/models/gemini-2.5-flash:generateContent "HTTP/1.1 200 OK"
2026-09-07 21:26:15,581 INFO crawler.llm.fallback: Gọi LLM provider: vertex-ai
2026-09-07 21:26:15,582 INFO google_genai.models: AFC is enabled with max remote calls: 10.
2026-09-07 21:26:15,904 INFO httpx: HTTP Request: POST https://us-central1-aiplatform.googleapis.com/v1beta1/projects/project-bf21b155-6b73-4230-8ef/locations/us-central1/publishers/google/models/gemini-2.5-flash:generateContent "HTTP/1.1 429 Too Many Requests"
2026-09-07 21:26:15,905 WARNING crawler.llm.vertex_provider: Vertex AI lỗi tạm thời (lần 1/6), đợi 2.7s rồi thử lại: 429 RESOURCE_EXHAUSTED. {'error': {'code': 429, 'message': 'Resource exhausted. Please try again later. Please refer to 
2026-09-07 21:26:17,617 INFO crawler.fetch.stealth_fetch: https://duhal.com.vn/den-led-am-tran-trang-tri-12w-dfa1121 -> 429, retry lan 1
2026-09-07 21:26:17,617 INFO crawler.fetch.stealth_fetch: Server phản ứng chậm/từ chối - giãn nhịp fetch lên 1.0s
2026-09-07 21:26:18,558 INFO google_genai.models: AFC is enabled with max remote calls: 10.
2026-09-07 21:26:18,915 INFO httpx: HTTP Request: POST https://us-central1-aiplatform.googleapis.com/v1beta1/projects/project-bf21b155-6b73-4230-8ef/locations/us-central1/publishers/google/models/gemini-2.5-flash:generateContent "HTTP/1.1 429 Too Many Requests"
2026-09-07 21:26:18,917 WARNING crawler.llm.vertex_provider: Vertex AI lỗi tạm thời (lần 2/6), đợi 4.9s rồi thử lại: 429 RESOURCE_EXHAUSTED. {'error': {'code': 429, 'message': 'Resource exhausted. Please try again later. Please refer to 
2026-09-07 21:26:19,427 INFO crawler.fetch.stealth_fetch: https://duhal.com.vn/den-led-am-tran-trang-tri-12w-dfa1121 -> 429, retry lan 2
2026-09-07 21:26:19,428 INFO crawler.fetch.stealth_fetch: Server phản ứng chậm/từ chối - giãn nhịp fetch lên 2.0s
2026-09-07 21:26:23,796 INFO google_genai.models: AFC is enabled with max remote calls: 10.
2026-09-07 21:26:24,138 INFO httpx: HTTP Request: POST https://us-central1-aiplatform.googleapis.com/v1beta1/projects/project-bf21b155-6b73-4230-8ef/locations/us-central1/publishers/google/models/gemini-2.5-flash:generateContent "HTTP/1.1 429 Too Many Requests"
2026-09-07 21:26:24,140 WARNING crawler.llm.vertex_provider: Vertex AI lỗi tạm thời (lần 3/6), đợi 8.1s rồi thử lại: 429 RESOURCE_EXHAUSTED. {'error': {'code': 429, 'message': 'Resource exhausted. Please try again later. Please refer to 
2026-09-07 21:26:24,149 INFO google_genai.models: AFC is enabled with max remote calls: 10.
2026-09-07 21:26:24,663 INFO httpx: HTTP Request: POST https://us-central1-aiplatform.googleapis.com/v1beta1/projects/project-bf21b155-6b73-4230-8ef/locations/us-central1/publishers/google/models/gemini-2.5-flash:generateContent "HTTP/1.1 429 Too Many Requests"
2026-09-07 21:26:24,670 WARNING crawler.llm.fallback: Provider vertex-ai thất bại (Vertex AI lỗi: 429 RESOURCE_EXHAUSTED. {'error': {'code': 429, 'message': 'Resource exhausted. Please try again later. Please refer to https://cloud.google.com/vertex-ai/generative-ai/docs/error-code-429 for more details.', 'status': 'RESOURCE_EXHAUSTED'}}), chuyển sang provider tiếp theo
2026-09-07 21:26:24,670 INFO crawler.llm.fallback: Gọi LLM provider: deepseek
2026-09-07 21:26:24,749 INFO crawler.fetch.stealth_fetch: https://duhal.com.vn/den-led-am-tran-trang-tri-12w-dfa1122 -> 429, retry lan 1
2026-09-07 21:26:24,749 INFO crawler.fetch.stealth_fetch: Server phản ứng chậm/từ chối - giãn nhịp fetch lên 4.0s
2026-09-07 21:26:25,196 INFO httpx2: HTTP Request: POST https://api.deepseek.com/chat/completions "HTTP/1.1 402 Payment Required"
2026-09-07 21:26:25,197 WARNING crawler.llm.fallback: Provider deepseek thất bại (DeepSeek lỗi: Error code: 402 - {'error': {'message': 'Insufficient Balance', 'type': 'unknown_error', 'param': None, 'code': 'invalid_request_error'}}), chuyển sang provider tiếp theo
2026-09-07 21:26:25,197 WARNING crawler.pipeline: Tầng 2 (LLM) thất bại cho https://duhal.com.vn/den-downlight-gan-noi-lgn-5: Tất cả LLM provider đều thất bại: DeepSeek lỗi: Error code: 402 - {'error': {'message': 'Insufficient Balance', 'type': 'unknown_error', 'param': None, 'code': 'invalid_request_error'}}
2026-09-07 21:26:25,291 INFO crawler.llm.fallback: Gọi LLM provider: vertex-ai
2026-09-07 21:26:25,291 INFO google_genai.models: AFC is enabled with max remote calls: 10.
2026-09-07 21:26:25,297 INFO google_genai.models: AFC is enabled with max remote calls: 10.
2026-09-07 21:26:25,313 INFO google_genai.models: AFC is enabled with max remote calls: 10.
2026-09-07 21:26:25,617 INFO httpx: HTTP Request: POST https://us-central1-aiplatform.googleapis.com/v1beta1/projects/project-bf21b155-6b73-4230-8ef/locations/us-central1/publishers/google/models/gemini-2.5-flash:generateContent "HTTP/1.1 429 Too Many Requests"
2026-09-07 21:26:25,618 WARNING crawler.llm.vertex_provider: Vertex AI lỗi tạm thời (lần 1/6), đợi 2.2s rồi thử lại: 429 RESOURCE_EXHAUSTED. {'error': {'code': 429, 'message': 'Resource exhausted. Please try again later. Please refer to 
2026-09-07 21:26:26,596 INFO httpx: HTTP Request: POST https://us-central1-aiplatform.googleapis.com/v1beta1/projects/project-bf21b155-6b73-4230-8ef/locations/us-central1/publishers/google/models/gemini-2.5-flash:generateContent "HTTP/1.1 429 Too Many Requests"
2026-09-07 21:26:26,597 INFO httpx: HTTP Request: POST https://us-central1-aiplatform.googleapis.com/v1beta1/projects/project-bf21b155-6b73-4230-8ef/locations/us-central1/publishers/google/models/gemini-2.5-flash:generateContent "HTTP/1.1 429 Too Many Requests"
2026-09-07 21:26:26,599 WARNING crawler.llm.fallback: Provider vertex-ai thất bại (Vertex AI lỗi: 429 RESOURCE_EXHAUSTED. {'error': {'code': 429, 'message': 'Resource exhausted. Please try again later. Please refer to https://cloud.google.com/vertex-ai/generative-ai/docs/error-code-429 for more details.', 'status': 'RESOURCE_EXHAUSTED'}}), chuyển sang provider tiếp theo
2026-09-07 21:26:26,599 INFO crawler.llm.fallback: Gọi LLM provider: deepseek
2026-09-07 21:26:26,601 WARNING crawler.llm.fallback: Provider vertex-ai thất bại (Vertex AI lỗi: 429 RESOURCE_EXHAUSTED. {'error': {'code': 429, 'message': 'Resource exhausted. Please try again later. Please refer to https://cloud.google.com/vertex-ai/generative-ai/docs/error-code-429 for more details.', 'status': 'RESOURCE_EXHAUSTED'}}), chuyển sang provider tiếp theo
2026-09-07 21:26:26,602 INFO crawler.llm.fallback: Gọi LLM provider: deepseek
2026-09-07 21:26:27,107 INFO httpx2: HTTP Request: POST https://api.deepseek.com/chat/completions "HTTP/1.1 402 Payment Required"
2026-09-07 21:26:27,108 WARNING crawler.llm.fallback: Provider deepseek thất bại (DeepSeek lỗi: Error code: 402 - {'error': {'message': 'Insufficient Balance', 'type': 'unknown_error', 'param': None, 'code': 'invalid_request_error'}}), chuyển sang provider tiếp theo
2026-09-07 21:26:27,109 WARNING crawler.pipeline: Tầng 2 (LLM) thất bại cho https://duhal.com.vn/den-downlight-gan-noi-lvn-35: Tất cả LLM provider đều thất bại: DeepSeek lỗi: Error code: 402 - {'error': {'message': 'Insufficient Balance', 'type': 'unknown_error', 'param': None, 'code': 'invalid_request_error'}}
2026-09-07 21:26:27,110 INFO httpx2: HTTP Request: POST https://api.deepseek.com/chat/completions "HTTP/1.1 402 Payment Required"
2026-09-07 21:26:27,111 WARNING crawler.llm.fallback: Provider deepseek thất bại (DeepSeek lỗi: Error code: 402 - {'error': {'message': 'Insufficient Balance', 'type': 'unknown_error', 'param': None, 'code': 'invalid_request_error'}}), chuyển sang provider tiếp theo
2026-09-07 21:26:27,111 WARNING crawler.pipeline: Tầng 2 (LLM) thất bại cho https://duhal.com.vn/den-downlight-gan-noi-lgn-6: Tất cả LLM provider đều thất bại: DeepSeek lỗi: Error code: 402 - {'error': {'message': 'Insufficient Balance', 'type': 'unknown_error', 'param': None, 'code': 'invalid_request_error'}}
2026-09-07 21:26:27,533 INFO crawler.llm.fallback: Gọi LLM provider: vertex-ai
2026-09-07 21:26:27,533 INFO google_genai.models: AFC is enabled with max remote calls: 10.
2026-09-07 21:26:27,540 INFO crawler.llm.fallback: Gọi LLM provider: vertex-ai
2026-09-07 21:26:27,540 INFO google_genai.models: AFC is enabled with max remote calls: 10.
2026-09-07 21:26:27,831 INFO httpx: HTTP Request: POST https://us-central1-aiplatform.googleapis.com/v1beta1/projects/project-bf21b155-6b73-4230-8ef/locations/us-central1/publishers/google/models/gemini-2.5-flash:generateContent "HTTP/1.1 429 Too Many Requests"
2026-09-07 21:26:27,836 WARNING crawler.llm.vertex_provider: Vertex AI lỗi tạm thời (lần 1/6), đợi 2.3s rồi thử lại: 429 RESOURCE_EXHAUSTED. {'error': {'code': 429, 'message': 'Resource exhausted. Please try again later. Please refer to 
2026-09-07 21:26:27,837 INFO google_genai.models: AFC is enabled with max remote calls: 10.
2026-09-07 21:26:28,235 INFO httpx: HTTP Request: POST https://us-central1-aiplatform.googleapis.com/v1beta1/projects/project-bf21b155-6b73-4230-8ef/locations/us-central1/publishers/google/models/gemini-2.5-flash:generateContent "HTTP/1.1 429 Too Many Requests"
2026-09-07 21:26:28,236 WARNING crawler.llm.vertex_provider: Vertex AI lỗi tạm thời (lần 2/6), đợi 4.8s rồi thử lại: 429 RESOURCE_EXHAUSTED. {'error': {'code': 429, 'message': 'Resource exhausted. Please try again later. Please refer to 
2026-09-07 21:26:28,761 INFO crawler.fetch.stealth_fetch: https://duhal.com.vn/den-led-am-tran-trang-tri-12w-dfa1122 -> 429, retry lan 2
2026-09-07 21:26:28,761 INFO crawler.fetch.stealth_fetch: Server phản ứng chậm/từ chối - giãn nhịp fetch lên 8.0s
2026-09-07 21:26:30,077 INFO httpx: HTTP Request: POST https://us-central1-aiplatform.googleapis.com/v1beta1/projects/project-bf21b155-6b73-4230-8ef/locations/us-central1/publishers/google/models/gemini-2.5-flash:generateContent "HTTP/1.1 200 OK"
2026-09-07 21:26:30,106 INFO google_genai.models: AFC is enabled with max remote calls: 10.
2026-09-07 21:26:30,187 INFO crawler.llm.fallback: Gọi LLM provider: vertex-ai
2026-09-07 21:26:30,188 INFO google_genai.models: AFC is enabled with max remote calls: 10.
2026-09-07 21:26:30,437 INFO httpx: HTTP Request: POST https://us-central1-aiplatform.googleapis.com/v1beta1/projects/project-bf21b155-6b73-4230-8ef/locations/us-central1/publishers/google/models/gemini-2.5-flash:generateContent "HTTP/1.1 429 Too Many Requests"
2026-09-07 21:26:30,438 WARNING crawler.llm.vertex_provider: Vertex AI lỗi tạm thời (lần 2/6), đợi 4.4s rồi thử lại: 429 RESOURCE_EXHAUSTED. {'error': {'code': 429, 'message': 'Resource exhausted. Please try again later. Please refer to 
2026-09-07 21:26:30,531 INFO httpx: HTTP Request: POST https://us-central1-aiplatform.googleapis.com/v1beta1/projects/project-bf21b155-6b73-4230-8ef/locations/us-central1/publishers/google/models/gemini-2.5-flash:generateContent "HTTP/1.1 429 Too Many Requests"
2026-09-07 21:26:30,536 WARNING crawler.llm.vertex_provider: Vertex AI lỗi tạm thời (lần 1/6), đợi 2.3s rồi thử lại: 429 RESOURCE_EXHAUSTED. {'error': {'code': 429, 'message': 'Resource exhausted. Please try again later. Please refer to 
2026-09-07 21:26:32,280 INFO google_genai.models: AFC is enabled with max remote calls: 10.
2026-09-07 21:26:32,570 INFO httpx: HTTP Request: POST https://us-central1-aiplatform.googleapis.com/v1beta1/projects/project-bf21b155-6b73-4230-8ef/locations/us-central1/publishers/google/models/gemini-2.5-flash:generateContent "HTTP/1.1 429 Too Many Requests"
2026-09-07 21:26:32,575 WARNING crawler.llm.vertex_provider: Vertex AI lỗi tạm thời (lần 4/6), đợi 16.2s rồi thử lại: 429 RESOURCE_EXHAUSTED. {'error': {'code': 429, 'message': 'Resource exhausted. Please try again later. Please refer to 
2026-09-07 21:26:32,803 INFO google_genai.models: AFC is enabled with max remote calls: 10.
2026-09-07 21:26:33,082 INFO google_genai.models: AFC is enabled with max remote calls: 10.
2026-09-07 21:26:33,094 INFO httpx: HTTP Request: POST https://us-central1-aiplatform.googleapis.com/v1beta1/projects/project-bf21b155-6b73-4230-8ef/locations/us-central1/publishers/google/models/gemini-2.5-flash:generateContent "HTTP/1.1 429 Too Many Requests"
2026-09-07 21:26:33,100 WARNING crawler.llm.vertex_provider: Vertex AI lỗi tạm thời (lần 2/6), đợi 4.6s rồi thử lại: 429 RESOURCE_EXHAUSTED. {'error': {'code': 429, 'message': 'Resource exhausted. Please try again later. Please refer to 
2026-09-07 21:26:33,662 INFO httpx: HTTP Request: POST https://us-central1-aiplatform.googleapis.com/v1beta1/projects/project-bf21b155-6b73-4230-8ef/locations/us-central1/publishers/google/models/gemini-2.5-flash:generateContent "HTTP/1.1 429 Too Many Requests"
2026-09-07 21:26:33,663 WARNING crawler.llm.vertex_provider: Vertex AI lỗi tạm thời (lần 3/6), đợi 8.8s rồi thử lại: 429 RESOURCE_EXHAUSTED. {'error': {'code': 429, 'message': 'Resource exhausted. Please try again later. Please refer to 
2026-09-07 21:26:34,789 INFO google_genai.models: AFC is enabled with max remote calls: 10.
2026-09-07 21:26:35,105 INFO httpx: HTTP Request: POST https://us-central1-aiplatform.googleapis.com/v1beta1/projects/project-bf21b155-6b73-4230-8ef/locations/us-central1/publishers/google/models/gemini-2.5-flash:generateContent "HTTP/1.1 429 Too Many Requests"
2026-09-07 21:26:35,109 WARNING crawler.llm.vertex_provider: Vertex AI lỗi tạm thời (lần 3/6), đợi 8.1s rồi thử lại: 429 RESOURCE_EXHAUSTED. {'error': {'code': 429, 'message': 'Resource exhausted. Please try again later. Please refer to 
2026-09-07 21:26:37,728 INFO google_genai.models: AFC is enabled with max remote calls: 10.
2026-09-07 21:26:39,703 INFO httpx: HTTP Request: POST https://us-central1-aiplatform.googleapis.com/v1beta1/projects/project-bf21b155-6b73-4230-8ef/locations/us-central1/publishers/google/models/gemini-2.5-flash:generateContent "HTTP/1.1 200 OK"
2026-09-07 21:26:39,844 INFO crawler.llm.fallback: Gọi LLM provider: vertex-ai
2026-09-07 21:26:39,845 INFO google_genai.models: AFC is enabled with max remote calls: 10.
2026-09-07 21:26:40,146 INFO httpx: HTTP Request: POST https://us-central1-aiplatform.googleapis.com/v1beta1/projects/project-bf21b155-6b73-4230-8ef/locations/us-central1/publishers/google/models/gemini-2.5-flash:generateContent "HTTP/1.1 429 Too Many Requests"
2026-09-07 21:26:40,151 WARNING crawler.llm.vertex_provider: Vertex AI lỗi tạm thời (lần 1/6), đợi 2.4s rồi thử lại: 429 RESOURCE_EXHAUSTED. {'error': {'code': 429, 'message': 'Resource exhausted. Please try again later. Please refer to 
2026-09-07 21:26:42,433 INFO google_genai.models: AFC is enabled with max remote calls: 10.
2026-09-07 21:26:42,593 INFO google_genai.models: AFC is enabled with max remote calls: 10.
2026-09-07 21:26:42,734 INFO httpx: HTTP Request: POST https://us-central1-aiplatform.googleapis.com/v1beta1/projects/project-bf21b155-6b73-4230-8ef/locations/us-central1/publishers/google/models/gemini-2.5-flash:generateContent "HTTP/1.1 429 Too Many Requests"
2026-09-07 21:26:42,737 WARNING crawler.llm.vertex_provider: Vertex AI lỗi tạm thời (lần 4/6), đợi 16.5s rồi thử lại: 429 RESOURCE_EXHAUSTED. {'error': {'code': 429, 'message': 'Resource exhausted. Please try again later. Please refer to 
2026-09-07 21:26:43,209 INFO google_genai.models: AFC is enabled with max remote calls: 10.
2026-09-07 21:26:43,595 INFO httpx: HTTP Request: POST https://us-central1-aiplatform.googleapis.com/v1beta1/projects/project-bf21b155-6b73-4230-8ef/locations/us-central1/publishers/google/models/gemini-2.5-flash:generateContent "HTTP/1.1 429 Too Many Requests"
2026-09-07 21:26:43,597 WARNING crawler.llm.vertex_provider: Vertex AI lỗi tạm thời (lần 4/6), đợi 16.1s rồi thử lại: 429 RESOURCE_EXHAUSTED. {'error': {'code': 429, 'message': 'Resource exhausted. Please try again later. Please refer to 
2026-09-07 21:26:43,902 INFO httpx: HTTP Request: POST https://us-central1-aiplatform.googleapis.com/v1beta1/projects/project-bf21b155-6b73-4230-8ef/locations/us-central1/publishers/google/models/gemini-2.5-flash:generateContent "HTTP/1.1 429 Too Many Requests"
2026-09-07 21:26:43,903 WARNING crawler.llm.vertex_provider: Vertex AI lỗi tạm thời (lần 2/6), đợi 4.9s rồi thử lại: 429 RESOURCE_EXHAUSTED. {'error': {'code': 429, 'message': 'Resource exhausted. Please try again later. Please refer to 
2026-09-07 21:26:44,753 INFO crawler.fetch.stealth_fetch: https://duhal.com.vn/den-led-am-tran-trang-tri-12w-dfa1123 -> 429, retry lan 1
2026-09-07 21:26:44,753 INFO crawler.fetch.stealth_fetch: Server phản ứng chậm/từ chối - giãn nhịp fetch lên 15.0s
2026-09-07 21:26:48,819 INFO google_genai.models: AFC is enabled with max remote calls: 10.
2026-09-07 21:26:48,850 INFO google_genai.models: AFC is enabled with max remote calls: 10.
2026-09-07 21:26:49,151 INFO httpx: HTTP Request: POST https://us-central1-aiplatform.googleapis.com/v1beta1/projects/project-bf21b155-6b73-4230-8ef/locations/us-central1/publishers/google/models/gemini-2.5-flash:generateContent "HTTP/1.1 429 Too Many Requests"
2026-09-07 21:26:49,157 WARNING crawler.llm.vertex_provider: Vertex AI lỗi tạm thời (lần 5/6), đợi 32.1s rồi thử lại: 429 RESOURCE_EXHAUSTED. {'error': {'code': 429, 'message': 'Resource exhausted. Please try again later. Please refer to 
2026-09-07 21:26:50,081 INFO httpx: HTTP Request: POST https://us-central1-aiplatform.googleapis.com/v1beta1/projects/project-bf21b155-6b73-4230-8ef/locations/us-central1/publishers/google/models/gemini-2.5-flash:generateContent "HTTP/1.1 429 Too Many Requests"
2026-09-07 21:26:50,084 WARNING crawler.llm.vertex_provider: Vertex AI lỗi tạm thời (lần 3/6), đợi 8.3s rồi thử lại: 429 RESOURCE_EXHAUSTED. {'error': {'code': 429, 'message': 'Resource exhausted. Please try again later. Please refer to 
2026-09-07 21:26:58,424 INFO google_genai.models: AFC is enabled with max remote calls: 10.
2026-09-07 21:26:59,277 INFO google_genai.models: AFC is enabled with max remote calls: 10.
2026-09-07 21:26:59,674 INFO httpx: HTTP Request: POST https://us-central1-aiplatform.googleapis.com/v1beta1/projects/project-bf21b155-6b73-4230-8ef/locations/us-central1/publishers/google/models/gemini-2.5-flash:generateContent "HTTP/1.1 429 Too Many Requests"
2026-09-07 21:26:59,679 WARNING crawler.llm.vertex_provider: Vertex AI lỗi tạm thời (lần 4/6), đợi 16.3s rồi thử lại: 429 RESOURCE_EXHAUSTED. {'error': {'code': 429, 'message': 'Resource exhausted. Please try again later. Please refer to 
2026-09-07 21:26:59,698 INFO google_genai.models: AFC is enabled with max remote calls: 10.
2026-09-07 21:27:00,012 INFO httpx: HTTP Request: POST https://us-central1-aiplatform.googleapis.com/v1beta1/projects/project-bf21b155-6b73-4230-8ef/locations/us-central1/publishers/google/models/gemini-2.5-flash:generateContent "HTTP/1.1 429 Too Many Requests"
2026-09-07 21:27:00,017 WARNING crawler.llm.vertex_provider: Vertex AI lỗi tạm thời (lần 5/6), đợi 32.7s rồi thử lại: 429 RESOURCE_EXHAUSTED. {'error': {'code': 429, 'message': 'Resource exhausted. Please try again later. Please refer to 
2026-09-07 21:27:01,618 INFO httpx: HTTP Request: POST https://us-central1-aiplatform.googleapis.com/v1beta1/projects/project-bf21b155-6b73-4230-8ef/locations/us-central1/publishers/google/models/gemini-2.5-flash:generateContent "HTTP/1.1 200 OK"
2026-09-07 21:27:01,728 INFO crawler.llm.fallback: Gọi LLM provider: vertex-ai
2026-09-07 21:27:01,728 INFO google_genai.models: AFC is enabled with max remote calls: 10.
2026-09-07 21:27:02,060 INFO httpx: HTTP Request: POST https://us-central1-aiplatform.googleapis.com/v1beta1/projects/project-bf21b155-6b73-4230-8ef/locations/us-central1/publishers/google/models/gemini-2.5-flash:generateContent "HTTP/1.1 429 Too Many Requests"
2026-09-07 21:27:02,061 WARNING crawler.llm.vertex_provider: Vertex AI lỗi tạm thời (lần 1/6), đợi 2.9s rồi thử lại: 429 RESOURCE_EXHAUSTED. {'error': {'code': 429, 'message': 'Resource exhausted. Please try again later. Please refer to 
2026-09-07 21:27:04,958 INFO google_genai.models: AFC is enabled with max remote calls: 10.
2026-09-07 21:27:07,621 INFO httpx: HTTP Request: POST https://us-central1-aiplatform.googleapis.com/v1beta1/projects/project-bf21b155-6b73-4230-8ef/locations/us-central1/publishers/google/models/gemini-2.5-flash:generateContent "HTTP/1.1 200 OK"
2026-09-07 21:27:07,840 INFO crawler.llm.fallback: Gọi LLM provider: vertex-ai
2026-09-07 21:27:07,840 INFO google_genai.models: AFC is enabled with max remote calls: 10.
2026-09-07 21:27:09,605 INFO httpx: HTTP Request: POST https://us-central1-aiplatform.googleapis.com/v1beta1/projects/project-bf21b155-6b73-4230-8ef/locations/us-central1/publishers/google/models/gemini-2.5-flash:generateContent "HTTP/1.1 200 OK"
2026-09-07 21:27:09,716 INFO crawler.llm.fallback: Gọi LLM provider: vertex-ai
2026-09-07 21:27:09,716 INFO google_genai.models: AFC is enabled with max remote calls: 10.
2026-09-07 21:27:11,637 INFO httpx: HTTP Request: POST https://us-central1-aiplatform.googleapis.com/v1beta1/projects/project-bf21b155-6b73-4230-8ef/locations/us-central1/publishers/google/models/gemini-2.5-flash:generateContent "HTTP/1.1 200 OK"
2026-09-07 21:27:11,811 INFO crawler.llm.fallback: Gọi LLM provider: vertex-ai
2026-09-07 21:27:11,812 INFO google_genai.models: AFC is enabled with max remote calls: 10.
2026-09-07 21:27:13,364 INFO httpx: HTTP Request: POST https://us-central1-aiplatform.googleapis.com/v1beta1/projects/project-bf21b155-6b73-4230-8ef/locations/us-central1/publishers/google/models/gemini-2.5-flash:generateContent "HTTP/1.1 200 OK"
2026-09-07 21:27:13,821 INFO crawler.llm.fallback: Gọi LLM provider: vertex-ai
2026-09-07 21:27:13,821 INFO google_genai.models: AFC is enabled with max remote calls: 10.
2026-09-07 21:27:15,458 INFO httpx: HTTP Request: POST https://us-central1-aiplatform.googleapis.com/v1beta1/projects/project-bf21b155-6b73-4230-8ef/locations/us-central1/publishers/google/models/gemini-2.5-flash:generateContent "HTTP/1.1 200 OK"
2026-09-07 21:27:15,631 INFO crawler.llm.fallback: Gọi LLM provider: vertex-ai
2026-09-07 21:27:15,632 INFO google_genai.models: AFC is enabled with max remote calls: 10.
2026-09-07 21:27:15,965 INFO google_genai.models: AFC is enabled with max remote calls: 10.
2026-09-07 21:27:17,260 INFO httpx: HTTP Request: POST https://us-central1-aiplatform.googleapis.com/v1beta1/projects/project-bf21b155-6b73-4230-8ef/locations/us-central1/publishers/google/models/gemini-2.5-flash:generateContent "HTTP/1.1 429 Too Many Requests"
2026-09-07 21:27:17,264 WARNING crawler.llm.vertex_provider: Vertex AI lỗi tạm thời (lần 5/6), đợi 32.2s rồi thử lại: 429 RESOURCE_EXHAUSTED. {'error': {'code': 429, 'message': 'Resource exhausted. Please try again later. Please refer to 
2026-09-07 21:27:17,316 INFO httpx: HTTP Request: POST https://us-central1-aiplatform.googleapis.com/v1beta1/projects/project-bf21b155-6b73-4230-8ef/locations/us-central1/publishers/google/models/gemini-2.5-flash:generateContent "HTTP/1.1 200 OK"
2026-09-07 21:27:17,415 INFO crawler.llm.fallback: Gọi LLM provider: vertex-ai
2026-09-07 21:27:17,415 INFO google_genai.models: AFC is enabled with max remote calls: 10.
2026-09-07 21:27:18,637 INFO httpx: HTTP Request: POST https://us-central1-aiplatform.googleapis.com/v1beta1/projects/project-bf21b155-6b73-4230-8ef/locations/us-central1/publishers/google/models/gemini-2.5-flash:generateContent "HTTP/1.1 200 OK"
2026-09-07 21:27:18,784 INFO crawler.llm.fallback: Gọi LLM provider: vertex-ai
2026-09-07 21:27:18,784 INFO google_genai.models: AFC is enabled with max remote calls: 10.
2026-09-07 21:27:19,103 INFO httpx: HTTP Request: POST https://us-central1-aiplatform.googleapis.com/v1beta1/projects/project-bf21b155-6b73-4230-8ef/locations/us-central1/publishers/google/models/gemini-2.5-flash:generateContent "HTTP/1.1 429 Too Many Requests"
2026-09-07 21:27:19,104 WARNING crawler.llm.vertex_provider: Vertex AI lỗi tạm thời (lần 1/6), đợi 2.7s rồi thử lại: 429 RESOURCE_EXHAUSTED. {'error': {'code': 429, 'message': 'Resource exhausted. Please try again later. Please refer to 
2026-09-07 21:27:21,281 INFO google_genai.models: AFC is enabled with max remote calls: 10.
2026-09-07 21:27:21,784 INFO google_genai.models: AFC is enabled with max remote calls: 10.
2026-09-07 21:27:23,138 INFO httpx: HTTP Request: POST https://us-central1-aiplatform.googleapis.com/v1beta1/projects/project-bf21b155-6b73-4230-8ef/locations/us-central1/publishers/google/models/gemini-2.5-flash:generateContent "HTTP/1.1 200 OK"
2026-09-07 21:27:23,298 INFO httpx: HTTP Request: POST https://us-central1-aiplatform.googleapis.com/v1beta1/projects/project-bf21b155-6b73-4230-8ef/locations/us-central1/publishers/google/models/gemini-2.5-flash:generateContent "HTTP/1.1 200 OK"
2026-09-07 21:27:23,393 INFO crawler.llm.fallback: Gọi LLM provider: vertex-ai
2026-09-07 21:27:23,394 INFO google_genai.models: AFC is enabled with max remote calls: 10.
2026-09-07 21:27:23,502 INFO crawler.llm.fallback: Gọi LLM provider: vertex-ai
2026-09-07 21:27:23,503 INFO google_genai.models: AFC is enabled with max remote calls: 10.
2026-09-07 21:27:25,031 INFO httpx: HTTP Request: POST https://us-central1-aiplatform.googleapis.com/v1beta1/projects/project-bf21b155-6b73-4230-8ef/locations/us-central1/publishers/google/models/gemini-2.5-flash:generateContent "HTTP/1.1 200 OK"
2026-09-07 21:27:25,203 INFO crawler.llm.fallback: Gọi LLM provider: vertex-ai
2026-09-07 21:27:25,203 INFO google_genai.models: AFC is enabled with max remote calls: 10.
2026-09-07 21:27:25,353 INFO httpx: HTTP Request: POST https://us-central1-aiplatform.googleapis.com/v1beta1/projects/project-bf21b155-6b73-4230-8ef/locations/us-central1/publishers/google/models/gemini-2.5-flash:generateContent "HTTP/1.1 200 OK"
2026-09-07 21:27:25,554 INFO httpx: HTTP Request: POST https://us-central1-aiplatform.googleapis.com/v1beta1/projects/project-bf21b155-6b73-4230-8ef/locations/us-central1/publishers/google/models/gemini-2.5-flash:generateContent "HTTP/1.1 429 Too Many Requests"
2026-09-07 21:27:25,584 WARNING crawler.llm.vertex_provider: Vertex AI lỗi tạm thời (lần 1/6), đợi 2.4s rồi thử lại: 429 RESOURCE_EXHAUSTED. {'error': {'code': 429, 'message': 'Resource exhausted. Please try again later. Please refer to 
2026-09-07 21:27:25,685 INFO crawler.llm.fallback: Gọi LLM provider: vertex-ai
2026-09-07 21:27:25,686 INFO google_genai.models: AFC is enabled with max remote calls: 10.
2026-09-07 21:27:26,091 INFO httpx: HTTP Request: POST https://us-central1-aiplatform.googleapis.com/v1beta1/projects/project-bf21b155-6b73-4230-8ef/locations/us-central1/publishers/google/models/gemini-2.5-flash:generateContent "HTTP/1.1 429 Too Many Requests"
2026-09-07 21:27:26,093 WARNING crawler.llm.vertex_provider: Vertex AI lỗi tạm thời (lần 1/6), đợi 2.2s rồi thử lại: 429 RESOURCE_EXHAUSTED. {'error': {'code': 429, 'message': 'Resource exhausted. Please try again later. Please refer to 
2026-09-07 21:27:28,016 INFO google_genai.models: AFC is enabled with max remote calls: 10.
2026-09-07 21:27:28,336 INFO google_genai.models: AFC is enabled with max remote calls: 10.
2026-09-07 21:27:28,345 INFO httpx: HTTP Request: POST https://us-central1-aiplatform.googleapis.com/v1beta1/projects/project-bf21b155-6b73-4230-8ef/locations/us-central1/publishers/google/models/gemini-2.5-flash:generateContent "HTTP/1.1 429 Too Many Requests"
2026-09-07 21:27:28,347 WARNING crawler.llm.vertex_provider: Vertex AI lỗi tạm thời (lần 2/6), đợi 4.5s rồi thử lại: 429 RESOURCE_EXHAUSTED. {'error': {'code': 429, 'message': 'Resource exhausted. Please try again later. Please refer to 
2026-09-07 21:27:28,684 INFO httpx: HTTP Request: POST https://us-central1-aiplatform.googleapis.com/v1beta1/projects/project-bf21b155-6b73-4230-8ef/locations/us-central1/publishers/google/models/gemini-2.5-flash:generateContent "HTTP/1.1 429 Too Many Requests"
2026-09-07 21:27:28,685 WARNING crawler.llm.vertex_provider: Vertex AI lỗi tạm thời (lần 2/6), đợi 5.0s rồi thử lại: 429 RESOURCE_EXHAUSTED. {'error': {'code': 429, 'message': 'Resource exhausted. Please try again later. Please refer to 
2026-09-07 21:27:32,703 INFO google_genai.models: AFC is enabled with max remote calls: 10.
2026-09-07 21:27:32,820 INFO google_genai.models: AFC is enabled with max remote calls: 10.
2026-09-07 21:27:33,004 INFO httpx: HTTP Request: POST https://us-central1-aiplatform.googleapis.com/v1beta1/projects/project-bf21b155-6b73-4230-8ef/locations/us-central1/publishers/google/models/gemini-2.5-flash:generateContent "HTTP/1.1 429 Too Many Requests"
2026-09-07 21:27:33,009 WARNING crawler.llm.fallback: Provider vertex-ai thất bại (Vertex AI lỗi: 429 RESOURCE_EXHAUSTED. {'error': {'code': 429, 'message': 'Resource exhausted. Please try again later. Please refer to https://cloud.google.com/vertex-ai/generative-ai/docs/error-code-429 for more details.', 'status': 'RESOURCE_EXHAUSTED'}}), chuyển sang provider tiếp theo
2026-09-07 21:27:33,009 INFO crawler.llm.fallback: Gọi LLM provider: deepseek
2026-09-07 21:27:33,137 INFO httpx: HTTP Request: POST https://us-central1-aiplatform.googleapis.com/v1beta1/projects/project-bf21b155-6b73-4230-8ef/locations/us-central1/publishers/google/models/gemini-2.5-flash:generateContent "HTTP/1.1 429 Too Many Requests"
2026-09-07 21:27:33,138 WARNING crawler.llm.vertex_provider: Vertex AI lỗi tạm thời (lần 3/6), đợi 8.4s rồi thử lại: 429 RESOURCE_EXHAUSTED. {'error': {'code': 429, 'message': 'Resource exhausted. Please try again later. Please refer to 
2026-09-07 21:27:33,559 INFO httpx2: HTTP Request: POST https://api.deepseek.com/chat/completions "HTTP/1.1 402 Payment Required"
2026-09-07 21:27:33,560 WARNING crawler.llm.fallback: Provider deepseek thất bại (DeepSeek lỗi: Error code: 402 - {'error': {'message': 'Insufficient Balance', 'type': 'unknown_error', 'param': None, 'code': 'invalid_request_error'}}), chuyển sang provider tiếp theo
2026-09-07 21:27:33,561 WARNING crawler.pipeline: Tầng 2 (LLM) thất bại cho https://duhal.com.vn/den-downlight-vien-xi-12w-fx4121.html: Tất cả LLM provider đều thất bại: DeepSeek lỗi: Error code: 402 - {'error': {'message': 'Insufficient Balance', 'type': 'unknown_error', 'param': None, 'code': 'invalid_request_error'}}
2026-09-07 21:27:33,656 INFO google_genai.models: AFC is enabled with max remote calls: 10.
2026-09-07 21:27:33,682 INFO crawler.llm.fallback: Gọi LLM provider: vertex-ai
2026-09-07 21:27:33,682 INFO google_genai.models: AFC is enabled with max remote calls: 10.
2026-09-07 21:27:33,956 INFO httpx: HTTP Request: POST https://us-central1-aiplatform.googleapis.com/v1beta1/projects/project-bf21b155-6b73-4230-8ef/locations/us-central1/publishers/google/models/gemini-2.5-flash:generateContent "HTTP/1.1 429 Too Many Requests"
2026-09-07 21:27:33,959 WARNING crawler.llm.vertex_provider: Vertex AI lỗi tạm thời (lần 3/6), đợi 8.8s rồi thử lại: 429 RESOURCE_EXHAUSTED. {'error': {'code': 429, 'message': 'Resource exhausted. Please try again later. Please refer to 
2026-09-07 21:27:33,969 INFO httpx: HTTP Request: POST https://us-central1-aiplatform.googleapis.com/v1beta1/projects/project-bf21b155-6b73-4230-8ef/locations/us-central1/publishers/google/models/gemini-2.5-flash:generateContent "HTTP/1.1 429 Too Many Requests"
2026-09-07 21:27:33,973 WARNING crawler.llm.vertex_provider: Vertex AI lỗi tạm thời (lần 1/6), đợi 2.4s rồi thử lại: 429 RESOURCE_EXHAUSTED. {'error': {'code': 429, 'message': 'Resource exhausted. Please try again later. Please refer to 
2026-09-07 21:27:36,422 INFO google_genai.models: AFC is enabled with max remote calls: 10.
2026-09-07 21:27:36,733 INFO httpx: HTTP Request: POST https://us-central1-aiplatform.googleapis.com/v1beta1/projects/project-bf21b155-6b73-4230-8ef/locations/us-central1/publishers/google/models/gemini-2.5-flash:generateContent "HTTP/1.1 429 Too Many Requests"
2026-09-07 21:27:36,738 WARNING crawler.llm.vertex_provider: Vertex AI lỗi tạm thời (lần 2/6), đợi 4.6s rồi thử lại: 429 RESOURCE_EXHAUSTED. {'error': {'code': 429, 'message': 'Resource exhausted. Please try again later. Please refer to 
2026-09-07 21:27:41,323 INFO google_genai.models: AFC is enabled with max remote calls: 10.
2026-09-07 21:27:41,511 INFO google_genai.models: AFC is enabled with max remote calls: 10.
2026-09-07 21:27:41,623 INFO httpx: HTTP Request: POST https://us-central1-aiplatform.googleapis.com/v1beta1/projects/project-bf21b155-6b73-4230-8ef/locations/us-central1/publishers/google/models/gemini-2.5-flash:generateContent "HTTP/1.1 429 Too Many Requests"
2026-09-07 21:27:41,626 WARNING crawler.llm.vertex_provider: Vertex AI lỗi tạm thời (lần 3/6), đợi 8.4s rồi thử lại: 429 RESOURCE_EXHAUSTED. {'error': {'code': 429, 'message': 'Resource exhausted. Please try again later. Please refer to 
2026-09-07 21:27:42,743 INFO httpx: HTTP Request: POST https://us-central1-aiplatform.googleapis.com/v1beta1/projects/project-bf21b155-6b73-4230-8ef/locations/us-central1/publishers/google/models/gemini-2.5-flash:generateContent "HTTP/1.1 429 Too Many Requests"
2026-09-07 21:27:42,744 WARNING crawler.llm.vertex_provider: Vertex AI lỗi tạm thời (lần 4/6), đợi 16.8s rồi thử lại: 429 RESOURCE_EXHAUSTED. {'error': {'code': 429, 'message': 'Resource exhausted. Please try again later. Please refer to 
2026-09-07 21:27:42,759 INFO google_genai.models: AFC is enabled with max remote calls: 10.
2026-09-07 21:27:43,054 INFO httpx: HTTP Request: POST https://us-central1-aiplatform.googleapis.com/v1beta1/projects/project-bf21b155-6b73-4230-8ef/locations/us-central1/publishers/google/models/gemini-2.5-flash:generateContent "HTTP/1.1 429 Too Many Requests"
2026-09-07 21:27:43,055 WARNING crawler.llm.vertex_provider: Vertex AI lỗi tạm thời (lần 4/6), đợi 16.3s rồi thử lại: 429 RESOURCE_EXHAUSTED. {'error': {'code': 429, 'message': 'Resource exhausted. Please try again later. Please refer to 
2026-09-07 21:27:49,487 INFO google_genai.models: AFC is enabled with max remote calls: 10.
2026-09-07 21:27:50,047 INFO google_genai.models: AFC is enabled with max remote calls: 10.
2026-09-07 21:27:50,773 INFO httpx: HTTP Request: POST https://us-central1-aiplatform.googleapis.com/v1beta1/projects/project-bf21b155-6b73-4230-8ef/locations/us-central1/publishers/google/models/gemini-2.5-flash:generateContent "HTTP/1.1 429 Too Many Requests"
2026-09-07 21:27:50,774 WARNING crawler.llm.fallback: Provider vertex-ai thất bại (Vertex AI lỗi: 429 RESOURCE_EXHAUSTED. {'error': {'code': 429, 'message': 'Resource exhausted. Please try again later. Please refer to https://cloud.google.com/vertex-ai/generative-ai/docs/error-code-429 for more details.', 'status': 'RESOURCE_EXHAUSTED'}}), chuyển sang provider tiếp theo
2026-09-07 21:27:50,774 INFO crawler.llm.fallback: Gọi LLM provider: deepseek
2026-09-07 21:27:51,247 INFO httpx2: HTTP Request: POST https://api.deepseek.com/chat/completions "HTTP/1.1 402 Payment Required"
2026-09-07 21:27:51,249 WARNING crawler.llm.fallback: Provider deepseek thất bại (DeepSeek lỗi: Error code: 402 - {'error': {'message': 'Insufficient Balance', 'type': 'unknown_error', 'param': None, 'code': 'invalid_request_error'}}), chuyển sang provider tiếp theo
2026-09-07 21:27:51,249 WARNING crawler.pipeline: Tầng 2 (LLM) thất bại cho https://duhal.com.vn/den-downlight-vien-xi-7w-fx4071.html: Tất cả LLM provider đều thất bại: DeepSeek lỗi: Error code: 402 - {'error': {'message': 'Insufficient Balance', 'type': 'unknown_error', 'param': None, 'code': 'invalid_request_error'}}
2026-09-07 21:27:51,349 INFO crawler.llm.fallback: Gọi LLM provider: vertex-ai
2026-09-07 21:27:51,349 INFO google_genai.models: AFC is enabled with max remote calls: 10.
2026-09-07 21:27:51,692 INFO httpx: HTTP Request: POST https://us-central1-aiplatform.googleapis.com/v1beta1/projects/project-bf21b155-6b73-4230-8ef/locations/us-central1/publishers/google/models/gemini-2.5-flash:generateContent "HTTP/1.1 429 Too Many Requests"
2026-09-07 21:27:51,693 WARNING crawler.llm.vertex_provider: Vertex AI lỗi tạm thời (lần 1/6), đợi 2.6s rồi thử lại: 429 RESOURCE_EXHAUSTED. {'error': {'code': 429, 'message': 'Resource exhausted. Please try again later. Please refer to 
2026-09-07 21:27:52,512 INFO httpx: HTTP Request: POST https://us-central1-aiplatform.googleapis.com/v1beta1/projects/project-bf21b155-6b73-4230-8ef/locations/us-central1/publishers/google/models/gemini-2.5-flash:generateContent "HTTP/1.1 200 OK"
2026-09-07 21:27:52,625 INFO crawler.llm.fallback: Gọi LLM provider: vertex-ai
2026-09-07 21:27:52,625 INFO google_genai.models: AFC is enabled with max remote calls: 10.
2026-09-07 21:27:53,023 INFO httpx: HTTP Request: POST https://us-central1-aiplatform.googleapis.com/v1beta1/projects/project-bf21b155-6b73-4230-8ef/locations/us-central1/publishers/google/models/gemini-2.5-flash:generateContent "HTTP/1.1 429 Too Many Requests"
2026-09-07 21:27:53,024 WARNING crawler.llm.vertex_provider: Vertex AI lỗi tạm thời (lần 1/6), đợi 2.9s rồi thử lại: 429 RESOURCE_EXHAUSTED. {'error': {'code': 429, 'message': 'Resource exhausted. Please try again later. Please refer to 
2026-09-07 21:27:54,299 INFO google_genai.models: AFC is enabled with max remote calls: 10.
2026-09-07 21:27:54,474 INFO crawler.fetch.stealth_fetch: Server phản ứng chậm/từ chối - giãn nhịp fetch lên 1.0s
2026-09-07 21:27:54,591 INFO httpx: HTTP Request: POST https://us-central1-aiplatform.googleapis.com/v1beta1/projects/project-bf21b155-6b73-4230-8ef/locations/us-central1/publishers/google/models/gemini-2.5-flash:generateContent "HTTP/1.1 429 Too Many Requests"
2026-09-07 21:27:54,593 WARNING crawler.llm.vertex_provider: Vertex AI lỗi tạm thời (lần 2/6), đợi 4.3s rồi thử lại: 429 RESOURCE_EXHAUSTED. {'error': {'code': 429, 'message': 'Resource exhausted. Please try again later. Please refer to 
2026-09-07 21:27:55,910 INFO google_genai.models: AFC is enabled with max remote calls: 10.
2026-09-07 21:27:56,221 INFO httpx: HTTP Request: POST https://us-central1-aiplatform.googleapis.com/v1beta1/projects/project-bf21b155-6b73-4230-8ef/locations/us-central1/publishers/google/models/gemini-2.5-flash:generateContent "HTTP/1.1 429 Too Many Requests"
2026-09-07 21:27:56,223 WARNING crawler.llm.vertex_provider: Vertex AI lỗi tạm thời (lần 2/6), đợi 4.8s rồi thử lại: 429 RESOURCE_EXHAUSTED. {'error': {'code': 429, 'message': 'Resource exhausted. Please try again later. Please refer to 
2026-09-07 21:27:58,900 INFO google_genai.models: AFC is enabled with max remote calls: 10.
2026-09-07 21:27:59,190 INFO httpx: HTTP Request: POST https://us-central1-aiplatform.googleapis.com/v1beta1/projects/project-bf21b155-6b73-4230-8ef/locations/us-central1/publishers/google/models/gemini-2.5-flash:generateContent "HTTP/1.1 429 Too Many Requests"
2026-09-07 21:27:59,195 WARNING crawler.llm.vertex_provider: Vertex AI lỗi tạm thời (lần 3/6), đợi 8.3s rồi thử lại: 429 RESOURCE_EXHAUSTED. {'error': {'code': 429, 'message': 'Resource exhausted. Please try again later. Please refer to 
2026-09-07 21:27:59,397 INFO google_genai.models: AFC is enabled with max remote calls: 10.
2026-09-07 21:27:59,497 INFO google_genai.models: AFC is enabled with max remote calls: 10.
2026-09-07 21:28:01,041 INFO google_genai.models: AFC is enabled with max remote calls: 10.
2026-09-07 21:28:01,330 INFO httpx: HTTP Request: POST https://us-central1-aiplatform.googleapis.com/v1beta1/projects/project-bf21b155-6b73-4230-8ef/locations/us-central1/publishers/google/models/gemini-2.5-flash:generateContent "HTTP/1.1 200 OK"
2026-09-07 21:28:01,498 INFO crawler.llm.fallback: Gọi LLM provider: vertex-ai
2026-09-07 21:28:01,499 INFO google_genai.models: AFC is enabled with max remote calls: 10.
2026-09-07 21:28:01,798 INFO httpx: HTTP Request: POST https://us-central1-aiplatform.googleapis.com/v1beta1/projects/project-bf21b155-6b73-4230-8ef/locations/us-central1/publishers/google/models/gemini-2.5-flash:generateContent "HTTP/1.1 200 OK"
2026-09-07 21:28:01,828 INFO httpx: HTTP Request: POST https://us-central1-aiplatform.googleapis.com/v1beta1/projects/project-bf21b155-6b73-4230-8ef/locations/us-central1/publishers/google/models/gemini-2.5-flash:generateContent "HTTP/1.1 429 Too Many Requests"
2026-09-07 21:28:01,829 WARNING crawler.llm.vertex_provider: Vertex AI lỗi tạm thời (lần 1/6), đợi 2.8s rồi thử lại: 429 RESOURCE_EXHAUSTED. {'error': {'code': 429, 'message': 'Resource exhausted. Please try again later. Please refer to 
2026-09-07 21:28:01,994 INFO crawler.llm.fallback: Gọi LLM provider: vertex-ai
2026-09-07 21:28:01,994 INFO google_genai.models: AFC is enabled with max remote calls: 10.
2026-09-07 21:28:02,274 INFO httpx: HTTP Request: POST https://us-central1-aiplatform.googleapis.com/v1beta1/projects/project-bf21b155-6b73-4230-8ef/locations/us-central1/publishers/google/models/gemini-2.5-flash:generateContent "HTTP/1.1 429 Too Many Requests"
2026-09-07 21:28:02,275 WARNING crawler.llm.vertex_provider: Vertex AI lỗi tạm thời (lần 3/6), đợi 8.1s rồi thử lại: 429 RESOURCE_EXHAUSTED. {'error': {'code': 429, 'message': 'Resource exhausted. Please try again later. Please refer to 
2026-09-07 21:28:02,301 INFO httpx: HTTP Request: POST https://us-central1-aiplatform.googleapis.com/v1beta1/projects/project-bf21b155-6b73-4230-8ef/locations/us-central1/publishers/google/models/gemini-2.5-flash:generateContent "HTTP/1.1 429 Too Many Requests"
2026-09-07 21:28:02,302 WARNING crawler.llm.vertex_provider: Vertex AI lỗi tạm thời (lần 1/6), đợi 2.4s rồi thử lại: 429 RESOURCE_EXHAUSTED. {'error': {'code': 429, 'message': 'Resource exhausted. Please try again later. Please refer to 
2026-09-07 21:28:04,608 INFO google_genai.models: AFC is enabled with max remote calls: 10.
2026-09-07 21:28:04,720 INFO google_genai.models: AFC is enabled with max remote calls: 10.
2026-09-07 21:28:06,111 INFO httpx: HTTP Request: POST https://us-central1-aiplatform.googleapis.com/v1beta1/projects/project-bf21b155-6b73-4230-8ef/locations/us-central1/publishers/google/models/gemini-2.5-flash:generateContent "HTTP/1.1 200 OK"
2026-09-07 21:28:06,284 INFO crawler.llm.fallback: Gọi LLM provider: vertex-ai
2026-09-07 21:28:06,284 INFO google_genai.models: AFC is enabled with max remote calls: 10.
2026-09-07 21:28:06,768 INFO httpx: HTTP Request: POST https://us-central1-aiplatform.googleapis.com/v1beta1/projects/project-bf21b155-6b73-4230-8ef/locations/us-central1/publishers/google/models/gemini-2.5-flash:generateContent "HTTP/1.1 200 OK"
2026-09-07 21:28:06,909 INFO crawler.llm.fallback: Gọi LLM provider: vertex-ai
2026-09-07 21:28:06,910 INFO google_genai.models: AFC is enabled with max remote calls: 10.
2026-09-07 21:28:07,233 INFO httpx: HTTP Request: POST https://us-central1-aiplatform.googleapis.com/v1beta1/projects/project-bf21b155-6b73-4230-8ef/locations/us-central1/publishers/google/models/gemini-2.5-flash:generateContent "HTTP/1.1 429 Too Many Requests"
2026-09-07 21:28:07,234 WARNING crawler.llm.vertex_provider: Vertex AI lỗi tạm thời (lần 1/6), đợi 2.1s rồi thử lại: 429 RESOURCE_EXHAUSTED. {'error': {'code': 429, 'message': 'Resource exhausted. Please try again later. Please refer to 
2026-09-07 21:28:07,534 INFO google_genai.models: AFC is enabled with max remote calls: 10.
2026-09-07 21:28:07,837 INFO httpx: HTTP Request: POST https://us-central1-aiplatform.googleapis.com/v1beta1/projects/project-bf21b155-6b73-4230-8ef/locations/us-central1/publishers/google/models/gemini-2.5-flash:generateContent "HTTP/1.1 429 Too Many Requests"
2026-09-07 21:28:07,842 WARNING crawler.llm.vertex_provider: Vertex AI lỗi tạm thời (lần 4/6), đợi 16.2s rồi thử lại: 429 RESOURCE_EXHAUSTED. {'error': {'code': 429, 'message': 'Resource exhausted. Please try again later. Please refer to 
2026-09-07 21:28:07,966 INFO httpx: HTTP Request: POST https://us-central1-aiplatform.googleapis.com/v1beta1/projects/project-bf21b155-6b73-4230-8ef/locations/us-central1/publishers/google/models/gemini-2.5-flash:generateContent "HTTP/1.1 200 OK"
2026-09-07 21:28:08,120 INFO crawler.llm.fallback: Gọi LLM provider: vertex-ai
2026-09-07 21:28:08,120 INFO google_genai.models: AFC is enabled with max remote calls: 10.
2026-09-07 21:28:09,312 INFO google_genai.models: AFC is enabled with max remote calls: 10.
2026-09-07 21:28:10,421 INFO google_genai.models: AFC is enabled with max remote calls: 10.
2026-09-07 21:28:11,053 INFO httpx: HTTP Request: POST https://us-central1-aiplatform.googleapis.com/v1beta1/projects/project-bf21b155-6b73-4230-8ef/locations/us-central1/publishers/google/models/gemini-2.5-flash:generateContent "HTTP/1.1 200 OK"
2026-09-07 21:28:11,201 INFO crawler.llm.fallback: Gọi LLM provider: vertex-ai
2026-09-07 21:28:11,202 INFO google_genai.models: AFC is enabled with max remote calls: 10.
2026-09-07 21:28:11,526 INFO httpx: HTTP Request: POST https://us-central1-aiplatform.googleapis.com/v1beta1/projects/project-bf21b155-6b73-4230-8ef/locations/us-central1/publishers/google/models/gemini-2.5-flash:generateContent "HTTP/1.1 429 Too Many Requests"
2026-09-07 21:28:11,530 WARNING crawler.llm.vertex_provider: Vertex AI lỗi tạm thời (lần 1/6), đợi 2.3s rồi thử lại: 429 RESOURCE_EXHAUSTED. {'error': {'code': 429, 'message': 'Resource exhausted. Please try again later. Please refer to 
2026-09-07 21:28:11,663 INFO httpx: HTTP Request: POST https://us-central1-aiplatform.googleapis.com/v1beta1/projects/project-bf21b155-6b73-4230-8ef/locations/us-central1/publishers/google/models/gemini-2.5-flash:generateContent "HTTP/1.1 429 Too Many Requests"
2026-09-07 21:28:11,664 WARNING crawler.llm.vertex_provider: Vertex AI lỗi tạm thời (lần 4/6), đợi 16.8s rồi thử lại: 429 RESOURCE_EXHAUSTED. {'error': {'code': 429, 'message': 'Resource exhausted. Please try again later. Please refer to 
2026-09-07 21:28:13,873 INFO google_genai.models: AFC is enabled with max remote calls: 10.
2026-09-07 21:28:14,220 INFO httpx: HTTP Request: POST https://us-central1-aiplatform.googleapis.com/v1beta1/projects/project-bf21b155-6b73-4230-8ef/locations/us-central1/publishers/google/models/gemini-2.5-flash:generateContent "HTTP/1.1 429 Too Many Requests"
2026-09-07 21:28:14,222 WARNING crawler.llm.vertex_provider: Vertex AI lỗi tạm thời (lần 2/6), đợi 4.5s rồi thử lại: 429 RESOURCE_EXHAUSTED. {'error': {'code': 429, 'message': 'Resource exhausted. Please try again later. Please refer to 
2026-09-07 21:28:18,719 INFO google_genai.models: AFC is enabled with max remote calls: 10.
2026-09-07 21:28:19,048 INFO httpx: HTTP Request: POST https://us-central1-aiplatform.googleapis.com/v1beta1/projects/project-bf21b155-6b73-4230-8ef/locations/us-central1/publishers/google/models/gemini-2.5-flash:generateContent "HTTP/1.1 429 Too Many Requests"
2026-09-07 21:28:19,053 WARNING crawler.llm.vertex_provider: Vertex AI lỗi tạm thời (lần 3/6), đợi 8.5s rồi thử lại: 429 RESOURCE_EXHAUSTED. {'error': {'code': 429, 'message': 'Resource exhausted. Please try again later. Please refer to 
2026-09-07 21:28:19,943 INFO httpx: HTTP Request: POST https://us-central1-aiplatform.googleapis.com/v1beta1/projects/project-bf21b155-6b73-4230-8ef/locations/us-central1/publishers/google/models/gemini-2.5-flash:generateContent "HTTP/1.1 200 OK"
2026-09-07 21:28:20,050 INFO crawler.llm.fallback: Gọi LLM provider: vertex-ai
2026-09-07 21:28:20,051 INFO google_genai.models: AFC is enabled with max remote calls: 10.
2026-09-07 21:28:20,359 INFO httpx: HTTP Request: POST https://us-central1-aiplatform.googleapis.com/v1beta1/projects/project-bf21b155-6b73-4230-8ef/locations/us-central1/publishers/google/models/gemini-2.5-flash:generateContent "HTTP/1.1 429 Too Many Requests"
2026-09-07 21:28:20,363 WARNING crawler.llm.vertex_provider: Vertex AI lỗi tạm thời (lần 1/6), đợi 2.6s rồi thử lại: 429 RESOURCE_EXHAUSTED. {'error': {'code': 429, 'message': 'Resource exhausted. Please try again later. Please refer to 
2026-09-07 21:28:22,917 INFO google_genai.models: AFC is enabled with max remote calls: 10.
2026-09-07 21:28:23,334 INFO httpx: HTTP Request: POST https://us-central1-aiplatform.googleapis.com/v1beta1/projects/project-bf21b155-6b73-4230-8ef/locations/us-central1/publishers/google/models/gemini-2.5-flash:generateContent "HTTP/1.1 429 Too Many Requests"
2026-09-07 21:28:23,336 WARNING crawler.llm.vertex_provider: Vertex AI lỗi tạm thời (lần 2/6), đợi 4.2s rồi thử lại: 429 RESOURCE_EXHAUSTED. {'error': {'code': 429, 'message': 'Resource exhausted. Please try again later. Please refer to 
2026-09-07 21:28:23,993 INFO google_genai.models: AFC is enabled with max remote calls: 10.
2026-09-07 21:28:24,358 INFO httpx: HTTP Request: POST https://us-central1-aiplatform.googleapis.com/v1beta1/projects/project-bf21b155-6b73-4230-8ef/locations/us-central1/publishers/google/models/gemini-2.5-flash:generateContent "HTTP/1.1 429 Too Many Requests"
2026-09-07 21:28:24,360 WARNING crawler.llm.vertex_provider: Vertex AI lỗi tạm thời (lần 5/6), đợi 32.8s rồi thử lại: 429 RESOURCE_EXHAUSTED. {'error': {'code': 429, 'message': 'Resource exhausted. Please try again later. Please refer to 
2026-09-07 21:28:27,559 INFO google_genai.models: AFC is enabled with max remote calls: 10.
2026-09-07 21:28:27,590 INFO google_genai.models: AFC is enabled with max remote calls: 10.
2026-09-07 21:28:27,942 INFO httpx: HTTP Request: POST https://us-central1-aiplatform.googleapis.com/v1beta1/projects/project-bf21b155-6b73-4230-8ef/locations/us-central1/publishers/google/models/gemini-2.5-flash:generateContent "HTTP/1.1 429 Too Many Requests"
2026-09-07 21:28:27,943 WARNING crawler.llm.vertex_provider: Vertex AI lỗi tạm thời (lần 3/6), đợi 8.8s rồi thử lại: 429 RESOURCE_EXHAUSTED. {'error': {'code': 429, 'message': 'Resource exhausted. Please try again later. Please refer to 
2026-09-07 21:28:28,156 INFO httpx: HTTP Request: POST https://us-central1-aiplatform.googleapis.com/v1beta1/projects/project-bf21b155-6b73-4230-8ef/locations/us-central1/publishers/google/models/gemini-2.5-flash:generateContent "HTTP/1.1 429 Too Many Requests"
2026-09-07 21:28:28,160 WARNING crawler.llm.vertex_provider: Vertex AI lỗi tạm thời (lần 4/6), đợi 16.1s rồi thử lại: 429 RESOURCE_EXHAUSTED. {'error': {'code': 429, 'message': 'Resource exhausted. Please try again later. Please refer to 
2026-09-07 21:28:28,487 INFO google_genai.models: AFC is enabled with max remote calls: 10.
2026-09-07 21:28:28,864 INFO httpx: HTTP Request: POST https://us-central1-aiplatform.googleapis.com/v1beta1/projects/project-bf21b155-6b73-4230-8ef/locations/us-central1/publishers/google/models/gemini-2.5-flash:generateContent "HTTP/1.1 429 Too Many Requests"
2026-09-07 21:28:28,865 WARNING crawler.llm.vertex_provider: Vertex AI lỗi tạm thời (lần 5/6), đợi 32.3s rồi thử lại: 429 RESOURCE_EXHAUSTED. {'error': {'code': 429, 'message': 'Resource exhausted. Please try again later. Please refer to 
2026-09-07 21:28:36,779 INFO google_genai.models: AFC is enabled with max remote calls: 10.
2026-09-07 21:28:38,081 INFO httpx: HTTP Request: POST https://us-central1-aiplatform.googleapis.com/v1beta1/projects/project-bf21b155-6b73-4230-8ef/locations/us-central1/publishers/google/models/gemini-2.5-flash:generateContent "HTTP/1.1 429 Too Many Requests"
2026-09-07 21:28:38,082 WARNING crawler.llm.vertex_provider: Vertex AI lỗi tạm thời (lần 4/6), đợi 17.0s rồi thử lại: 429 RESOURCE_EXHAUSTED. {'error': {'code': 429, 'message': 'Resource exhausted. Please try again later. Please refer to 
2026-09-07 21:28:40,654 INFO crawler.fetch.stealth_fetch: Server phản ứng chậm/từ chối - giãn nhịp fetch lên 1.0s
2026-09-07 21:28:44,266 INFO google_genai.models: AFC is enabled with max remote calls: 10.
2026-09-07 21:28:45,532 INFO httpx: HTTP Request: POST https://us-central1-aiplatform.googleapis.com/v1beta1/projects/project-bf21b155-6b73-4230-8ef/locations/us-central1/publishers/google/models/gemini-2.5-flash:generateContent "HTTP/1.1 429 Too Many Requests"
2026-09-07 21:28:45,537 WARNING crawler.llm.vertex_provider: Vertex AI lỗi tạm thời (lần 5/6), đợi 32.4s rồi thử lại: 429 RESOURCE_EXHAUSTED. {'error': {'code': 429, 'message': 'Resource exhausted. Please try again later. Please refer to 
2026-09-07 21:28:52,675 INFO crawler.fetch.stealth_fetch: https://duhal.com.vn/den-led-chieu-diem-5w-sdib801 -> 429, retry lan 1
2026-09-07 21:28:52,675 INFO crawler.fetch.stealth_fetch: Server phản ứng chậm/từ chối - giãn nhịp fetch lên 1.0s
2026-09-07 21:28:54,502 INFO crawler.fetch.stealth_fetch: https://duhal.com.vn/den-led-chieu-diem-5w-sdib801 -> 429, retry lan 2
2026-09-07 21:28:54,502 INFO crawler.fetch.stealth_fetch: Server phản ứng chậm/từ chối - giãn nhịp fetch lên 2.0s
2026-09-07 21:28:55,068 INFO google_genai.models: AFC is enabled with max remote calls: 10.
2026-09-07 21:28:57,158 INFO google_genai.models: AFC is enabled with max remote calls: 10.
2026-09-07 21:28:57,684 INFO httpx: HTTP Request: POST https://us-central1-aiplatform.googleapis.com/v1beta1/projects/project-bf21b155-6b73-4230-8ef/locations/us-central1/publishers/google/models/gemini-2.5-flash:generateContent "HTTP/1.1 200 OK"
2026-09-07 21:28:57,788 INFO crawler.llm.fallback: Gọi LLM provider: vertex-ai
2026-09-07 21:28:57,788 INFO google_genai.models: AFC is enabled with max remote calls: 10.
2026-09-07 21:28:59,593 INFO httpx: HTTP Request: POST https://us-central1-aiplatform.googleapis.com/v1beta1/projects/project-bf21b155-6b73-4230-8ef/locations/us-central1/publishers/google/models/gemini-2.5-flash:generateContent "HTTP/1.1 200 OK"
2026-09-07 21:28:59,709 INFO crawler.llm.fallback: Gọi LLM provider: vertex-ai
2026-09-07 21:28:59,709 INFO google_genai.models: AFC is enabled with max remote calls: 10.
2026-09-07 21:28:59,766 INFO httpx: HTTP Request: POST https://us-central1-aiplatform.googleapis.com/v1beta1/projects/project-bf21b155-6b73-4230-8ef/locations/us-central1/publishers/google/models/gemini-2.5-flash:generateContent "HTTP/1.1 200 OK"
2026-09-07 21:28:59,830 INFO crawler.fetch.stealth_fetch: https://duhal.com.vn/den-led-chieu-diem-6x12w-saic807 -> 429, retry lan 1
2026-09-07 21:28:59,830 INFO crawler.fetch.stealth_fetch: Server phản ứng chậm/từ chối - giãn nhịp fetch lên 4.0s
2026-09-07 21:28:59,902 INFO crawler.llm.fallback: Gọi LLM provider: vertex-ai
2026-09-07 21:28:59,903 INFO google_genai.models: AFC is enabled with max remote calls: 10.
2026-09-07 21:29:01,149 INFO google_genai.models: AFC is enabled with max remote calls: 10.
2026-09-07 21:29:01,315 INFO httpx: HTTP Request: POST https://us-central1-aiplatform.googleapis.com/v1beta1/projects/project-bf21b155-6b73-4230-8ef/locations/us-central1/publishers/google/models/gemini-2.5-flash:generateContent "HTTP/1.1 200 OK"
2026-09-07 21:29:01,424 INFO crawler.llm.fallback: Gọi LLM provider: vertex-ai
2026-09-07 21:29:01,424 INFO google_genai.models: AFC is enabled with max remote calls: 10.
2026-09-07 21:29:01,805 INFO httpx: HTTP Request: POST https://us-central1-aiplatform.googleapis.com/v1beta1/projects/project-bf21b155-6b73-4230-8ef/locations/us-central1/publishers/google/models/gemini-2.5-flash:generateContent "HTTP/1.1 429 Too Many Requests"
2026-09-07 21:29:01,807 WARNING crawler.llm.vertex_provider: Vertex AI lỗi tạm thời (lần 1/6), đợi 2.9s rồi thử lại: 429 RESOURCE_EXHAUSTED. {'error': {'code': 429, 'message': 'Resource exhausted. Please try again later. Please refer to 
2026-09-07 21:29:02,247 INFO httpx: HTTP Request: POST https://us-central1-aiplatform.googleapis.com/v1beta1/projects/project-bf21b155-6b73-4230-8ef/locations/us-central1/publishers/google/models/gemini-2.5-flash:generateContent "HTTP/1.1 200 OK"
2026-09-07 21:29:02,349 INFO crawler.llm.fallback: Gọi LLM provider: vertex-ai
2026-09-07 21:29:02,349 INFO google_genai.models: AFC is enabled with max remote calls: 10.
2026-09-07 21:29:02,375 INFO httpx: HTTP Request: POST https://us-central1-aiplatform.googleapis.com/v1beta1/projects/project-bf21b155-6b73-4230-8ef/locations/us-central1/publishers/google/models/gemini-2.5-flash:generateContent "HTTP/1.1 429 Too Many Requests"
2026-09-07 21:29:02,376 WARNING crawler.llm.fallback: Provider vertex-ai thất bại (Vertex AI lỗi: 429 RESOURCE_EXHAUSTED. {'error': {'code': 429, 'message': 'Resource exhausted. Please try again later. Please refer to https://cloud.google.com/vertex-ai/generative-ai/docs/error-code-429 for more details.', 'status': 'RESOURCE_EXHAUSTED'}}), chuyển sang provider tiếp theo
2026-09-07 21:29:02,376 INFO crawler.llm.fallback: Gọi LLM provider: deepseek
2026-09-07 21:29:02,810 INFO httpx: HTTP Request: POST https://us-central1-aiplatform.googleapis.com/v1beta1/projects/project-bf21b155-6b73-4230-8ef/locations/us-central1/publishers/google/models/gemini-2.5-flash:generateContent "HTTP/1.1 429 Too Many Requests"
2026-09-07 21:29:02,811 WARNING crawler.llm.vertex_provider: Vertex AI lỗi tạm thời (lần 1/6), đợi 2.5s rồi thử lại: 429 RESOURCE_EXHAUSTED. {'error': {'code': 429, 'message': 'Resource exhausted. Please try again later. Please refer to 
2026-09-07 21:29:02,910 INFO httpx2: HTTP Request: POST https://api.deepseek.com/chat/completions "HTTP/1.1 402 Payment Required"
2026-09-07 21:29:02,910 WARNING crawler.llm.fallback: Provider deepseek thất bại (DeepSeek lỗi: Error code: 402 - {'error': {'message': 'Insufficient Balance', 'type': 'unknown_error', 'param': None, 'code': 'invalid_request_error'}}), chuyển sang provider tiếp theo
2026-09-07 21:29:02,910 WARNING crawler.pipeline: Tầng 2 (LLM) thất bại cho https://duhal.com.vn/den-duong-led-60w-sdho5601: Tất cả LLM provider đều thất bại: DeepSeek lỗi: Error code: 402 - {'error': {'message': 'Insufficient Balance', 'type': 'unknown_error', 'param': None, 'code': 'invalid_request_error'}}
2026-09-07 21:29:03,011 INFO crawler.llm.fallback: Gọi LLM provider: vertex-ai
2026-09-07 21:29:03,011 INFO google_genai.models: AFC is enabled with max remote calls: 10.
2026-09-07 21:29:03,569 INFO httpx: HTTP Request: POST https://us-central1-aiplatform.googleapis.com/v1beta1/projects/project-bf21b155-6b73-4230-8ef/locations/us-central1/publishers/google/models/gemini-2.5-flash:generateContent "HTTP/1.1 429 Too Many Requests"
2026-09-07 21:29:03,570 WARNING crawler.llm.vertex_provider: Vertex AI lỗi tạm thời (lần 1/6), đợi 2.7s rồi thử lại: 429 RESOURCE_EXHAUSTED. {'error': {'code': 429, 'message': 'Resource exhausted. Please try again later. Please refer to 
2026-09-07 21:29:04,661 INFO google_genai.models: AFC is enabled with max remote calls: 10.
2026-09-07 21:29:04,987 INFO httpx: HTTP Request: POST https://us-central1-aiplatform.googleapis.com/v1beta1/projects/project-bf21b155-6b73-4230-8ef/locations/us-central1/publishers/google/models/gemini-2.5-flash:generateContent "HTTP/1.1 429 Too Many Requests"
2026-09-07 21:29:04,989 WARNING crawler.llm.vertex_provider: Vertex AI lỗi tạm thời (lần 2/6), đợi 4.2s rồi thử lại: 429 RESOURCE_EXHAUSTED. {'error': {'code': 429, 'message': 'Resource exhausted. Please try again later. Please refer to 
2026-09-07 21:29:05,286 INFO google_genai.models: AFC is enabled with max remote calls: 10.
2026-09-07 21:29:05,980 INFO httpx: HTTP Request: POST https://us-central1-aiplatform.googleapis.com/v1beta1/projects/project-bf21b155-6b73-4230-8ef/locations/us-central1/publishers/google/models/gemini-2.5-flash:generateContent "HTTP/1.1 429 Too Many Requests"
2026-09-07 21:29:05,981 WARNING crawler.llm.vertex_provider: Vertex AI lỗi tạm thời (lần 2/6), đợi 4.2s rồi thử lại: 429 RESOURCE_EXHAUSTED. {'error': {'code': 429, 'message': 'Resource exhausted. Please try again later. Please refer to 
2026-09-07 21:29:06,272 INFO google_genai.models: AFC is enabled with max remote calls: 10.
2026-09-07 21:29:07,809 INFO httpx: HTTP Request: POST https://us-central1-aiplatform.googleapis.com/v1beta1/projects/project-bf21b155-6b73-4230-8ef/locations/us-central1/publishers/google/models/gemini-2.5-flash:generateContent "HTTP/1.1 200 OK"
2026-09-07 21:29:07,917 INFO crawler.llm.fallback: Gọi LLM provider: vertex-ai
2026-09-07 21:29:07,917 INFO google_genai.models: AFC is enabled with max remote calls: 10.
2026-09-07 21:29:08,256 INFO httpx: HTTP Request: POST https://us-central1-aiplatform.googleapis.com/v1beta1/projects/project-bf21b155-6b73-4230-8ef/locations/us-central1/publishers/google/models/gemini-2.5-flash:generateContent "HTTP/1.1 429 Too Many Requests"
2026-09-07 21:29:08,257 WARNING crawler.llm.vertex_provider: Vertex AI lỗi tạm thời (lần 1/6), đợi 2.4s rồi thử lại: 429 RESOURCE_EXHAUSTED. {'error': {'code': 429, 'message': 'Resource exhausted. Please try again later. Please refer to 
2026-09-07 21:29:09,152 INFO google_genai.models: AFC is enabled with max remote calls: 10.
2026-09-07 21:29:09,514 INFO httpx: HTTP Request: POST https://us-central1-aiplatform.googleapis.com/v1beta1/projects/project-bf21b155-6b73-4230-8ef/locations/us-central1/publishers/google/models/gemini-2.5-flash:generateContent "HTTP/1.1 429 Too Many Requests"
2026-09-07 21:29:09,516 WARNING crawler.llm.vertex_provider: Vertex AI lỗi tạm thời (lần 3/6), đợi 8.5s rồi thử lại: 429 RESOURCE_EXHAUSTED. {'error': {'code': 429, 'message': 'Resource exhausted. Please try again later. Please refer to 
2026-09-07 21:29:10,158 INFO google_genai.models: AFC is enabled with max remote calls: 10.
2026-09-07 21:29:10,578 INFO httpx: HTTP Request: POST https://us-central1-aiplatform.googleapis.com/v1beta1/projects/project-bf21b155-6b73-4230-8ef/locations/us-central1/publishers/google/models/gemini-2.5-flash:generateContent "HTTP/1.1 429 Too Many Requests"
2026-09-07 21:29:10,579 WARNING crawler.llm.vertex_provider: Vertex AI lỗi tạm thời (lần 3/6), đợi 8.5s rồi thử lại: 429 RESOURCE_EXHAUSTED. {'error': {'code': 429, 'message': 'Resource exhausted. Please try again later. Please refer to 
2026-09-07 21:29:10,620 INFO google_genai.models: AFC is enabled with max remote calls: 10.
2026-09-07 21:29:10,919 INFO httpx: HTTP Request: POST https://us-central1-aiplatform.googleapis.com/v1beta1/projects/project-bf21b155-6b73-4230-8ef/locations/us-central1/publishers/google/models/gemini-2.5-flash:generateContent "HTTP/1.1 429 Too Many Requests"
2026-09-07 21:29:10,923 WARNING crawler.llm.vertex_provider: Vertex AI lỗi tạm thời (lần 2/6), đợi 4.2s rồi thử lại: 429 RESOURCE_EXHAUSTED. {'error': {'code': 429, 'message': 'Resource exhausted. Please try again later. Please refer to 
2026-09-07 21:29:15,125 INFO google_genai.models: AFC is enabled with max remote calls: 10.
2026-09-07 21:29:15,416 INFO httpx: HTTP Request: POST https://us-central1-aiplatform.googleapis.com/v1beta1/projects/project-bf21b155-6b73-4230-8ef/locations/us-central1/publishers/google/models/gemini-2.5-flash:generateContent "HTTP/1.1 429 Too Many Requests"
2026-09-07 21:29:15,419 WARNING crawler.llm.vertex_provider: Vertex AI lỗi tạm thời (lần 3/6), đợi 8.0s rồi thử lại: 429 RESOURCE_EXHAUSTED. {'error': {'code': 429, 'message': 'Resource exhausted. Please try again later. Please refer to 
2026-09-07 21:29:17,975 INFO google_genai.models: AFC is enabled with max remote calls: 10.
2026-09-07 21:29:18,055 INFO google_genai.models: AFC is enabled with max remote calls: 10.
2026-09-07 21:29:18,294 INFO httpx: HTTP Request: POST https://us-central1-aiplatform.googleapis.com/v1beta1/projects/project-bf21b155-6b73-4230-8ef/locations/us-central1/publishers/google/models/gemini-2.5-flash:generateContent "HTTP/1.1 429 Too Many Requests"
2026-09-07 21:29:18,296 WARNING crawler.llm.fallback: Provider vertex-ai thất bại (Vertex AI lỗi: 429 RESOURCE_EXHAUSTED. {'error': {'code': 429, 'message': 'Resource exhausted. Please try again later. Please refer to https://cloud.google.com/vertex-ai/generative-ai/docs/error-code-429 for more details.', 'status': 'RESOURCE_EXHAUSTED'}}), chuyển sang provider tiếp theo
2026-09-07 21:29:18,297 INFO crawler.llm.fallback: Gọi LLM provider: deepseek
2026-09-07 21:29:18,790 INFO httpx2: HTTP Request: POST https://api.deepseek.com/chat/completions "HTTP/1.1 402 Payment Required"
2026-09-07 21:29:18,791 WARNING crawler.llm.fallback: Provider deepseek thất bại (DeepSeek lỗi: Error code: 402 - {'error': {'message': 'Insufficient Balance', 'type': 'unknown_error', 'param': None, 'code': 'invalid_request_error'}}), chuyển sang provider tiếp theo
2026-09-07 21:29:18,791 WARNING crawler.pipeline: Tầng 2 (LLM) thất bại cho https://duhal.com.vn/den-duong-solar-100w-dhl1100.html: Tất cả LLM provider đều thất bại: DeepSeek lỗi: Error code: 402 - {'error': {'message': 'Insufficient Balance', 'type': 'unknown_error', 'param': None, 'code': 'invalid_request_error'}}
2026-09-07 21:29:18,904 INFO crawler.llm.fallback: Gọi LLM provider: vertex-ai
2026-09-07 21:29:18,905 INFO google_genai.models: AFC is enabled with max remote calls: 10.
2026-09-07 21:29:19,035 INFO google_genai.models: AFC is enabled with max remote calls: 10.
2026-09-07 21:29:19,216 INFO httpx: HTTP Request: POST https://us-central1-aiplatform.googleapis.com/v1beta1/projects/project-bf21b155-6b73-4230-8ef/locations/us-central1/publishers/google/models/gemini-2.5-flash:generateContent "HTTP/1.1 429 Too Many Requests"
2026-09-07 21:29:19,222 WARNING crawler.llm.vertex_provider: Vertex AI lỗi tạm thời (lần 1/6), đợi 2.8s rồi thử lại: 429 RESOURCE_EXHAUSTED. {'error': {'code': 429, 'message': 'Resource exhausted. Please try again later. Please refer to 
2026-09-07 21:29:20,377 INFO httpx: HTTP Request: POST https://us-central1-aiplatform.googleapis.com/v1beta1/projects/project-bf21b155-6b73-4230-8ef/locations/us-central1/publishers/google/models/gemini-2.5-flash:generateContent "HTTP/1.1 429 Too Many Requests"
2026-09-07 21:29:20,393 WARNING crawler.llm.vertex_provider: Vertex AI lỗi tạm thời (lần 4/6), đợi 16.6s rồi thử lại: 429 RESOURCE_EXHAUSTED. {'error': {'code': 429, 'message': 'Resource exhausted. Please try again later. Please refer to 
2026-09-07 21:29:20,622 INFO httpx: HTTP Request: POST https://us-central1-aiplatform.googleapis.com/v1beta1/projects/project-bf21b155-6b73-4230-8ef/locations/us-central1/publishers/google/models/gemini-2.5-flash:generateContent "HTTP/1.1 200 OK"
2026-09-07 21:29:20,701 WARNING crawler.pipeline: Fetch thất bại cho https://duhal.com.vn/den-khan-cap-chong-no-3w-snc3024.html: None
2026-09-07 21:29:20,701 WARNING crawler.pipeline: Fetch thất bại cho https://duhal.com.vn/den-khan-cap-chong-no-8w-kcn0082: None
2026-09-07 21:29:20,760 INFO crawler.llm.fallback: Gọi LLM provider: vertex-ai
2026-09-07 21:29:20,761 INFO google_genai.models: AFC is enabled with max remote calls: 10.
2026-09-07 21:29:21,089 INFO httpx: HTTP Request: POST https://us-central1-aiplatform.googleapis.com/v1beta1/projects/project-bf21b155-6b73-4230-8ef/locations/us-central1/publishers/google/models/gemini-2.5-flash:generateContent "HTTP/1.1 429 Too Many Requests"
2026-09-07 21:29:21,091 WARNING crawler.llm.vertex_provider: Vertex AI lỗi tạm thời (lần 1/6), đợi 2.4s rồi thử lại: 429 RESOURCE_EXHAUSTED. {'error': {'code': 429, 'message': 'Resource exhausted. Please try again later. Please refer to 
2026-09-07 21:29:22,027 INFO google_genai.models: AFC is enabled with max remote calls: 10.
2026-09-07 21:29:22,491 INFO httpx: HTTP Request: POST https://us-central1-aiplatform.googleapis.com/v1beta1/projects/project-bf21b155-6b73-4230-8ef/locations/us-central1/publishers/google/models/gemini-2.5-flash:generateContent "HTTP/1.1 429 Too Many Requests"
2026-09-07 21:29:22,497 WARNING crawler.llm.vertex_provider: Vertex AI lỗi tạm thời (lần 2/6), đợi 4.9s rồi thử lại: 429 RESOURCE_EXHAUSTED. {'error': {'code': 429, 'message': 'Resource exhausted. Please try again later. Please refer to 
2026-09-07 21:29:23,443 INFO google_genai.models: AFC is enabled with max remote calls: 10.
2026-09-07 21:29:23,463 INFO google_genai.models: AFC is enabled with max remote calls: 10.
2026-09-07 21:29:23,793 INFO httpx: HTTP Request: POST https://us-central1-aiplatform.googleapis.com/v1beta1/projects/project-bf21b155-6b73-4230-8ef/locations/us-central1/publishers/google/models/gemini-2.5-flash:generateContent "HTTP/1.1 429 Too Many Requests"
2026-09-07 21:29:23,793 INFO httpx: HTTP Request: POST https://us-central1-aiplatform.googleapis.com/v1beta1/projects/project-bf21b155-6b73-4230-8ef/locations/us-central1/publishers/google/models/gemini-2.5-flash:generateContent "HTTP/1.1 429 Too Many Requests"
2026-09-07 21:29:23,795 WARNING crawler.llm.vertex_provider: Vertex AI lỗi tạm thời (lần 4/6), đợi 16.0s rồi thử lại: 429 RESOURCE_EXHAUSTED. {'error': {'code': 429, 'message': 'Resource exhausted. Please try again later. Please refer to 
2026-09-07 21:29:23,797 WARNING crawler.llm.vertex_provider: Vertex AI lỗi tạm thời (lần 2/6), đợi 4.0s rồi thử lại: 429 RESOURCE_EXHAUSTED. {'error': {'code': 429, 'message': 'Resource exhausted. Please try again later. Please refer to 
2026-09-07 21:29:26,339 INFO crawler.fetch.stealth_fetch: https://duhal.com.vn/den-led-chieu-sau-gan-noi-trang-tri-3w-dib1033 -> 429, retry lan 1
2026-09-07 21:29:26,339 INFO crawler.fetch.stealth_fetch: Server phản ứng chậm/từ chối - giãn nhịp fetch lên 1.0s
2026-09-07 21:29:27,355 INFO google_genai.models: AFC is enabled with max remote calls: 10.
2026-09-07 21:29:27,842 INFO google_genai.models: AFC is enabled with max remote calls: 10.
2026-09-07 21:29:27,847 INFO httpx: HTTP Request: POST https://us-central1-aiplatform.googleapis.com/v1beta1/projects/project-bf21b155-6b73-4230-8ef/locations/us-central1/publishers/google/models/gemini-2.5-flash:generateContent "HTTP/1.1 429 Too Many Requests"
2026-09-07 21:29:27,849 WARNING crawler.llm.vertex_provider: Vertex AI lỗi tạm thời (lần 3/6), đợi 9.0s rồi thử lại: 429 RESOURCE_EXHAUSTED. {'error': {'code': 429, 'message': 'Resource exhausted. Please try again later. Please refer to 
2026-09-07 21:29:28,160 INFO httpx: HTTP Request: POST https://us-central1-aiplatform.googleapis.com/v1beta1/projects/project-bf21b155-6b73-4230-8ef/locations/us-central1/publishers/google/models/gemini-2.5-flash:generateContent "HTTP/1.1 429 Too Many Requests"
2026-09-07 21:29:28,162 WARNING crawler.llm.vertex_provider: Vertex AI lỗi tạm thời (lần 3/6), đợi 8.0s rồi thử lại: 429 RESOURCE_EXHAUSTED. {'error': {'code': 429, 'message': 'Resource exhausted. Please try again later. Please refer to 
2026-09-07 21:29:28,163 INFO crawler.fetch.stealth_fetch: https://duhal.com.vn/den-led-chieu-sau-gan-noi-trang-tri-3w-dib1033 -> 429, retry lan 2
2026-09-07 21:29:28,163 INFO crawler.fetch.stealth_fetch: Server phản ứng chậm/từ chối - giãn nhịp fetch lên 2.0s
2026-09-07 21:29:33,487 INFO crawler.fetch.stealth_fetch: https://duhal.com.vn/den-led-chieu-sau-gan-noi-trang-tri-3w-dib2033 -> 429, retry lan 1
2026-09-07 21:29:33,487 INFO crawler.fetch.stealth_fetch: Server phản ứng chậm/từ chối - giãn nhịp fetch lên 4.0s
2026-09-07 21:29:36,211 INFO google_genai.models: AFC is enabled with max remote calls: 10.
2026-09-07 21:29:36,833 INFO google_genai.models: AFC is enabled with max remote calls: 10.
2026-09-07 21:29:37,021 INFO google_genai.models: AFC is enabled with max remote calls: 10.
2026-09-07 21:29:37,443 INFO httpx: HTTP Request: POST https://us-central1-aiplatform.googleapis.com/v1beta1/projects/project-bf21b155-6b73-4230-8ef/locations/us-central1/publishers/google/models/gemini-2.5-flash:generateContent "HTTP/1.1 429 Too Many Requests"
2026-09-07 21:29:37,447 WARNING crawler.llm.vertex_provider: Vertex AI lỗi tạm thời (lần 4/6), đợi 16.8s rồi thử lại: 429 RESOURCE_EXHAUSTED. {'error': {'code': 429, 'message': 'Resource exhausted. Please try again later. Please refer to 
2026-09-07 21:29:37,492 INFO crawler.fetch.stealth_fetch: https://duhal.com.vn/den-led-chieu-sau-gan-noi-trang-tri-3w-dib2033 -> 429, retry lan 2
2026-09-07 21:29:37,492 INFO crawler.fetch.stealth_fetch: Server phản ứng chậm/từ chối - giãn nhịp fetch lên 8.0s
2026-09-07 21:29:38,293 INFO httpx: HTTP Request: POST https://us-central1-aiplatform.googleapis.com/v1beta1/projects/project-bf21b155-6b73-4230-8ef/locations/us-central1/publishers/google/models/gemini-2.5-flash:generateContent "HTTP/1.1 429 Too Many Requests"
2026-09-07 21:29:38,294 WARNING crawler.llm.vertex_provider: Vertex AI lỗi tạm thời (lần 4/6), đợi 16.3s rồi thử lại: 429 RESOURCE_EXHAUSTED. {'error': {'code': 429, 'message': 'Resource exhausted. Please try again later. Please refer to 
2026-09-07 21:29:38,366 INFO httpx: HTTP Request: POST https://us-central1-aiplatform.googleapis.com/v1beta1/projects/project-bf21b155-6b73-4230-8ef/locations/us-central1/publishers/google/models/gemini-2.5-flash:generateContent "HTTP/1.1 429 Too Many Requests"
2026-09-07 21:29:38,367 WARNING crawler.llm.vertex_provider: Vertex AI lỗi tạm thời (lần 5/6), đợi 32.7s rồi thử lại: 429 RESOURCE_EXHAUSTED. {'error': {'code': 429, 'message': 'Resource exhausted. Please try again later. Please refer to 
2026-09-07 21:29:39,820 INFO google_genai.models: AFC is enabled with max remote calls: 10.
2026-09-07 21:29:41,058 INFO httpx: HTTP Request: POST https://us-central1-aiplatform.googleapis.com/v1beta1/projects/project-bf21b155-6b73-4230-8ef/locations/us-central1/publishers/google/models/gemini-2.5-flash:generateContent "HTTP/1.1 429 Too Many Requests"
2026-09-07 21:29:41,059 WARNING crawler.llm.vertex_provider: Vertex AI lỗi tạm thời (lần 5/6), đợi 33.0s rồi thử lại: 429 RESOURCE_EXHAUSTED. {'error': {'code': 429, 'message': 'Resource exhausted. Please try again later. Please refer to 
2026-09-07 21:29:53,476 INFO crawler.fetch.stealth_fetch: https://duhal.com.vn/den-led-chieu-sau-gan-noi-trang-tri-3w-dib3033 -> 429, retry lan 1
2026-09-07 21:29:53,476 INFO crawler.fetch.stealth_fetch: Server phản ứng chậm/từ chối - giãn nhịp fetch lên 15.0s
2026-09-07 21:29:54,231 INFO google_genai.models: AFC is enabled with max remote calls: 10.
2026-09-07 21:29:54,561 INFO google_genai.models: AFC is enabled with max remote calls: 10.
2026-09-07 21:29:55,919 INFO httpx: HTTP Request: POST https://us-central1-aiplatform.googleapis.com/v1beta1/projects/project-bf21b155-6b73-4230-8ef/locations/us-central1/publishers/google/models/gemini-2.5-flash:generateContent "HTTP/1.1 429 Too Many Requests"
2026-09-07 21:29:55,923 WARNING crawler.llm.vertex_provider: Vertex AI lỗi tạm thời (lần 5/6), đợi 32.1s rồi thử lại: 429 RESOURCE_EXHAUSTED. {'error': {'code': 429, 'message': 'Resource exhausted. Please try again later. Please refer to 
2026-09-07 21:29:56,522 INFO httpx: HTTP Request: POST https://us-central1-aiplatform.googleapis.com/v1beta1/projects/project-bf21b155-6b73-4230-8ef/locations/us-central1/publishers/google/models/gemini-2.5-flash:generateContent "HTTP/1.1 200 OK"
2026-09-07 21:29:56,843 INFO crawler.llm.fallback: Gọi LLM provider: vertex-ai
2026-09-07 21:29:56,843 INFO google_genai.models: AFC is enabled with max remote calls: 10.
2026-09-07 21:29:57,164 INFO httpx: HTTP Request: POST https://us-central1-aiplatform.googleapis.com/v1beta1/projects/project-bf21b155-6b73-4230-8ef/locations/us-central1/publishers/google/models/gemini-2.5-flash:generateContent "HTTP/1.1 429 Too Many Requests"
2026-09-07 21:29:57,166 WARNING crawler.llm.vertex_provider: Vertex AI lỗi tạm thời (lần 1/6), đợi 2.4s rồi thử lại: 429 RESOURCE_EXHAUSTED. {'error': {'code': 429, 'message': 'Resource exhausted. Please try again later. Please refer to 
2026-09-07 21:29:59,592 INFO google_genai.models: AFC is enabled with max remote calls: 10.
2026-09-07 21:30:00,719 INFO httpx: HTTP Request: POST https://us-central1-aiplatform.googleapis.com/v1beta1/projects/project-bf21b155-6b73-4230-8ef/locations/us-central1/publishers/google/models/gemini-2.5-flash:generateContent "HTTP/1.1 200 OK"
2026-09-07 21:30:00,816 INFO crawler.llm.fallback: Gọi LLM provider: vertex-ai
2026-09-07 21:30:00,817 INFO google_genai.models: AFC is enabled with max remote calls: 10.
2026-09-07 21:30:02,152 INFO httpx: HTTP Request: POST https://us-central1-aiplatform.googleapis.com/v1beta1/projects/project-bf21b155-6b73-4230-8ef/locations/us-central1/publishers/google/models/gemini-2.5-flash:generateContent "HTTP/1.1 200 OK"
2026-09-07 21:30:02,254 INFO crawler.llm.fallback: Gọi LLM provider: vertex-ai
2026-09-07 21:30:02,255 INFO google_genai.models: AFC is enabled with max remote calls: 10.
2026-09-07 21:30:02,664 INFO httpx: HTTP Request: POST https://us-central1-aiplatform.googleapis.com/v1beta1/projects/project-bf21b155-6b73-4230-8ef/locations/us-central1/publishers/google/models/gemini-2.5-flash:generateContent "HTTP/1.1 429 Too Many Requests"
2026-09-07 21:30:02,665 WARNING crawler.llm.vertex_provider: Vertex AI lỗi tạm thời (lần 1/6), đợi 2.8s rồi thử lại: 429 RESOURCE_EXHAUSTED. {'error': {'code': 429, 'message': 'Resource exhausted. Please try again later. Please refer to 
2026-09-07 21:30:05,437 INFO google_genai.models: AFC is enabled with max remote calls: 10.
2026-09-07 21:30:06,482 INFO httpx: HTTP Request: POST https://us-central1-aiplatform.googleapis.com/v1beta1/projects/project-bf21b155-6b73-4230-8ef/locations/us-central1/publishers/google/models/gemini-2.5-flash:generateContent "HTTP/1.1 200 OK"
2026-09-07 21:30:06,493 INFO crawler.llm.validate: Bỏ tag không có căn cứ trong nguồn: kich_thuoc='Ø 170'
2026-09-07 21:30:06,603 INFO crawler.llm.fallback: Gọi LLM provider: vertex-ai
2026-09-07 21:30:06,603 INFO google_genai.models: AFC is enabled with max remote calls: 10.
2026-09-07 21:30:07,784 INFO httpx: HTTP Request: POST https://us-central1-aiplatform.googleapis.com/v1beta1/projects/project-bf21b155-6b73-4230-8ef/locations/us-central1/publishers/google/models/gemini-2.5-flash:generateContent "HTTP/1.1 200 OK"
2026-09-07 21:30:07,882 INFO crawler.llm.fallback: Gọi LLM provider: vertex-ai
2026-09-07 21:30:07,883 INFO google_genai.models: AFC is enabled with max remote calls: 10.
2026-09-07 21:30:11,022 INFO google_genai.models: AFC is enabled with max remote calls: 10.
2026-09-07 21:30:14,047 INFO google_genai.models: AFC is enabled with max remote calls: 10.
2026-09-07 21:30:16,426 INFO httpx: HTTP Request: POST https://us-central1-aiplatform.googleapis.com/v1beta1/projects/project-bf21b155-6b73-4230-8ef/locations/us-central1/publishers/google/models/gemini-2.5-flash:generateContent "HTTP/1.1 200 OK"
2026-09-07 21:30:16,434 INFO crawler.llm.validate: Bỏ tag không có căn cứ trong nguồn: thoi_gian_luu='2 gio'
2026-09-07 21:30:16,615 INFO crawler.llm.fallback: Gọi LLM provider: vertex-ai
2026-09-07 21:30:16,615 INFO google_genai.models: AFC is enabled with max remote calls: 10.
2026-09-07 21:30:16,989 INFO httpx: HTTP Request: POST https://us-central1-aiplatform.googleapis.com/v1beta1/projects/project-bf21b155-6b73-4230-8ef/locations/us-central1/publishers/google/models/gemini-2.5-flash:generateContent "HTTP/1.1 429 Too Many Requests"
2026-09-07 21:30:16,990 WARNING crawler.llm.vertex_provider: Vertex AI lỗi tạm thời (lần 1/6), đợi 2.3s rồi thử lại: 429 RESOURCE_EXHAUSTED. {'error': {'code': 429, 'message': 'Resource exhausted. Please try again later. Please refer to 
2026-09-07 21:30:19,313 INFO google_genai.models: AFC is enabled with max remote calls: 10.
2026-09-07 21:30:19,630 INFO httpx: HTTP Request: POST https://us-central1-aiplatform.googleapis.com/v1beta1/projects/project-bf21b155-6b73-4230-8ef/locations/us-central1/publishers/google/models/gemini-2.5-flash:generateContent "HTTP/1.1 429 Too Many Requests"
2026-09-07 21:30:19,631 WARNING crawler.llm.vertex_provider: Vertex AI lỗi tạm thời (lần 2/6), đợi 4.9s rồi thử lại: 429 RESOURCE_EXHAUSTED. {'error': {'code': 429, 'message': 'Resource exhausted. Please try again later. Please refer to 
2026-09-07 21:30:24,494 INFO google_genai.models: AFC is enabled with max remote calls: 10.
2026-09-07 21:30:24,813 INFO httpx: HTTP Request: POST https://us-central1-aiplatform.googleapis.com/v1beta1/projects/project-bf21b155-6b73-4230-8ef/locations/us-central1/publishers/google/models/gemini-2.5-flash:generateContent "HTTP/1.1 429 Too Many Requests"
2026-09-07 21:30:24,815 WARNING crawler.llm.vertex_provider: Vertex AI lỗi tạm thời (lần 3/6), đợi 8.9s rồi thử lại: 429 RESOURCE_EXHAUSTED. {'error': {'code': 429, 'message': 'Resource exhausted. Please try again later. Please refer to 
2026-09-07 21:30:28,026 INFO google_genai.models: AFC is enabled with max remote calls: 10.
2026-09-07 21:30:28,487 INFO httpx: HTTP Request: POST https://us-central1-aiplatform.googleapis.com/v1beta1/projects/project-bf21b155-6b73-4230-8ef/locations/us-central1/publishers/google/models/gemini-2.5-flash:generateContent "HTTP/1.1 429 Too Many Requests"
2026-09-07 21:30:28,492 WARNING crawler.llm.fallback: Provider vertex-ai thất bại (Vertex AI lỗi: 429 RESOURCE_EXHAUSTED. {'error': {'code': 429, 'message': 'Resource exhausted. Please try again later. Please refer to https://cloud.google.com/vertex-ai/generative-ai/docs/error-code-429 for more details.', 'status': 'RESOURCE_EXHAUSTED'}}), chuyển sang provider tiếp theo
2026-09-07 21:30:28,492 INFO crawler.llm.fallback: Gọi LLM provider: deepseek
2026-09-07 21:30:29,056 INFO httpx2: HTTP Request: POST https://api.deepseek.com/chat/completions "HTTP/1.1 402 Payment Required"
2026-09-07 21:30:29,057 WARNING crawler.llm.fallback: Provider deepseek thất bại (DeepSeek lỗi: Error code: 402 - {'error': {'message': 'Insufficient Balance', 'type': 'unknown_error', 'param': None, 'code': 'invalid_request_error'}}), chuyển sang provider tiếp theo
2026-09-07 21:30:29,057 WARNING crawler.pipeline: Tầng 2 (LLM) thất bại cho https://duhal.com.vn/den-khan-cap-3w-snc302l: Tất cả LLM provider đều thất bại: DeepSeek lỗi: Error code: 402 - {'error': {'message': 'Insufficient Balance', 'type': 'unknown_error', 'param': None, 'code': 'invalid_request_error'}}
2026-09-07 21:30:29,167 INFO crawler.llm.fallback: Gọi LLM provider: vertex-ai
2026-09-07 21:30:29,168 INFO google_genai.models: AFC is enabled with max remote calls: 10.
2026-09-07 21:30:29,461 INFO httpx: HTTP Request: POST https://us-central1-aiplatform.googleapis.com/v1beta1/projects/project-bf21b155-6b73-4230-8ef/locations/us-central1/publishers/google/models/gemini-2.5-flash:generateContent "HTTP/1.1 429 Too Many Requests"
2026-09-07 21:30:29,465 WARNING crawler.llm.vertex_provider: Vertex AI lỗi tạm thời (lần 1/6), đợi 2.8s rồi thử lại: 429 RESOURCE_EXHAUSTED. {'error': {'code': 429, 'message': 'Resource exhausted. Please try again later. Please refer to 
2026-09-07 21:30:32,244 INFO google_genai.models: AFC is enabled with max remote calls: 10.
2026-09-07 21:30:32,529 INFO httpx: HTTP Request: POST https://us-central1-aiplatform.googleapis.com/v1beta1/projects/project-bf21b155-6b73-4230-8ef/locations/us-central1/publishers/google/models/gemini-2.5-flash:generateContent "HTTP/1.1 429 Too Many Requests"
2026-09-07 21:30:32,534 WARNING crawler.llm.vertex_provider: Vertex AI lỗi tạm thời (lần 2/6), đợi 4.6s rồi thử lại: 429 RESOURCE_EXHAUSTED. {'error': {'code': 429, 'message': 'Resource exhausted. Please try again later. Please refer to 
2026-09-07 21:30:33,748 INFO google_genai.models: AFC is enabled with max remote calls: 10.
2026-09-07 21:30:35,066 INFO httpx: HTTP Request: POST https://us-central1-aiplatform.googleapis.com/v1beta1/projects/project-bf21b155-6b73-4230-8ef/locations/us-central1/publishers/google/models/gemini-2.5-flash:generateContent "HTTP/1.1 200 OK"
2026-09-07 21:30:35,223 INFO crawler.llm.fallback: Gọi LLM provider: vertex-ai
2026-09-07 21:30:35,224 INFO google_genai.models: AFC is enabled with max remote calls: 10.
2026-09-07 21:30:35,496 INFO httpx: HTTP Request: POST https://us-central1-aiplatform.googleapis.com/v1beta1/projects/project-bf21b155-6b73-4230-8ef/locations/us-central1/publishers/google/models/gemini-2.5-flash:generateContent "HTTP/1.1 429 Too Many Requests"
2026-09-07 21:30:35,507 WARNING crawler.llm.vertex_provider: Vertex AI lỗi tạm thời (lần 1/6), đợi 2.3s rồi thử lại: 429 RESOURCE_EXHAUSTED. {'error': {'code': 429, 'message': 'Resource exhausted. Please try again later. Please refer to 
2026-09-07 21:30:37,169 INFO google_genai.models: AFC is enabled with max remote calls: 10.
2026-09-07 21:30:37,492 INFO httpx: HTTP Request: POST https://us-central1-aiplatform.googleapis.com/v1beta1/projects/project-bf21b155-6b73-4230-8ef/locations/us-central1/publishers/google/models/gemini-2.5-flash:generateContent "HTTP/1.1 429 Too Many Requests"
2026-09-07 21:30:37,493 WARNING crawler.llm.vertex_provider: Vertex AI lỗi tạm thời (lần 3/6), đợi 8.5s rồi thử lại: 429 RESOURCE_EXHAUSTED. {'error': {'code': 429, 'message': 'Resource exhausted. Please try again later. Please refer to 
2026-09-07 21:30:37,816 INFO google_genai.models: AFC is enabled with max remote calls: 10.
2026-09-07 21:30:38,139 INFO httpx: HTTP Request: POST https://us-central1-aiplatform.googleapis.com/v1beta1/projects/project-bf21b155-6b73-4230-8ef/locations/us-central1/publishers/google/models/gemini-2.5-flash:generateContent "HTTP/1.1 429 Too Many Requests"
2026-09-07 21:30:38,142 WARNING crawler.llm.vertex_provider: Vertex AI lỗi tạm thời (lần 2/6), đợi 4.4s rồi thử lại: 429 RESOURCE_EXHAUSTED. {'error': {'code': 429, 'message': 'Resource exhausted. Please try again later. Please refer to 
2026-09-07 21:30:40,161 INFO crawler.fetch.stealth_fetch: https://duhal.com.vn/den-led-chong-tham-1x18w-lsi118 -> 429, retry lan 1
2026-09-07 21:30:40,161 INFO crawler.fetch.stealth_fetch: Server phản ứng chậm/từ chối - giãn nhịp fetch lên 1.0s
2026-09-07 21:30:41,985 INFO crawler.fetch.stealth_fetch: https://duhal.com.vn/den-led-chong-tham-1x18w-lsi118 -> 429, retry lan 2
2026-09-07 21:30:41,985 INFO crawler.fetch.stealth_fetch: Server phản ứng chậm/từ chối - giãn nhịp fetch lên 2.0s
2026-09-07 21:30:42,536 INFO google_genai.models: AFC is enabled with max remote calls: 10.
2026-09-07 21:30:42,909 INFO httpx: HTTP Request: POST https://us-central1-aiplatform.googleapis.com/v1beta1/projects/project-bf21b155-6b73-4230-8ef/locations/us-central1/publishers/google/models/gemini-2.5-flash:generateContent "HTTP/1.1 429 Too Many Requests"
2026-09-07 21:30:42,910 WARNING crawler.llm.vertex_provider: Vertex AI lỗi tạm thời (lần 3/6), đợi 8.1s rồi thử lại: 429 RESOURCE_EXHAUSTED. {'error': {'code': 429, 'message': 'Resource exhausted. Please try again later. Please refer to 
2026-09-07 21:30:45,776 INFO httpx: HTTP Request: POST https://us-central1-aiplatform.googleapis.com/v1beta1/projects/project-bf21b155-6b73-4230-8ef/locations/us-central1/publishers/google/models/gemini-2.5-flash:generateContent "HTTP/1.1 200 OK"
2026-09-07 21:30:45,881 INFO crawler.llm.fallback: Gọi LLM provider: vertex-ai
2026-09-07 21:30:45,882 INFO google_genai.models: AFC is enabled with max remote calls: 10.
2026-09-07 21:30:45,950 INFO google_genai.models: AFC is enabled with max remote calls: 10.
2026-09-07 21:30:46,287 INFO httpx: HTTP Request: POST https://us-central1-aiplatform.googleapis.com/v1beta1/projects/project-bf21b155-6b73-4230-8ef/locations/us-central1/publishers/google/models/gemini-2.5-flash:generateContent "HTTP/1.1 429 Too Many Requests"
2026-09-07 21:30:46,289 INFO httpx: HTTP Request: POST https://us-central1-aiplatform.googleapis.com/v1beta1/projects/project-bf21b155-6b73-4230-8ef/locations/us-central1/publishers/google/models/gemini-2.5-flash:generateContent "HTTP/1.1 429 Too Many Requests"
2026-09-07 21:30:46,290 WARNING crawler.llm.vertex_provider: Vertex AI lỗi tạm thời (lần 4/6), đợi 16.7s rồi thử lại: 429 RESOURCE_EXHAUSTED. {'error': {'code': 429, 'message': 'Resource exhausted. Please try again later. Please refer to 
2026-09-07 21:30:46,290 WARNING crawler.llm.vertex_provider: Vertex AI lỗi tạm thời (lần 1/6), đợi 2.7s rồi thử lại: 429 RESOURCE_EXHAUSTED. {'error': {'code': 429, 'message': 'Resource exhausted. Please try again later. Please refer to 
2026-09-07 21:30:47,294 INFO crawler.fetch.stealth_fetch: https://duhal.com.vn/den-led-chong-tham-2x18w-lsi218 -> 429, retry lan 1
2026-09-07 21:30:47,294 INFO crawler.fetch.stealth_fetch: Server phản ứng chậm/từ chối - giãn nhịp fetch lên 4.0s
2026-09-07 21:30:48,996 INFO google_genai.models: AFC is enabled with max remote calls: 10.
2026-09-07 21:30:49,509 INFO httpx: HTTP Request: POST https://us-central1-aiplatform.googleapis.com/v1beta1/projects/project-bf21b155-6b73-4230-8ef/locations/us-central1/publishers/google/models/gemini-2.5-flash:generateContent "HTTP/1.1 429 Too Many Requests"
2026-09-07 21:30:49,511 WARNING crawler.llm.vertex_provider: Vertex AI lỗi tạm thời (lần 2/6), đợi 4.5s rồi thử lại: 429 RESOURCE_EXHAUSTED. {'error': {'code': 429, 'message': 'Resource exhausted. Please try again later. Please refer to 
2026-09-07 21:30:51,013 INFO google_genai.models: AFC is enabled with max remote calls: 10.
2026-09-07 21:30:51,301 INFO crawler.fetch.stealth_fetch: https://duhal.com.vn/den-led-chong-tham-2x18w-lsi218 -> 429, retry lan 2
2026-09-07 21:30:51,301 INFO crawler.fetch.stealth_fetch: Server phản ứng chậm/từ chối - giãn nhịp fetch lên 8.0s
2026-09-07 21:30:52,431 INFO httpx: HTTP Request: POST https://us-central1-aiplatform.googleapis.com/v1beta1/projects/project-bf21b155-6b73-4230-8ef/locations/us-central1/publishers/google/models/gemini-2.5-flash:generateContent "HTTP/1.1 200 OK"
2026-09-07 21:30:52,567 INFO crawler.llm.fallback: Gọi LLM provider: vertex-ai
2026-09-07 21:30:52,567 INFO google_genai.models: AFC is enabled with max remote calls: 10.
2026-09-07 21:30:53,988 INFO google_genai.models: AFC is enabled with max remote calls: 10.
2026-09-07 21:30:55,299 INFO httpx: HTTP Request: POST https://us-central1-aiplatform.googleapis.com/v1beta1/projects/project-bf21b155-6b73-4230-8ef/locations/us-central1/publishers/google/models/gemini-2.5-flash:generateContent "HTTP/1.1 429 Too Many Requests"
2026-09-07 21:30:55,301 WARNING crawler.llm.vertex_provider: Vertex AI lỗi tạm thời (lần 3/6), đợi 8.1s rồi thử lại: 429 RESOURCE_EXHAUSTED. {'error': {'code': 429, 'message': 'Resource exhausted. Please try again later. Please refer to 
2026-09-07 21:31:00,790 INFO httpx: HTTP Request: POST https://us-central1-aiplatform.googleapis.com/v1beta1/projects/project-bf21b155-6b73-4230-8ef/locations/us-central1/publishers/google/models/gemini-2.5-flash:generateContent "HTTP/1.1 429 Too Many Requests"
2026-09-07 21:31:00,791 WARNING crawler.llm.vertex_provider: Vertex AI lỗi tạm thời (lần 1/6), đợi 2.7s rồi thử lại: 429 RESOURCE_EXHAUSTED. {'error': {'code': 429, 'message': 'Resource exhausted. Please try again later. Please refer to 
2026-09-07 21:31:03,017 INFO google_genai.models: AFC is enabled with max remote calls: 10.
2026-09-07 21:31:03,360 INFO google_genai.models: AFC is enabled with max remote calls: 10.
2026-09-07 21:31:03,482 INFO google_genai.models: AFC is enabled with max remote calls: 10.
2026-09-07 21:31:04,721 INFO httpx: HTTP Request: POST https://us-central1-aiplatform.googleapis.com/v1beta1/projects/project-bf21b155-6b73-4230-8ef/locations/us-central1/publishers/google/models/gemini-2.5-flash:generateContent "HTTP/1.1 429 Too Many Requests"
2026-09-07 21:31:04,722 WARNING crawler.llm.vertex_provider: Vertex AI lỗi tạm thời (lần 2/6), đợi 4.5s rồi thử lại: 429 RESOURCE_EXHAUSTED. {'error': {'code': 429, 'message': 'Resource exhausted. Please try again later. Please refer to 
2026-09-07 21:31:05,232 INFO httpx: HTTP Request: POST https://us-central1-aiplatform.googleapis.com/v1beta1/projects/project-bf21b155-6b73-4230-8ef/locations/us-central1/publishers/google/models/gemini-2.5-flash:generateContent "HTTP/1.1 200 OK"
2026-09-07 21:31:05,330 INFO crawler.llm.fallback: Gọi LLM provider: vertex-ai
2026-09-07 21:31:05,330 INFO google_genai.models: AFC is enabled with max remote calls: 10.
2026-09-07 21:31:05,540 INFO httpx: HTTP Request: POST https://us-central1-aiplatform.googleapis.com/v1beta1/projects/project-bf21b155-6b73-4230-8ef/locations/us-central1/publishers/google/models/gemini-2.5-flash:generateContent "HTTP/1.1 200 OK"
2026-09-07 21:31:05,645 INFO crawler.llm.fallback: Gọi LLM provider: vertex-ai
2026-09-07 21:31:05,645 INFO google_genai.models: AFC is enabled with max remote calls: 10.
2026-09-07 21:31:06,360 INFO httpx: HTTP Request: POST https://us-central1-aiplatform.googleapis.com/v1beta1/projects/project-bf21b155-6b73-4230-8ef/locations/us-central1/publishers/google/models/gemini-2.5-flash:generateContent "HTTP/1.1 200 OK"
2026-09-07 21:31:06,460 INFO crawler.llm.fallback: Gọi LLM provider: vertex-ai
2026-09-07 21:31:06,461 INFO google_genai.models: AFC is enabled with max remote calls: 10.
2026-09-07 21:31:07,071 INFO httpx: HTTP Request: POST https://us-central1-aiplatform.googleapis.com/v1beta1/projects/project-bf21b155-6b73-4230-8ef/locations/us-central1/publishers/google/models/gemini-2.5-flash:generateContent "HTTP/1.1 200 OK"
2026-09-07 21:31:07,180 INFO crawler.llm.fallback: Gọi LLM provider: vertex-ai
2026-09-07 21:31:07,180 INFO google_genai.models: AFC is enabled with max remote calls: 10.
2026-09-07 21:31:07,320 INFO crawler.fetch.stealth_fetch: https://duhal.com.vn/den-led-chong-tham-36w-sdct236 -> 429, retry lan 1
2026-09-07 21:31:07,321 INFO crawler.fetch.stealth_fetch: Server phản ứng chậm/từ chối - giãn nhịp fetch lên 15.0s
2026-09-07 21:31:07,589 INFO httpx: HTTP Request: POST https://us-central1-aiplatform.googleapis.com/v1beta1/projects/project-bf21b155-6b73-4230-8ef/locations/us-central1/publishers/google/models/gemini-2.5-flash:generateContent "HTTP/1.1 429 Too Many Requests"
2026-09-07 21:31:07,591 WARNING crawler.llm.vertex_provider: Vertex AI lỗi tạm thời (lần 1/6), đợi 2.9s rồi thử lại: 429 RESOURCE_EXHAUSTED. {'error': {'code': 429, 'message': 'Resource exhausted. Please try again later. Please refer to 
2026-09-07 21:31:07,884 INFO httpx: HTTP Request: POST https://us-central1-aiplatform.googleapis.com/v1beta1/projects/project-bf21b155-6b73-4230-8ef/locations/us-central1/publishers/google/models/gemini-2.5-flash:generateContent "HTTP/1.1 200 OK"
2026-09-07 21:31:07,979 INFO crawler.llm.fallback: Gọi LLM provider: vertex-ai
2026-09-07 21:31:07,979 INFO google_genai.models: AFC is enabled with max remote calls: 10.
2026-09-07 21:31:09,207 INFO google_genai.models: AFC is enabled with max remote calls: 10.
2026-09-07 21:31:10,352 INFO httpx: HTTP Request: POST https://us-central1-aiplatform.googleapis.com/v1beta1/projects/project-bf21b155-6b73-4230-8ef/locations/us-central1/publishers/google/models/gemini-2.5-flash:generateContent "HTTP/1.1 200 OK"
2026-09-07 21:31:10,453 INFO crawler.llm.fallback: Gọi LLM provider: vertex-ai
2026-09-07 21:31:10,453 INFO google_genai.models: AFC is enabled with max remote calls: 10.
2026-09-07 21:31:10,530 INFO google_genai.models: AFC is enabled with max remote calls: 10.
2026-09-07 21:31:11,478 INFO httpx: HTTP Request: POST https://us-central1-aiplatform.googleapis.com/v1beta1/projects/project-bf21b155-6b73-4230-8ef/locations/us-central1/publishers/google/models/gemini-2.5-flash:generateContent "HTTP/1.1 200 OK"
2026-09-07 21:31:11,588 INFO crawler.llm.fallback: Gọi LLM provider: vertex-ai
2026-09-07 21:31:11,589 INFO google_genai.models: AFC is enabled with max remote calls: 10.
2026-09-07 21:31:11,888 INFO httpx: HTTP Request: POST https://us-central1-aiplatform.googleapis.com/v1beta1/projects/project-bf21b155-6b73-4230-8ef/locations/us-central1/publishers/google/models/gemini-2.5-flash:generateContent "HTTP/1.1 429 Too Many Requests"
2026-09-07 21:31:11,890 WARNING crawler.llm.vertex_provider: Vertex AI lỗi tạm thời (lần 2/6), đợi 4.8s rồi thử lại: 429 RESOURCE_EXHAUSTED. {'error': {'code': 429, 'message': 'Resource exhausted. Please try again later. Please refer to 
2026-09-07 21:31:12,912 INFO httpx: HTTP Request: POST https://us-central1-aiplatform.googleapis.com/v1beta1/projects/project-bf21b155-6b73-4230-8ef/locations/us-central1/publishers/google/models/gemini-2.5-flash:generateContent "HTTP/1.1 200 OK"
2026-09-07 21:31:13,010 INFO crawler.llm.fallback: Gọi LLM provider: vertex-ai
2026-09-07 21:31:13,011 INFO google_genai.models: AFC is enabled with max remote calls: 10.
2026-09-07 21:31:14,653 INFO httpx: HTTP Request: POST https://us-central1-aiplatform.googleapis.com/v1beta1/projects/project-bf21b155-6b73-4230-8ef/locations/us-central1/publishers/google/models/gemini-2.5-flash:generateContent "HTTP/1.1 200 OK"
2026-09-07 21:31:14,752 INFO crawler.llm.fallback: Gọi LLM provider: vertex-ai
2026-09-07 21:31:14,752 INFO google_genai.models: AFC is enabled with max remote calls: 10.
2026-09-07 21:31:15,042 INFO httpx: HTTP Request: POST https://us-central1-aiplatform.googleapis.com/v1beta1/projects/project-bf21b155-6b73-4230-8ef/locations/us-central1/publishers/google/models/gemini-2.5-flash:generateContent "HTTP/1.1 429 Too Many Requests"
2026-09-07 21:31:15,046 WARNING crawler.llm.vertex_provider: Vertex AI lỗi tạm thời (lần 1/6), đợi 2.8s rồi thử lại: 429 RESOURCE_EXHAUSTED. {'error': {'code': 429, 'message': 'Resource exhausted. Please try again later. Please refer to 
2026-09-07 21:31:16,672 INFO google_genai.models: AFC is enabled with max remote calls: 10.
2026-09-07 21:31:17,835 INFO google_genai.models: AFC is enabled with max remote calls: 10.
2026-09-07 21:31:20,177 INFO httpx: HTTP Request: POST https://us-central1-aiplatform.googleapis.com/v1beta1/projects/project-bf21b155-6b73-4230-8ef/locations/us-central1/publishers/google/models/gemini-2.5-flash:generateContent "HTTP/1.1 200 OK"
2026-09-07 21:31:20,251 WARNING crawler.pipeline: Fetch thất bại cho https://duhal.com.vn/den-led-am-tran-trang-tri-12w-dfa1121: None
2026-09-07 21:31:20,251 WARNING crawler.pipeline: Fetch thất bại cho https://duhal.com.vn/den-led-am-tran-trang-tri-12w-dfa1122: None
2026-09-07 21:31:20,506 INFO crawler.llm.fallback: Gọi LLM provider: vertex-ai
2026-09-07 21:31:20,507 INFO google_genai.models: AFC is enabled with max remote calls: 10.
2026-09-07 21:31:20,806 INFO httpx: HTTP Request: POST https://us-central1-aiplatform.googleapis.com/v1beta1/projects/project-bf21b155-6b73-4230-8ef/locations/us-central1/publishers/google/models/gemini-2.5-flash:generateContent "HTTP/1.1 429 Too Many Requests"
2026-09-07 21:31:20,807 WARNING crawler.llm.vertex_provider: Vertex AI lỗi tạm thời (lần 1/6), đợi 2.5s rồi thử lại: 429 RESOURCE_EXHAUSTED. {'error': {'code': 429, 'message': 'Resource exhausted. Please try again later. Please refer to 
2026-09-07 21:31:23,312 INFO google_genai.models: AFC is enabled with max remote calls: 10.
2026-09-07 21:31:23,664 INFO httpx: HTTP Request: POST https://us-central1-aiplatform.googleapis.com/v1beta1/projects/project-bf21b155-6b73-4230-8ef/locations/us-central1/publishers/google/models/gemini-2.5-flash:generateContent "HTTP/1.1 429 Too Many Requests"
2026-09-07 21:31:23,665 WARNING crawler.llm.vertex_provider: Vertex AI lỗi tạm thời (lần 2/6), đợi 4.1s rồi thử lại: 429 RESOURCE_EXHAUSTED. {'error': {'code': 429, 'message': 'Resource exhausted. Please try again later. Please refer to 
2026-09-07 21:31:27,771 INFO google_genai.models: AFC is enabled with max remote calls: 10.
2026-09-07 21:31:28,083 INFO httpx: HTTP Request: POST https://us-central1-aiplatform.googleapis.com/v1beta1/projects/project-bf21b155-6b73-4230-8ef/locations/us-central1/publishers/google/models/gemini-2.5-flash:generateContent "HTTP/1.1 429 Too Many Requests"
2026-09-07 21:31:28,084 WARNING crawler.llm.vertex_provider: Vertex AI lỗi tạm thời (lần 3/6), đợi 8.1s rồi thử lại: 429 RESOURCE_EXHAUSTED. {'error': {'code': 429, 'message': 'Resource exhausted. Please try again later. Please refer to 
2026-09-07 21:31:31,340 INFO httpx: HTTP Request: POST https://us-central1-aiplatform.googleapis.com/v1beta1/projects/project-bf21b155-6b73-4230-8ef/locations/us-central1/publishers/google/models/gemini-2.5-flash:generateContent "HTTP/1.1 200 OK"
2026-09-07 21:31:31,452 INFO crawler.llm.fallback: Gọi LLM provider: vertex-ai
2026-09-07 21:31:31,452 INFO google_genai.models: AFC is enabled with max remote calls: 10.
2026-09-07 21:31:31,749 INFO httpx: HTTP Request: POST https://us-central1-aiplatform.googleapis.com/v1beta1/projects/project-bf21b155-6b73-4230-8ef/locations/us-central1/publishers/google/models/gemini-2.5-flash:generateContent "HTTP/1.1 429 Too Many Requests"
2026-09-07 21:31:31,754 WARNING crawler.llm.vertex_provider: Vertex AI lỗi tạm thời (lần 1/6), đợi 3.0s rồi thử lại: 429 RESOURCE_EXHAUSTED. {'error': {'code': 429, 'message': 'Resource exhausted. Please try again later. Please refer to 
2026-09-07 21:31:34,735 INFO google_genai.models: AFC is enabled with max remote calls: 10.
2026-09-07 21:31:35,026 INFO httpx: HTTP Request: POST https://us-central1-aiplatform.googleapis.com/v1beta1/projects/project-bf21b155-6b73-4230-8ef/locations/us-central1/publishers/google/models/gemini-2.5-flash:generateContent "HTTP/1.1 429 Too Many Requests"
2026-09-07 21:31:35,031 WARNING crawler.llm.vertex_provider: Vertex AI lỗi tạm thời (lần 2/6), đợi 4.7s rồi thử lại: 429 RESOURCE_EXHAUSTED. {'error': {'code': 429, 'message': 'Resource exhausted. Please try again later. Please refer to 
2026-09-07 21:31:36,226 INFO google_genai.models: AFC is enabled with max remote calls: 10.
2026-09-07 21:31:36,518 INFO httpx: HTTP Request: POST https://us-central1-aiplatform.googleapis.com/v1beta1/projects/project-bf21b155-6b73-4230-8ef/locations/us-central1/publishers/google/models/gemini-2.5-flash:generateContent "HTTP/1.1 429 Too Many Requests"
2026-09-07 21:31:36,523 WARNING crawler.llm.vertex_provider: Vertex AI lỗi tạm thời (lần 4/6), đợi 16.6s rồi thử lại: 429 RESOURCE_EXHAUSTED. {'error': {'code': 429, 'message': 'Resource exhausted. Please try again later. Please refer to 
2026-09-07 21:31:39,748 INFO google_genai.models: AFC is enabled with max remote calls: 10.
2026-09-07 21:31:40,151 INFO httpx: HTTP Request: POST https://us-central1-aiplatform.googleapis.com/v1beta1/projects/project-bf21b155-6b73-4230-8ef/locations/us-central1/publishers/google/models/gemini-2.5-flash:generateContent "HTTP/1.1 429 Too Many Requests"
2026-09-07 21:31:40,153 WARNING crawler.llm.vertex_provider: Vertex AI lỗi tạm thời (lần 3/6), đợi 8.7s rồi thử lại: 429 RESOURCE_EXHAUSTED. {'error': {'code': 429, 'message': 'Resource exhausted. Please try again later. Please refer to 
2026-09-07 21:31:43,203 INFO httpx: HTTP Request: POST https://us-central1-aiplatform.googleapis.com/v1beta1/projects/project-bf21b155-6b73-4230-8ef/locations/us-central1/publishers/google/models/gemini-2.5-flash:generateContent "HTTP/1.1 200 OK"
2026-09-07 21:31:43,311 INFO crawler.llm.fallback: Gọi LLM provider: vertex-ai
2026-09-07 21:31:43,311 INFO google_genai.models: AFC is enabled with max remote calls: 10.
2026-09-07 21:31:43,633 INFO httpx: HTTP Request: POST https://us-central1-aiplatform.googleapis.com/v1beta1/projects/project-bf21b155-6b73-4230-8ef/locations/us-central1/publishers/google/models/gemini-2.5-flash:generateContent "HTTP/1.1 429 Too Many Requests"
2026-09-07 21:31:43,634 WARNING crawler.llm.vertex_provider: Vertex AI lỗi tạm thời (lần 1/6), đợi 2.9s rồi thử lại: 429 RESOURCE_EXHAUSTED. {'error': {'code': 429, 'message': 'Resource exhausted. Please try again later. Please refer to 
2026-09-07 21:31:46,515 INFO google_genai.models: AFC is enabled with max remote calls: 10.
2026-09-07 21:31:46,808 INFO httpx: HTTP Request: POST https://us-central1-aiplatform.googleapis.com/v1beta1/projects/project-bf21b155-6b73-4230-8ef/locations/us-central1/publishers/google/models/gemini-2.5-flash:generateContent "HTTP/1.1 429 Too Many Requests"
2026-09-07 21:31:46,814 WARNING crawler.llm.vertex_provider: Vertex AI lỗi tạm thời (lần 2/6), đợi 4.4s rồi thử lại: 429 RESOURCE_EXHAUSTED. {'error': {'code': 429, 'message': 'Resource exhausted. Please try again later. Please refer to 
2026-09-07 21:31:48,898 INFO google_genai.models: AFC is enabled with max remote calls: 10.
2026-09-07 21:31:49,190 INFO httpx: HTTP Request: POST https://us-central1-aiplatform.googleapis.com/v1beta1/projects/project-bf21b155-6b73-4230-8ef/locations/us-central1/publishers/google/models/gemini-2.5-flash:generateContent "HTTP/1.1 429 Too Many Requests"
2026-09-07 21:31:49,194 WARNING crawler.llm.vertex_provider: Vertex AI lỗi tạm thời (lần 4/6), đợi 16.8s rồi thử lại: 429 RESOURCE_EXHAUSTED. {'error': {'code': 429, 'message': 'Resource exhausted. Please try again later. Please refer to 
2026-09-07 21:31:51,212 INFO google_genai.models: AFC is enabled with max remote calls: 10.
2026-09-07 21:31:51,507 INFO httpx: HTTP Request: POST https://us-central1-aiplatform.googleapis.com/v1beta1/projects/project-bf21b155-6b73-4230-8ef/locations/us-central1/publishers/google/models/gemini-2.5-flash:generateContent "HTTP/1.1 429 Too Many Requests"
2026-09-07 21:31:51,511 WARNING crawler.llm.vertex_provider: Vertex AI lỗi tạm thời (lần 3/6), đợi 8.0s rồi thử lại: 429 RESOURCE_EXHAUSTED. {'error': {'code': 429, 'message': 'Resource exhausted. Please try again later. Please refer to 
2026-09-07 21:31:53,125 INFO google_genai.models: AFC is enabled with max remote calls: 10.
2026-09-07 21:31:53,432 INFO httpx: HTTP Request: POST https://us-central1-aiplatform.googleapis.com/v1beta1/projects/project-bf21b155-6b73-4230-8ef/locations/us-central1/publishers/google/models/gemini-2.5-flash:generateContent "HTTP/1.1 429 Too Many Requests"
2026-09-07 21:31:53,436 WARNING crawler.llm.vertex_provider: Vertex AI lỗi tạm thời (lần 5/6), đợi 32.5s rồi thử lại: 429 RESOURCE_EXHAUSTED. {'error': {'code': 429, 'message': 'Resource exhausted. Please try again later. Please refer to 
2026-09-07 21:31:59,540 INFO google_genai.models: AFC is enabled with max remote calls: 10.
2026-09-07 21:32:02,006 INFO httpx: HTTP Request: POST https://us-central1-aiplatform.googleapis.com/v1beta1/projects/project-bf21b155-6b73-4230-8ef/locations/us-central1/publishers/google/models/gemini-2.5-flash:generateContent "HTTP/1.1 200 OK"
2026-09-07 21:32:02,161 INFO crawler.llm.fallback: Gọi LLM provider: vertex-ai
2026-09-07 21:32:02,161 INFO google_genai.models: AFC is enabled with max remote calls: 10.
2026-09-07 21:32:03,665 INFO httpx: HTTP Request: POST https://us-central1-aiplatform.googleapis.com/v1beta1/projects/project-bf21b155-6b73-4230-8ef/locations/us-central1/publishers/google/models/gemini-2.5-flash:generateContent "HTTP/1.1 200 OK"
2026-09-07 21:32:03,806 INFO crawler.llm.fallback: Gọi LLM provider: vertex-ai
2026-09-07 21:32:03,806 INFO google_genai.models: AFC is enabled with max remote calls: 10.
2026-09-07 21:32:05,171 INFO crawler.fetch.stealth_fetch: Server phản ứng chậm/từ chối - giãn nhịp fetch lên 3.8s
2026-09-07 21:32:05,295 INFO httpx: HTTP Request: POST https://us-central1-aiplatform.googleapis.com/v1beta1/projects/project-bf21b155-6b73-4230-8ef/locations/us-central1/publishers/google/models/gemini-2.5-flash:generateContent "HTTP/1.1 200 OK"
2026-09-07 21:32:05,432 INFO crawler.llm.fallback: Gọi LLM provider: vertex-ai
2026-09-07 21:32:05,432 INFO google_genai.models: AFC is enabled with max remote calls: 10.
2026-09-07 21:32:05,968 INFO google_genai.models: AFC is enabled with max remote calls: 10.
2026-09-07 21:32:06,766 INFO httpx: HTTP Request: POST https://us-central1-aiplatform.googleapis.com/v1beta1/projects/project-bf21b155-6b73-4230-8ef/locations/us-central1/publishers/google/models/gemini-2.5-flash:generateContent "HTTP/1.1 200 OK"
2026-09-07 21:32:06,930 INFO crawler.llm.fallback: Gọi LLM provider: vertex-ai
2026-09-07 21:32:06,930 INFO google_genai.models: AFC is enabled with max remote calls: 10.
2026-09-07 21:32:07,180 INFO httpx: HTTP Request: POST https://us-central1-aiplatform.googleapis.com/v1beta1/projects/project-bf21b155-6b73-4230-8ef/locations/us-central1/publishers/google/models/gemini-2.5-flash:generateContent "HTTP/1.1 429 Too Many Requests"
2026-09-07 21:32:07,182 WARNING crawler.llm.vertex_provider: Vertex AI lỗi tạm thời (lần 5/6), đợi 32.3s rồi thử lại: 429 RESOURCE_EXHAUSTED. {'error': {'code': 429, 'message': 'Resource exhausted. Please try again later. Please refer to 
2026-09-07 21:32:08,527 INFO httpx: HTTP Request: POST https://us-central1-aiplatform.googleapis.com/v1beta1/projects/project-bf21b155-6b73-4230-8ef/locations/us-central1/publishers/google/models/gemini-2.5-flash:generateContent "HTTP/1.1 200 OK"
2026-09-07 21:32:08,695 INFO crawler.llm.fallback: Gọi LLM provider: vertex-ai
2026-09-07 21:32:08,696 INFO google_genai.models: AFC is enabled with max remote calls: 10.
2026-09-07 21:32:10,025 INFO httpx: HTTP Request: POST https://us-central1-aiplatform.googleapis.com/v1beta1/projects/project-bf21b155-6b73-4230-8ef/locations/us-central1/publishers/google/models/gemini-2.5-flash:generateContent "HTTP/1.1 200 OK"
2026-09-07 21:32:10,199 INFO crawler.llm.fallback: Gọi LLM provider: vertex-ai
2026-09-07 21:32:10,200 INFO google_genai.models: AFC is enabled with max remote calls: 10.
2026-09-07 21:32:11,623 INFO httpx: HTTP Request: POST https://us-central1-aiplatform.googleapis.com/v1beta1/projects/project-bf21b155-6b73-4230-8ef/locations/us-central1/publishers/google/models/gemini-2.5-flash:generateContent "HTTP/1.1 200 OK"
2026-09-07 21:32:11,818 INFO crawler.llm.fallback: Gọi LLM provider: vertex-ai
2026-09-07 21:32:11,819 INFO google_genai.models: AFC is enabled with max remote calls: 10.
2026-09-07 21:32:13,335 INFO httpx: HTTP Request: POST https://us-central1-aiplatform.googleapis.com/v1beta1/projects/project-bf21b155-6b73-4230-8ef/locations/us-central1/publishers/google/models/gemini-2.5-flash:generateContent "HTTP/1.1 200 OK"
2026-09-07 21:32:13,806 INFO crawler.llm.fallback: Gọi LLM provider: vertex-ai
2026-09-07 21:32:13,807 INFO google_genai.models: AFC is enabled with max remote calls: 10.
2026-09-07 21:32:15,494 INFO httpx: HTTP Request: POST https://us-central1-aiplatform.googleapis.com/v1beta1/projects/project-bf21b155-6b73-4230-8ef/locations/us-central1/publishers/google/models/gemini-2.5-flash:generateContent "HTTP/1.1 200 OK"
2026-09-07 21:32:15,707 INFO crawler.llm.fallback: Gọi LLM provider: vertex-ai
2026-09-07 21:32:15,708 INFO google_genai.models: AFC is enabled with max remote calls: 10.
2026-09-07 21:32:18,484 INFO httpx: HTTP Request: POST https://us-central1-aiplatform.googleapis.com/v1beta1/projects/project-bf21b155-6b73-4230-8ef/locations/us-central1/publishers/google/models/gemini-2.5-flash:generateContent "HTTP/1.1 200 OK"
2026-09-07 21:32:18,667 INFO crawler.llm.fallback: Gọi LLM provider: vertex-ai
2026-09-07 21:32:18,667 INFO google_genai.models: AFC is enabled with max remote calls: 10.
2026-09-07 21:32:20,704 INFO httpx: HTTP Request: POST https://us-central1-aiplatform.googleapis.com/v1beta1/projects/project-bf21b155-6b73-4230-8ef/locations/us-central1/publishers/google/models/gemini-2.5-flash:generateContent "HTTP/1.1 200 OK"
2026-09-07 21:32:20,714 INFO crawler.llm.validate: Bỏ tag không có căn cứ trong nguồn: quy_cach='null'
2026-09-07 21:32:20,906 INFO crawler.llm.fallback: Gọi LLM provider: vertex-ai
2026-09-07 21:32:20,906 INFO google_genai.models: AFC is enabled with max remote calls: 10.
2026-09-07 21:32:22,244 INFO httpx: HTTP Request: POST https://us-central1-aiplatform.googleapis.com/v1beta1/projects/project-bf21b155-6b73-4230-8ef/locations/us-central1/publishers/google/models/gemini-2.5-flash:generateContent "HTTP/1.1 200 OK"
2026-09-07 21:32:22,361 INFO crawler.llm.fallback: Gọi LLM provider: vertex-ai
2026-09-07 21:32:22,361 INFO google_genai.models: AFC is enabled with max remote calls: 10.
2026-09-07 21:32:25,937 INFO google_genai.models: AFC is enabled with max remote calls: 10.
2026-09-07 21:32:27,225 INFO httpx: HTTP Request: POST https://us-central1-aiplatform.googleapis.com/v1beta1/projects/project-bf21b155-6b73-4230-8ef/locations/us-central1/publishers/google/models/gemini-2.5-flash:generateContent "HTTP/1.1 429 Too Many Requests"
2026-09-07 21:32:27,226 WARNING crawler.llm.fallback: Provider vertex-ai thất bại (Vertex AI lỗi: 429 RESOURCE_EXHAUSTED. {'error': {'code': 429, 'message': 'Resource exhausted. Please try again later. Please refer to https://cloud.google.com/vertex-ai/generative-ai/docs/error-code-429 for more details.', 'status': 'RESOURCE_EXHAUSTED'}}), chuyển sang provider tiếp theo
2026-09-07 21:32:27,226 INFO crawler.llm.fallback: Gọi LLM provider: deepseek
2026-09-07 21:32:27,728 INFO httpx2: HTTP Request: POST https://api.deepseek.com/chat/completions "HTTP/1.1 402 Payment Required"
2026-09-07 21:32:27,729 WARNING crawler.llm.fallback: Provider deepseek thất bại (DeepSeek lỗi: Error code: 402 - {'error': {'message': 'Insufficient Balance', 'type': 'unknown_error', 'param': None, 'code': 'invalid_request_error'}}), chuyển sang provider tiếp theo
2026-09-07 21:32:27,729 WARNING crawler.pipeline: Tầng 2 (LLM) thất bại cho https://duhal.com.vn/den-led-am-tran-trang-tri-12w-dfa1123: Tất cả LLM provider đều thất bại: DeepSeek lỗi: Error code: 402 - {'error': {'message': 'Insufficient Balance', 'type': 'unknown_error', 'param': None, 'code': 'invalid_request_error'}}
2026-09-07 21:32:27,838 INFO crawler.llm.fallback: Gọi LLM provider: vertex-ai
2026-09-07 21:32:27,839 INFO google_genai.models: AFC is enabled with max remote calls: 10.
2026-09-07 21:32:28,173 INFO httpx: HTTP Request: POST https://us-central1-aiplatform.googleapis.com/v1beta1/projects/project-bf21b155-6b73-4230-8ef/locations/us-central1/publishers/google/models/gemini-2.5-flash:generateContent "HTTP/1.1 429 Too Many Requests"
2026-09-07 21:32:28,174 WARNING crawler.llm.vertex_provider: Vertex AI lỗi tạm thời (lần 1/6), đợi 2.1s rồi thử lại: 429 RESOURCE_EXHAUSTED. {'error': {'code': 429, 'message': 'Resource exhausted. Please try again later. Please refer to 
2026-09-07 21:32:29,194 INFO httpx: HTTP Request: POST https://us-central1-aiplatform.googleapis.com/v1beta1/projects/project-bf21b155-6b73-4230-8ef/locations/us-central1/publishers/google/models/gemini-2.5-flash:generateContent "HTTP/1.1 200 OK"
2026-09-07 21:32:29,377 INFO crawler.llm.fallback: Gọi LLM provider: vertex-ai
2026-09-07 21:32:29,377 INFO google_genai.models: AFC is enabled with max remote calls: 10.
2026-09-07 21:32:30,313 INFO google_genai.models: AFC is enabled with max remote calls: 10.
2026-09-07 21:32:30,622 INFO httpx: HTTP Request: POST https://us-central1-aiplatform.googleapis.com/v1beta1/projects/project-bf21b155-6b73-4230-8ef/locations/us-central1/publishers/google/models/gemini-2.5-flash:generateContent "HTTP/1.1 429 Too Many Requests"
2026-09-07 21:32:30,623 WARNING crawler.llm.vertex_provider: Vertex AI lỗi tạm thời (lần 2/6), đợi 4.2s rồi thử lại: 429 RESOURCE_EXHAUSTED. {'error': {'code': 429, 'message': 'Resource exhausted. Please try again later. Please refer to 
2026-09-07 21:32:30,772 INFO httpx: HTTP Request: POST https://us-central1-aiplatform.googleapis.com/v1beta1/projects/project-bf21b155-6b73-4230-8ef/locations/us-central1/publishers/google/models/gemini-2.5-flash:generateContent "HTTP/1.1 200 OK"
2026-09-07 21:32:30,914 INFO crawler.llm.fallback: Gọi LLM provider: vertex-ai
2026-09-07 21:32:30,915 INFO google_genai.models: AFC is enabled with max remote calls: 10.
2026-09-07 21:32:32,624 INFO httpx: HTTP Request: POST https://us-central1-aiplatform.googleapis.com/v1beta1/projects/project-bf21b155-6b73-4230-8ef/locations/us-central1/publishers/google/models/gemini-2.5-flash:generateContent "HTTP/1.1 200 OK"
2026-09-07 21:32:32,863 INFO crawler.llm.fallback: Gọi LLM provider: vertex-ai
2026-09-07 21:32:32,864 INFO google_genai.models: AFC is enabled with max remote calls: 10.
2026-09-07 21:32:33,165 INFO httpx: HTTP Request: POST https://us-central1-aiplatform.googleapis.com/v1beta1/projects/project-bf21b155-6b73-4230-8ef/locations/us-central1/publishers/google/models/gemini-2.5-flash:generateContent "HTTP/1.1 429 Too Many Requests"
2026-09-07 21:32:33,171 WARNING crawler.llm.vertex_provider: Vertex AI lỗi tạm thời (lần 1/6), đợi 2.5s rồi thử lại: 429 RESOURCE_EXHAUSTED. {'error': {'code': 429, 'message': 'Resource exhausted. Please try again later. Please refer to 
2026-09-07 21:32:34,800 INFO google_genai.models: AFC is enabled with max remote calls: 10.
2026-09-07 21:32:35,092 INFO httpx: HTTP Request: POST https://us-central1-aiplatform.googleapis.com/v1beta1/projects/project-bf21b155-6b73-4230-8ef/locations/us-central1/publishers/google/models/gemini-2.5-flash:generateContent "HTTP/1.1 429 Too Many Requests"
2026-09-07 21:32:35,098 WARNING crawler.llm.vertex_provider: Vertex AI lỗi tạm thời (lần 3/6), đợi 8.6s rồi thử lại: 429 RESOURCE_EXHAUSTED. {'error': {'code': 429, 'message': 'Resource exhausted. Please try again later. Please refer to 
2026-09-07 21:32:35,640 INFO google_genai.models: AFC is enabled with max remote calls: 10.
2026-09-07 21:32:35,945 INFO httpx: HTTP Request: POST https://us-central1-aiplatform.googleapis.com/v1beta1/projects/project-bf21b155-6b73-4230-8ef/locations/us-central1/publishers/google/models/gemini-2.5-flash:generateContent "HTTP/1.1 429 Too Many Requests"
2026-09-07 21:32:35,951 WARNING crawler.llm.vertex_provider: Vertex AI lỗi tạm thời (lần 2/6), đợi 4.3s rồi thử lại: 429 RESOURCE_EXHAUSTED. {'error': {'code': 429, 'message': 'Resource exhausted. Please try again later. Please refer to 
2026-09-07 21:32:39,488 INFO google_genai.models: AFC is enabled with max remote calls: 10.
2026-09-07 21:32:40,247 INFO google_genai.models: AFC is enabled with max remote calls: 10.
2026-09-07 21:32:41,592 INFO httpx: HTTP Request: POST https://us-central1-aiplatform.googleapis.com/v1beta1/projects/project-bf21b155-6b73-4230-8ef/locations/us-central1/publishers/google/models/gemini-2.5-flash:generateContent "HTTP/1.1 429 Too Many Requests"
2026-09-07 21:32:41,594 WARNING crawler.llm.vertex_provider: Vertex AI lỗi tạm thời (lần 3/6), đợi 8.6s rồi thử lại: 429 RESOURCE_EXHAUSTED. {'error': {'code': 429, 'message': 'Resource exhausted. Please try again later. Please refer to 
2026-09-07 21:32:43,693 INFO google_genai.models: AFC is enabled with max remote calls: 10.
2026-09-07 21:32:44,050 INFO httpx: HTTP Request: POST https://us-central1-aiplatform.googleapis.com/v1beta1/projects/project-bf21b155-6b73-4230-8ef/locations/us-central1/publishers/google/models/gemini-2.5-flash:generateContent "HTTP/1.1 429 Too Many Requests"
2026-09-07 21:32:44,051 WARNING crawler.llm.vertex_provider: Vertex AI lỗi tạm thời (lần 4/6), đợi 16.4s rồi thử lại: 429 RESOURCE_EXHAUSTED. {'error': {'code': 429, 'message': 'Resource exhausted. Please try again later. Please refer to 
2026-09-07 21:32:49,164 INFO httpx: HTTP Request: POST https://us-central1-aiplatform.googleapis.com/v1beta1/projects/project-bf21b155-6b73-4230-8ef/locations/us-central1/publishers/google/models/gemini-2.5-flash:generateContent "HTTP/1.1 200 OK"
2026-09-07 21:32:49,296 INFO crawler.llm.fallback: Gọi LLM provider: vertex-ai
2026-09-07 21:32:49,296 INFO google_genai.models: AFC is enabled with max remote calls: 10.
2026-09-07 21:32:49,599 INFO httpx: HTTP Request: POST https://us-central1-aiplatform.googleapis.com/v1beta1/projects/project-bf21b155-6b73-4230-8ef/locations/us-central1/publishers/google/models/gemini-2.5-flash:generateContent "HTTP/1.1 429 Too Many Requests"
2026-09-07 21:32:49,604 WARNING crawler.llm.vertex_provider: Vertex AI lỗi tạm thời (lần 1/6), đợi 2.5s rồi thử lại: 429 RESOURCE_EXHAUSTED. {'error': {'code': 429, 'message': 'Resource exhausted. Please try again later. Please refer to 
2026-09-07 21:32:50,177 INFO google_genai.models: AFC is enabled with max remote calls: 10.
2026-09-07 21:32:50,659 INFO httpx: HTTP Request: POST https://us-central1-aiplatform.googleapis.com/v1beta1/projects/project-bf21b155-6b73-4230-8ef/locations/us-central1/publishers/google/models/gemini-2.5-flash:generateContent "HTTP/1.1 429 Too Many Requests"
2026-09-07 21:32:50,664 WARNING crawler.llm.vertex_provider: Vertex AI lỗi tạm thời (lần 4/6), đợi 16.4s rồi thử lại: 429 RESOURCE_EXHAUSTED. {'error': {'code': 429, 'message': 'Resource exhausted. Please try again later. Please refer to 
2026-09-07 21:32:52,105 INFO google_genai.models: AFC is enabled with max remote calls: 10.
2026-09-07 21:32:52,400 INFO httpx: HTTP Request: POST https://us-central1-aiplatform.googleapis.com/v1beta1/projects/project-bf21b155-6b73-4230-8ef/locations/us-central1/publishers/google/models/gemini-2.5-flash:generateContent "HTTP/1.1 429 Too Many Requests"
2026-09-07 21:32:52,405 WARNING crawler.llm.vertex_provider: Vertex AI lỗi tạm thời (lần 2/6), đợi 4.7s rồi thử lại: 429 RESOURCE_EXHAUSTED. {'error': {'code': 429, 'message': 'Resource exhausted. Please try again later. Please refer to 
2026-09-07 21:32:57,132 INFO google_genai.models: AFC is enabled with max remote calls: 10.
2026-09-07 21:32:57,438 INFO httpx: HTTP Request: POST https://us-central1-aiplatform.googleapis.com/v1beta1/projects/project-bf21b155-6b73-4230-8ef/locations/us-central1/publishers/google/models/gemini-2.5-flash:generateContent "HTTP/1.1 429 Too Many Requests"
2026-09-07 21:32:57,442 WARNING crawler.llm.vertex_provider: Vertex AI lỗi tạm thời (lần 3/6), đợi 8.5s rồi thử lại: 429 RESOURCE_EXHAUSTED. {'error': {'code': 429, 'message': 'Resource exhausted. Please try again later. Please refer to 
2026-09-07 21:33:00,480 INFO google_genai.models: AFC is enabled with max remote calls: 10.
2026-09-07 21:33:00,773 INFO httpx: HTTP Request: POST https://us-central1-aiplatform.googleapis.com/v1beta1/projects/project-bf21b155-6b73-4230-8ef/locations/us-central1/publishers/google/models/gemini-2.5-flash:generateContent "HTTP/1.1 429 Too Many Requests"
2026-09-07 21:33:00,778 WARNING crawler.llm.vertex_provider: Vertex AI lỗi tạm thời (lần 5/6), đợi 32.1s rồi thử lại: 429 RESOURCE_EXHAUSTED. {'error': {'code': 429, 'message': 'Resource exhausted. Please try again later. Please refer to 
2026-09-07 21:33:05,925 INFO google_genai.models: AFC is enabled with max remote calls: 10.
2026-09-07 21:33:07,033 INFO google_genai.models: AFC is enabled with max remote calls: 10.
2026-09-07 21:33:08,417 INFO httpx: HTTP Request: POST https://us-central1-aiplatform.googleapis.com/v1beta1/projects/project-bf21b155-6b73-4230-8ef/locations/us-central1/publishers/google/models/gemini-2.5-flash:generateContent "HTTP/1.1 200 OK"
2026-09-07 21:33:08,589 INFO crawler.llm.fallback: Gọi LLM provider: vertex-ai
2026-09-07 21:33:08,589 INFO google_genai.models: AFC is enabled with max remote calls: 10.
2026-09-07 21:33:08,889 INFO httpx: HTTP Request: POST https://us-central1-aiplatform.googleapis.com/v1beta1/projects/project-bf21b155-6b73-4230-8ef/locations/us-central1/publishers/google/models/gemini-2.5-flash:generateContent "HTTP/1.1 429 Too Many Requests"
2026-09-07 21:33:08,890 WARNING crawler.llm.vertex_provider: Vertex AI lỗi tạm thời (lần 1/6), đợi 2.6s rồi thử lại: 429 RESOURCE_EXHAUSTED. {'error': {'code': 429, 'message': 'Resource exhausted. Please try again later. Please refer to 
2026-09-07 21:33:09,287 INFO httpx: HTTP Request: POST https://us-central1-aiplatform.googleapis.com/v1beta1/projects/project-bf21b155-6b73-4230-8ef/locations/us-central1/publishers/google/models/gemini-2.5-flash:generateContent "HTTP/1.1 200 OK"
2026-09-07 21:33:09,562 INFO crawler.fetch.stealth_fetch: Server phản ứng chậm/từ chối - giãn nhịp fetch lên 1.0s
2026-09-07 21:33:09,666 INFO crawler.llm.fallback: Gọi LLM provider: vertex-ai
2026-09-07 21:33:09,667 INFO google_genai.models: AFC is enabled with max remote calls: 10.
2026-09-07 21:33:11,442 INFO google_genai.models: AFC is enabled with max remote calls: 10.
2026-09-07 21:33:11,618 INFO httpx: HTTP Request: POST https://us-central1-aiplatform.googleapis.com/v1beta1/projects/project-bf21b155-6b73-4230-8ef/locations/us-central1/publishers/google/models/gemini-2.5-flash:generateContent "HTTP/1.1 200 OK"
2026-09-07 21:33:11,839 INFO crawler.llm.fallback: Gọi LLM provider: vertex-ai
2026-09-07 21:33:11,839 INFO google_genai.models: AFC is enabled with max remote calls: 10.
2026-09-07 21:33:13,077 INFO httpx: HTTP Request: POST https://us-central1-aiplatform.googleapis.com/v1beta1/projects/project-bf21b155-6b73-4230-8ef/locations/us-central1/publishers/google/models/gemini-2.5-flash:generateContent "HTTP/1.1 200 OK"
2026-09-07 21:33:13,323 INFO crawler.llm.fallback: Gọi LLM provider: vertex-ai
2026-09-07 21:33:13,324 INFO google_genai.models: AFC is enabled with max remote calls: 10.
2026-09-07 21:33:13,897 INFO httpx: HTTP Request: POST https://us-central1-aiplatform.googleapis.com/v1beta1/projects/project-bf21b155-6b73-4230-8ef/locations/us-central1/publishers/google/models/gemini-2.5-flash:generateContent "HTTP/1.1 200 OK"
2026-09-07 21:33:14,094 INFO crawler.llm.fallback: Gọi LLM provider: vertex-ai
2026-09-07 21:33:14,094 INFO google_genai.models: AFC is enabled with max remote calls: 10.
2026-09-07 21:33:14,646 INFO crawler.fetch.stealth_fetch: https://duhal.com.vn/den-led-downlight-chieu-sau-bong-chen-mat-ech-10w-dfc5101.html -> 429, retry lan 1
2026-09-07 21:33:14,646 INFO crawler.fetch.stealth_fetch: Server phản ứng chậm/từ chối - giãn nhịp fetch lên 1.0s
2026-09-07 21:33:14,729 INFO httpx: HTTP Request: POST https://us-central1-aiplatform.googleapis.com/v1beta1/projects/project-bf21b155-6b73-4230-8ef/locations/us-central1/publishers/google/models/gemini-2.5-flash:generateContent "HTTP/1.1 200 OK"
2026-09-07 21:33:14,885 INFO crawler.llm.fallback: Gọi LLM provider: vertex-ai
2026-09-07 21:33:14,885 INFO google_genai.models: AFC is enabled with max remote calls: 10.
2026-09-07 21:33:15,691 INFO httpx: HTTP Request: POST https://us-central1-aiplatform.googleapis.com/v1beta1/projects/project-bf21b155-6b73-4230-8ef/locations/us-central1/publishers/google/models/gemini-2.5-flash:generateContent "HTTP/1.1 200 OK"
2026-09-07 21:33:15,865 INFO crawler.llm.fallback: Gọi LLM provider: vertex-ai
2026-09-07 21:33:15,866 INFO google_genai.models: AFC is enabled with max remote calls: 10.
2026-09-07 21:33:16,539 INFO crawler.fetch.stealth_fetch: https://duhal.com.vn/den-led-downlight-chieu-sau-bong-chen-mat-ech-10w-dfc5101.html -> 429, retry lan 2
2026-09-07 21:33:16,539 INFO crawler.fetch.stealth_fetch: Server phản ứng chậm/từ chối - giãn nhịp fetch lên 2.0s
2026-09-07 21:33:16,601 INFO httpx: HTTP Request: POST https://us-central1-aiplatform.googleapis.com/v1beta1/projects/project-bf21b155-6b73-4230-8ef/locations/us-central1/publishers/google/models/gemini-2.5-flash:generateContent "HTTP/1.1 200 OK"
2026-09-07 21:33:16,759 INFO crawler.llm.fallback: Gọi LLM provider: vertex-ai
2026-09-07 21:33:16,760 INFO google_genai.models: AFC is enabled with max remote calls: 10.
2026-09-07 21:33:17,474 INFO httpx: HTTP Request: POST https://us-central1-aiplatform.googleapis.com/v1beta1/projects/project-bf21b155-6b73-4230-8ef/locations/us-central1/publishers/google/models/gemini-2.5-flash:generateContent "HTTP/1.1 200 OK"
2026-09-07 21:33:17,644 INFO crawler.llm.fallback: Gọi LLM provider: vertex-ai
2026-09-07 21:33:17,644 INFO google_genai.models: AFC is enabled with max remote calls: 10.
2026-09-07 21:33:18,155 INFO httpx: HTTP Request: POST https://us-central1-aiplatform.googleapis.com/v1beta1/projects/project-bf21b155-6b73-4230-8ef/locations/us-central1/publishers/google/models/gemini-2.5-flash:generateContent "HTTP/1.1 200 OK"
2026-09-07 21:33:18,313 INFO crawler.llm.fallback: Gọi LLM provider: vertex-ai
2026-09-07 21:33:18,313 INFO google_genai.models: AFC is enabled with max remote calls: 10.
2026-09-07 21:33:19,174 INFO httpx: HTTP Request: POST https://us-central1-aiplatform.googleapis.com/v1beta1/projects/project-bf21b155-6b73-4230-8ef/locations/us-central1/publishers/google/models/gemini-2.5-flash:generateContent "HTTP/1.1 200 OK"
2026-09-07 21:33:19,319 INFO crawler.llm.fallback: Gọi LLM provider: vertex-ai
2026-09-07 21:33:19,319 INFO google_genai.models: AFC is enabled with max remote calls: 10.
2026-09-07 21:33:19,644 INFO httpx: HTTP Request: POST https://us-central1-aiplatform.googleapis.com/v1beta1/projects/project-bf21b155-6b73-4230-8ef/locations/us-central1/publishers/google/models/gemini-2.5-flash:generateContent "HTTP/1.1 429 Too Many Requests"
2026-09-07 21:33:19,851 INFO httpx: HTTP Request: POST https://us-central1-aiplatform.googleapis.com/v1beta1/projects/project-bf21b155-6b73-4230-8ef/locations/us-central1/publishers/google/models/gemini-2.5-flash:generateContent "HTTP/1.1 200 OK"
2026-09-07 21:33:19,931 WARNING crawler.llm.vertex_provider: Vertex AI lỗi tạm thời (lần 1/6), đợi 2.3s rồi thử lại: 429 RESOURCE_EXHAUSTED. {'error': {'code': 429, 'message': 'Resource exhausted. Please try again later. Please refer to 
2026-09-07 21:33:20,101 INFO crawler.llm.fallback: Gọi LLM provider: vertex-ai
2026-09-07 21:33:20,101 INFO google_genai.models: AFC is enabled with max remote calls: 10.
2026-09-07 21:33:21,918 INFO crawler.fetch.stealth_fetch: https://duhal.com.vn/den-led-downlight-chieu-sau-bong-chen-mat-ech-14w-dfc6141.html -> 429, retry lan 1
2026-09-07 21:33:21,918 INFO crawler.fetch.stealth_fetch: Server phản ứng chậm/từ chối - giãn nhịp fetch lên 4.0s
2026-09-07 21:33:21,952 INFO httpx: HTTP Request: POST https://us-central1-aiplatform.googleapis.com/v1beta1/projects/project-bf21b155-6b73-4230-8ef/locations/us-central1/publishers/google/models/gemini-2.5-flash:generateContent "HTTP/1.1 200 OK"
2026-09-07 21:33:22,120 INFO crawler.llm.fallback: Gọi LLM provider: vertex-ai
2026-09-07 21:33:22,121 INFO google_genai.models: AFC is enabled with max remote calls: 10.
2026-09-07 21:33:22,234 INFO google_genai.models: AFC is enabled with max remote calls: 10.
2026-09-07 21:33:23,433 INFO httpx: HTTP Request: POST https://us-central1-aiplatform.googleapis.com/v1beta1/projects/project-bf21b155-6b73-4230-8ef/locations/us-central1/publishers/google/models/gemini-2.5-flash:generateContent "HTTP/1.1 200 OK"
2026-09-07 21:33:23,580 INFO httpx: HTTP Request: POST https://us-central1-aiplatform.googleapis.com/v1beta1/projects/project-bf21b155-6b73-4230-8ef/locations/us-central1/publishers/google/models/gemini-2.5-flash:generateContent "HTTP/1.1 200 OK"
2026-09-07 21:33:23,632 INFO crawler.llm.fallback: Gọi LLM provider: vertex-ai
2026-09-07 21:33:23,632 INFO google_genai.models: AFC is enabled with max remote calls: 10.
2026-09-07 21:33:23,735 INFO crawler.llm.fallback: Gọi LLM provider: vertex-ai
2026-09-07 21:33:23,735 INFO google_genai.models: AFC is enabled with max remote calls: 10.
2026-09-07 21:33:24,070 INFO httpx: HTTP Request: POST https://us-central1-aiplatform.googleapis.com/v1beta1/projects/project-bf21b155-6b73-4230-8ef/locations/us-central1/publishers/google/models/gemini-2.5-flash:generateContent "HTTP/1.1 429 Too Many Requests"
2026-09-07 21:33:24,071 WARNING crawler.llm.vertex_provider: Vertex AI lỗi tạm thời (lần 1/6), đợi 2.7s rồi thử lại: 429 RESOURCE_EXHAUSTED. {'error': {'code': 429, 'message': 'Resource exhausted. Please try again later. Please refer to 
2026-09-07 21:33:25,011 INFO httpx: HTTP Request: POST https://us-central1-aiplatform.googleapis.com/v1beta1/projects/project-bf21b155-6b73-4230-8ef/locations/us-central1/publishers/google/models/gemini-2.5-flash:generateContent "HTTP/1.1 200 OK"
2026-09-07 21:33:25,134 INFO crawler.llm.fallback: Gọi LLM provider: vertex-ai
2026-09-07 21:33:25,135 INFO google_genai.models: AFC is enabled with max remote calls: 10.
2026-09-07 21:33:25,443 INFO httpx: HTTP Request: POST https://us-central1-aiplatform.googleapis.com/v1beta1/projects/project-bf21b155-6b73-4230-8ef/locations/us-central1/publishers/google/models/gemini-2.5-flash:generateContent "HTTP/1.1 429 Too Many Requests"
2026-09-07 21:33:25,447 WARNING crawler.llm.vertex_provider: Vertex AI lỗi tạm thời (lần 1/6), đợi 2.8s rồi thử lại: 429 RESOURCE_EXHAUSTED. {'error': {'code': 429, 'message': 'Resource exhausted. Please try again later. Please refer to 
2026-09-07 21:33:26,800 INFO google_genai.models: AFC is enabled with max remote calls: 10.
2026-09-07 21:33:27,115 INFO httpx: HTTP Request: POST https://us-central1-aiplatform.googleapis.com/v1beta1/projects/project-bf21b155-6b73-4230-8ef/locations/us-central1/publishers/google/models/gemini-2.5-flash:generateContent "HTTP/1.1 429 Too Many Requests"
2026-09-07 21:33:27,120 WARNING crawler.llm.vertex_provider: Vertex AI lỗi tạm thời (lần 2/6), đợi 4.6s rồi thử lại: 429 RESOURCE_EXHAUSTED. {'error': {'code': 429, 'message': 'Resource exhausted. Please try again later. Please refer to 
2026-09-07 21:33:28,228 INFO google_genai.models: AFC is enabled with max remote calls: 10.
2026-09-07 21:33:28,537 INFO httpx: HTTP Request: POST https://us-central1-aiplatform.googleapis.com/v1beta1/projects/project-bf21b155-6b73-4230-8ef/locations/us-central1/publishers/google/models/gemini-2.5-flash:generateContent "HTTP/1.1 429 Too Many Requests"
2026-09-07 21:33:28,542 WARNING crawler.llm.vertex_provider: Vertex AI lỗi tạm thời (lần 2/6), đợi 4.2s rồi thử lại: 429 RESOURCE_EXHAUSTED. {'error': {'code': 429, 'message': 'Resource exhausted. Please try again later. Please refer to 
2026-09-07 21:33:31,693 INFO google_genai.models: AFC is enabled with max remote calls: 10.
2026-09-07 21:33:31,988 INFO httpx: HTTP Request: POST https://us-central1-aiplatform.googleapis.com/v1beta1/projects/project-bf21b155-6b73-4230-8ef/locations/us-central1/publishers/google/models/gemini-2.5-flash:generateContent "HTTP/1.1 429 Too Many Requests"
2026-09-07 21:33:31,993 WARNING crawler.llm.vertex_provider: Vertex AI lỗi tạm thời (lần 3/6), đợi 8.3s rồi thử lại: 429 RESOURCE_EXHAUSTED. {'error': {'code': 429, 'message': 'Resource exhausted. Please try again later. Please refer to 
2026-09-07 21:33:32,749 INFO google_genai.models: AFC is enabled with max remote calls: 10.
2026-09-07 21:33:32,863 INFO google_genai.models: AFC is enabled with max remote calls: 10.
2026-09-07 21:33:33,072 INFO httpx: HTTP Request: POST https://us-central1-aiplatform.googleapis.com/v1beta1/projects/project-bf21b155-6b73-4230-8ef/locations/us-central1/publishers/google/models/gemini-2.5-flash:generateContent "HTTP/1.1 429 Too Many Requests"
2026-09-07 21:33:33,073 WARNING crawler.llm.vertex_provider: Vertex AI lỗi tạm thời (lần 3/6), đợi 8.1s rồi thử lại: 429 RESOURCE_EXHAUSTED. {'error': {'code': 429, 'message': 'Resource exhausted. Please try again later. Please refer to 
2026-09-07 21:33:35,252 INFO httpx: HTTP Request: POST https://us-central1-aiplatform.googleapis.com/v1beta1/projects/project-bf21b155-6b73-4230-8ef/locations/us-central1/publishers/google/models/gemini-2.5-flash:generateContent "HTTP/1.1 200 OK"
2026-09-07 21:33:35,391 INFO crawler.llm.fallback: Gọi LLM provider: vertex-ai
2026-09-07 21:33:35,391 INFO google_genai.models: AFC is enabled with max remote calls: 10.
2026-09-07 21:33:35,698 INFO httpx: HTTP Request: POST https://us-central1-aiplatform.googleapis.com/v1beta1/projects/project-bf21b155-6b73-4230-8ef/locations/us-central1/publishers/google/models/gemini-2.5-flash:generateContent "HTTP/1.1 429 Too Many Requests"
2026-09-07 21:33:35,703 WARNING crawler.llm.vertex_provider: Vertex AI lỗi tạm thời (lần 1/6), đợi 2.3s rồi thử lại: 429 RESOURCE_EXHAUSTED. {'error': {'code': 429, 'message': 'Resource exhausted. Please try again later. Please refer to 
2026-09-07 21:33:37,984 INFO google_genai.models: AFC is enabled with max remote calls: 10.
2026-09-07 21:33:38,323 INFO httpx: HTTP Request: POST https://us-central1-aiplatform.googleapis.com/v1beta1/projects/project-bf21b155-6b73-4230-8ef/locations/us-central1/publishers/google/models/gemini-2.5-flash:generateContent "HTTP/1.1 429 Too Many Requests"
2026-09-07 21:33:38,325 WARNING crawler.llm.vertex_provider: Vertex AI lỗi tạm thời (lần 2/6), đợi 5.0s rồi thử lại: 429 RESOURCE_EXHAUSTED. {'error': {'code': 429, 'message': 'Resource exhausted. Please try again later. Please refer to 
2026-09-07 21:33:40,278 INFO google_genai.models: AFC is enabled with max remote calls: 10.
2026-09-07 21:33:40,591 INFO httpx: HTTP Request: POST https://us-central1-aiplatform.googleapis.com/v1beta1/projects/project-bf21b155-6b73-4230-8ef/locations/us-central1/publishers/google/models/gemini-2.5-flash:generateContent "HTTP/1.1 429 Too Many Requests"
2026-09-07 21:33:40,596 WARNING crawler.llm.vertex_provider: Vertex AI lỗi tạm thời (lần 4/6), đợi 16.8s rồi thử lại: 429 RESOURCE_EXHAUSTED. {'error': {'code': 429, 'message': 'Resource exhausted. Please try again later. Please refer to 
2026-09-07 21:33:41,147 INFO google_genai.models: AFC is enabled with max remote calls: 10.
2026-09-07 21:33:41,427 INFO httpx: HTTP Request: POST https://us-central1-aiplatform.googleapis.com/v1beta1/projects/project-bf21b155-6b73-4230-8ef/locations/us-central1/publishers/google/models/gemini-2.5-flash:generateContent "HTTP/1.1 429 Too Many Requests"
2026-09-07 21:33:41,432 WARNING crawler.llm.vertex_provider: Vertex AI lỗi tạm thời (lần 4/6), đợi 16.6s rồi thử lại: 429 RESOURCE_EXHAUSTED. {'error': {'code': 429, 'message': 'Resource exhausted. Please try again later. Please refer to 
2026-09-07 21:33:43,279 INFO google_genai.models: AFC is enabled with max remote calls: 10.
2026-09-07 21:33:43,649 INFO httpx: HTTP Request: POST https://us-central1-aiplatform.googleapis.com/v1beta1/projects/project-bf21b155-6b73-4230-8ef/locations/us-central1/publishers/google/models/gemini-2.5-flash:generateContent "HTTP/1.1 429 Too Many Requests"
2026-09-07 21:33:43,650 WARNING crawler.llm.vertex_provider: Vertex AI lỗi tạm thời (lần 3/6), đợi 8.2s rồi thử lại: 429 RESOURCE_EXHAUSTED. {'error': {'code': 429, 'message': 'Resource exhausted. Please try again later. Please refer to 
2026-09-07 21:33:51,894 INFO google_genai.models: AFC is enabled with max remote calls: 10.
2026-09-07 21:33:53,124 INFO httpx: HTTP Request: POST https://us-central1-aiplatform.googleapis.com/v1beta1/projects/project-bf21b155-6b73-4230-8ef/locations/us-central1/publishers/google/models/gemini-2.5-flash:generateContent "HTTP/1.1 429 Too Many Requests"
2026-09-07 21:33:53,125 WARNING crawler.llm.vertex_provider: Vertex AI lỗi tạm thời (lần 4/6), đợi 16.5s rồi thử lại: 429 RESOURCE_EXHAUSTED. {'error': {'code': 429, 'message': 'Resource exhausted. Please try again later. Please refer to 
2026-09-07 21:33:57,365 INFO google_genai.models: AFC is enabled with max remote calls: 10.
2026-09-07 21:33:57,701 INFO httpx: HTTP Request: POST https://us-central1-aiplatform.googleapis.com/v1beta1/projects/project-bf21b155-6b73-4230-8ef/locations/us-central1/publishers/google/models/gemini-2.5-flash:generateContent "HTTP/1.1 429 Too Many Requests"
2026-09-07 21:33:57,702 WARNING crawler.llm.vertex_provider: Vertex AI lỗi tạm thời (lần 5/6), đợi 32.4s rồi thử lại: 429 RESOURCE_EXHAUSTED. {'error': {'code': 429, 'message': 'Resource exhausted. Please try again later. Please refer to 
2026-09-07 21:33:58,006 INFO google_genai.models: AFC is enabled with max remote calls: 10.
2026-09-07 21:33:58,520 INFO httpx: HTTP Request: POST https://us-central1-aiplatform.googleapis.com/v1beta1/projects/project-bf21b155-6b73-4230-8ef/locations/us-central1/publishers/google/models/gemini-2.5-flash:generateContent "HTTP/1.1 429 Too Many Requests"
2026-09-07 21:33:58,522 WARNING crawler.llm.vertex_provider: Vertex AI lỗi tạm thời (lần 5/6), đợi 32.8s rồi thử lại: 429 RESOURCE_EXHAUSTED. {'error': {'code': 429, 'message': 'Resource exhausted. Please try again later. Please refer to 
2026-09-07 21:33:58,635 INFO crawler.fetch.stealth_fetch: Server phản ứng chậm/từ chối - giãn nhịp fetch lên 2.0s
2026-09-07 21:34:09,599 INFO google_genai.models: AFC is enabled with max remote calls: 10.
2026-09-07 21:34:12,095 INFO httpx: HTTP Request: POST https://us-central1-aiplatform.googleapis.com/v1beta1/projects/project-bf21b155-6b73-4230-8ef/locations/us-central1/publishers/google/models/gemini-2.5-flash:generateContent "HTTP/1.1 200 OK"
2026-09-07 21:34:12,172 WARNING crawler.pipeline: Fetch thất bại cho https://duhal.com.vn/den-led-chieu-diem-5w-sdib801: None
2026-09-07 21:34:12,256 INFO crawler.llm.fallback: Gọi LLM provider: vertex-ai
2026-09-07 21:34:12,256 INFO google_genai.models: AFC is enabled with max remote calls: 10.
2026-09-07 21:34:14,199 INFO httpx: HTTP Request: POST https://us-central1-aiplatform.googleapis.com/v1beta1/projects/project-bf21b155-6b73-4230-8ef/locations/us-central1/publishers/google/models/gemini-2.5-flash:generateContent "HTTP/1.1 200 OK"
2026-09-07 21:34:14,331 INFO crawler.llm.fallback: Gọi LLM provider: vertex-ai
2026-09-07 21:34:14,332 INFO google_genai.models: AFC is enabled with max remote calls: 10.
2026-09-07 21:34:21,698 INFO httpx: HTTP Request: POST https://us-central1-aiplatform.googleapis.com/v1beta1/projects/project-bf21b155-6b73-4230-8ef/locations/us-central1/publishers/google/models/gemini-2.5-flash:generateContent "HTTP/1.1 200 OK"
2026-09-07 21:34:22,073 INFO crawler.llm.fallback: Gọi LLM provider: vertex-ai
2026-09-07 21:34:22,073 INFO google_genai.models: AFC is enabled with max remote calls: 10.
2026-09-07 21:34:23,514 INFO httpx: HTTP Request: POST https://us-central1-aiplatform.googleapis.com/v1beta1/projects/project-bf21b155-6b73-4230-8ef/locations/us-central1/publishers/google/models/gemini-2.5-flash:generateContent "HTTP/1.1 200 OK"
2026-09-07 21:34:23,524 INFO crawler.llm.validate: Bỏ tag không có căn cứ trong nguồn: kich_thuoc_mm='90x120'
2026-09-07 21:34:23,654 INFO crawler.llm.fallback: Gọi LLM provider: vertex-ai
2026-09-07 21:34:23,655 INFO google_genai.models: AFC is enabled with max remote calls: 10.
2026-09-07 21:34:25,212 INFO httpx: HTTP Request: POST https://us-central1-aiplatform.googleapis.com/v1beta1/projects/project-bf21b155-6b73-4230-8ef/locations/us-central1/publishers/google/models/gemini-2.5-flash:generateContent "HTTP/1.1 200 OK"
2026-09-07 21:34:25,358 INFO crawler.llm.fallback: Gọi LLM provider: vertex-ai
2026-09-07 21:34:25,358 INFO google_genai.models: AFC is enabled with max remote calls: 10.
2026-09-07 21:34:26,710 INFO httpx: HTTP Request: POST https://us-central1-aiplatform.googleapis.com/v1beta1/projects/project-bf21b155-6b73-4230-8ef/locations/us-central1/publishers/google/models/gemini-2.5-flash:generateContent "HTTP/1.1 200 OK"
2026-09-07 21:34:26,844 INFO crawler.llm.fallback: Gọi LLM provider: vertex-ai
2026-09-07 21:34:26,844 INFO google_genai.models: AFC is enabled with max remote calls: 10.
2026-09-07 21:34:30,069 INFO google_genai.models: AFC is enabled with max remote calls: 10.
2026-09-07 21:34:31,362 INFO google_genai.models: AFC is enabled with max remote calls: 10.
2026-09-07 21:34:32,495 INFO httpx: HTTP Request: POST https://us-central1-aiplatform.googleapis.com/v1beta1/projects/project-bf21b155-6b73-4230-8ef/locations/us-central1/publishers/google/models/gemini-2.5-flash:generateContent "HTTP/1.1 200 OK"
2026-09-07 21:34:32,623 INFO crawler.llm.fallback: Gọi LLM provider: vertex-ai
2026-09-07 21:34:32,624 INFO google_genai.models: AFC is enabled with max remote calls: 10.
2026-09-07 21:34:33,208 INFO httpx: HTTP Request: POST https://us-central1-aiplatform.googleapis.com/v1beta1/projects/project-bf21b155-6b73-4230-8ef/locations/us-central1/publishers/google/models/gemini-2.5-flash:generateContent "HTTP/1.1 429 Too Many Requests"
2026-09-07 21:34:33,209 WARNING crawler.llm.vertex_provider: Vertex AI lỗi tạm thời (lần 1/6), đợi 2.2s rồi thử lại: 429 RESOURCE_EXHAUSTED. {'error': {'code': 429, 'message': 'Resource exhausted. Please try again later. Please refer to 
2026-09-07 21:34:33,729 INFO httpx: HTTP Request: POST https://us-central1-aiplatform.googleapis.com/v1beta1/projects/project-bf21b155-6b73-4230-8ef/locations/us-central1/publishers/google/models/gemini-2.5-flash:generateContent "HTTP/1.1 200 OK"
2026-09-07 21:34:33,734 INFO crawler.fetch.stealth_fetch: Server phản ứng chậm/từ chối - giãn nhịp fetch lên 1.0s
2026-09-07 21:34:33,856 INFO crawler.llm.fallback: Gọi LLM provider: vertex-ai
2026-09-07 21:34:33,856 INFO google_genai.models: AFC is enabled with max remote calls: 10.
2026-09-07 21:34:34,337 INFO httpx: HTTP Request: POST https://us-central1-aiplatform.googleapis.com/v1beta1/projects/project-bf21b155-6b73-4230-8ef/locations/us-central1/publishers/google/models/gemini-2.5-flash:generateContent "HTTP/1.1 429 Too Many Requests"
2026-09-07 21:34:34,338 WARNING crawler.llm.vertex_provider: Vertex AI lỗi tạm thời (lần 1/6), đợi 2.7s rồi thử lại: 429 RESOURCE_EXHAUSTED. {'error': {'code': 429, 'message': 'Resource exhausted. Please try again later. Please refer to 
2026-09-07 21:34:34,952 INFO httpx: HTTP Request: POST https://us-central1-aiplatform.googleapis.com/v1beta1/projects/project-bf21b155-6b73-4230-8ef/locations/us-central1/publishers/google/models/gemini-2.5-flash:generateContent "HTTP/1.1 200 OK"
2026-09-07 21:34:35,091 INFO crawler.llm.fallback: Gọi LLM provider: vertex-ai
2026-09-07 21:34:35,092 INFO google_genai.models: AFC is enabled with max remote calls: 10.
2026-09-07 21:34:35,440 INFO google_genai.models: AFC is enabled with max remote calls: 10.
2026-09-07 21:34:35,843 INFO httpx: HTTP Request: POST https://us-central1-aiplatform.googleapis.com/v1beta1/projects/project-bf21b155-6b73-4230-8ef/locations/us-central1/publishers/google/models/gemini-2.5-flash:generateContent "HTTP/1.1 429 Too Many Requests"
2026-09-07 21:34:35,844 WARNING crawler.llm.vertex_provider: Vertex AI lỗi tạm thời (lần 2/6), đợi 4.6s rồi thử lại: 429 RESOURCE_EXHAUSTED. {'error': {'code': 429, 'message': 'Resource exhausted. Please try again later. Please refer to 
2026-09-07 21:34:36,470 INFO httpx: HTTP Request: POST https://us-central1-aiplatform.googleapis.com/v1beta1/projects/project-bf21b155-6b73-4230-8ef/locations/us-central1/publishers/google/models/gemini-2.5-flash:generateContent "HTTP/1.1 200 OK"
2026-09-07 21:34:36,628 INFO crawler.llm.fallback: Gọi LLM provider: vertex-ai
2026-09-07 21:34:36,628 INFO google_genai.models: AFC is enabled with max remote calls: 10.
2026-09-07 21:34:37,050 INFO httpx: HTTP Request: POST https://us-central1-aiplatform.googleapis.com/v1beta1/projects/project-bf21b155-6b73-4230-8ef/locations/us-central1/publishers/google/models/gemini-2.5-flash:generateContent "HTTP/1.1 429 Too Many Requests"
2026-09-07 21:34:37,052 WARNING crawler.llm.vertex_provider: Vertex AI lỗi tạm thời (lần 1/6), đợi 2.0s rồi thử lại: 429 RESOURCE_EXHAUSTED. {'error': {'code': 429, 'message': 'Resource exhausted. Please try again later. Please refer to 
2026-09-07 21:34:37,066 INFO google_genai.models: AFC is enabled with max remote calls: 10.
2026-09-07 21:34:38,435 INFO httpx: HTTP Request: POST https://us-central1-aiplatform.googleapis.com/v1beta1/projects/project-bf21b155-6b73-4230-8ef/locations/us-central1/publishers/google/models/gemini-2.5-flash:generateContent "HTTP/1.1 200 OK"
2026-09-07 21:34:38,658 INFO crawler.llm.fallback: Gọi LLM provider: vertex-ai
2026-09-07 21:34:38,658 INFO google_genai.models: AFC is enabled with max remote calls: 10.
2026-09-07 21:34:39,059 INFO google_genai.models: AFC is enabled with max remote calls: 10.
2026-09-07 21:34:39,069 INFO httpx: HTTP Request: POST https://us-central1-aiplatform.googleapis.com/v1beta1/projects/project-bf21b155-6b73-4230-8ef/locations/us-central1/publishers/google/models/gemini-2.5-flash:generateContent "HTTP/1.1 429 Too Many Requests"
2026-09-07 21:34:39,071 WARNING crawler.llm.vertex_provider: Vertex AI lỗi tạm thời (lần 1/6), đợi 2.6s rồi thử lại: 429 RESOURCE_EXHAUSTED. {'error': {'code': 429, 'message': 'Resource exhausted. Please try again later. Please refer to 
2026-09-07 21:34:39,464 INFO httpx: HTTP Request: POST https://us-central1-aiplatform.googleapis.com/v1beta1/projects/project-bf21b155-6b73-4230-8ef/locations/us-central1/publishers/google/models/gemini-2.5-flash:generateContent "HTTP/1.1 429 Too Many Requests"
2026-09-07 21:34:39,466 WARNING crawler.llm.vertex_provider: Vertex AI lỗi tạm thời (lần 2/6), đợi 4.1s rồi thử lại: 429 RESOURCE_EXHAUSTED. {'error': {'code': 429, 'message': 'Resource exhausted. Please try again later. Please refer to 
2026-09-07 21:34:40,431 INFO google_genai.models: AFC is enabled with max remote calls: 10.
2026-09-07 21:34:41,700 INFO google_genai.models: AFC is enabled with max remote calls: 10.
2026-09-07 21:34:42,007 INFO httpx: HTTP Request: POST https://us-central1-aiplatform.googleapis.com/v1beta1/projects/project-bf21b155-6b73-4230-8ef/locations/us-central1/publishers/google/models/gemini-2.5-flash:generateContent "HTTP/1.1 429 Too Many Requests"
2026-09-07 21:34:42,013 WARNING crawler.llm.vertex_provider: Vertex AI lỗi tạm thời (lần 2/6), đợi 4.6s rồi thử lại: 429 RESOURCE_EXHAUSTED. {'error': {'code': 429, 'message': 'Resource exhausted. Please try again later. Please refer to 
2026-09-07 21:34:42,264 INFO httpx: HTTP Request: POST https://us-central1-aiplatform.googleapis.com/v1beta1/projects/project-bf21b155-6b73-4230-8ef/locations/us-central1/publishers/google/models/gemini-2.5-flash:generateContent "HTTP/1.1 200 OK"
2026-09-07 21:34:42,274 INFO crawler.llm.validate: Bỏ tag không có căn cứ trong nguồn: kich_thuoc_lxw_xh_mm='160x52x88'
2026-09-07 21:34:42,385 INFO crawler.llm.fallback: Gọi LLM provider: vertex-ai
2026-09-07 21:34:42,386 INFO google_genai.models: AFC is enabled with max remote calls: 10.
2026-09-07 21:34:43,606 INFO google_genai.models: AFC is enabled with max remote calls: 10.
2026-09-07 21:34:43,907 INFO httpx: HTTP Request: POST https://us-central1-aiplatform.googleapis.com/v1beta1/projects/project-bf21b155-6b73-4230-8ef/locations/us-central1/publishers/google/models/gemini-2.5-flash:generateContent "HTTP/1.1 429 Too Many Requests"
2026-09-07 21:34:43,909 WARNING crawler.llm.vertex_provider: Vertex AI lỗi tạm thời (lần 3/6), đợi 8.8s rồi thử lại: 429 RESOURCE_EXHAUSTED. {'error': {'code': 429, 'message': 'Resource exhausted. Please try again later. Please refer to 
2026-09-07 21:34:44,061 INFO httpx: HTTP Request: POST https://us-central1-aiplatform.googleapis.com/v1beta1/projects/project-bf21b155-6b73-4230-8ef/locations/us-central1/publishers/google/models/gemini-2.5-flash:generateContent "HTTP/1.1 200 OK"
2026-09-07 21:34:44,216 INFO crawler.llm.fallback: Gọi LLM provider: vertex-ai
2026-09-07 21:34:44,216 INFO google_genai.models: AFC is enabled with max remote calls: 10.
2026-09-07 21:34:46,473 INFO httpx: HTTP Request: POST https://us-central1-aiplatform.googleapis.com/v1beta1/projects/project-bf21b155-6b73-4230-8ef/locations/us-central1/publishers/google/models/gemini-2.5-flash:generateContent "HTTP/1.1 200 OK"
2026-09-07 21:34:46,723 INFO google_genai.models: AFC is enabled with max remote calls: 10.
2026-09-07 21:34:46,859 INFO crawler.llm.fallback: Gọi LLM provider: vertex-ai
2026-09-07 21:34:46,860 INFO google_genai.models: AFC is enabled with max remote calls: 10.
2026-09-07 21:34:47,139 INFO httpx: HTTP Request: POST https://us-central1-aiplatform.googleapis.com/v1beta1/projects/project-bf21b155-6b73-4230-8ef/locations/us-central1/publishers/google/models/gemini-2.5-flash:generateContent "HTTP/1.1 429 Too Many Requests"
2026-09-07 21:34:47,141 WARNING crawler.llm.vertex_provider: Vertex AI lỗi tạm thời (lần 3/6), đợi 8.1s rồi thử lại: 429 RESOURCE_EXHAUSTED. {'error': {'code': 429, 'message': 'Resource exhausted. Please try again later. Please refer to 
2026-09-07 21:34:47,279 INFO httpx: HTTP Request: POST https://us-central1-aiplatform.googleapis.com/v1beta1/projects/project-bf21b155-6b73-4230-8ef/locations/us-central1/publishers/google/models/gemini-2.5-flash:generateContent "HTTP/1.1 429 Too Many Requests"
2026-09-07 21:34:47,281 WARNING crawler.llm.vertex_provider: Vertex AI lỗi tạm thời (lần 1/6), đợi 2.9s rồi thử lại: 429 RESOURCE_EXHAUSTED. {'error': {'code': 429, 'message': 'Resource exhausted. Please try again later. Please refer to 
2026-09-07 21:34:50,204 INFO google_genai.models: AFC is enabled with max remote calls: 10.
2026-09-07 21:34:50,500 INFO httpx: HTTP Request: POST https://us-central1-aiplatform.googleapis.com/v1beta1/projects/project-bf21b155-6b73-4230-8ef/locations/us-central1/publishers/google/models/gemini-2.5-flash:generateContent "HTTP/1.1 429 Too Many Requests"
2026-09-07 21:34:50,504 WARNING crawler.llm.vertex_provider: Vertex AI lỗi tạm thời (lần 2/6), đợi 4.8s rồi thử lại: 429 RESOURCE_EXHAUSTED. {'error': {'code': 429, 'message': 'Resource exhausted. Please try again later. Please refer to 
2026-09-07 21:34:52,686 INFO google_genai.models: AFC is enabled with max remote calls: 10.
2026-09-07 21:34:52,999 INFO httpx: HTTP Request: POST https://us-central1-aiplatform.googleapis.com/v1beta1/projects/project-bf21b155-6b73-4230-8ef/locations/us-central1/publishers/google/models/gemini-2.5-flash:generateContent "HTTP/1.1 429 Too Many Requests"
2026-09-07 21:34:53,003 WARNING crawler.llm.vertex_provider: Vertex AI lỗi tạm thời (lần 4/6), đợi 16.6s rồi thử lại: 429 RESOURCE_EXHAUSTED. {'error': {'code': 429, 'message': 'Resource exhausted. Please try again later. Please refer to 
2026-09-07 21:34:55,260 INFO google_genai.models: AFC is enabled with max remote calls: 10.
2026-09-07 21:34:55,319 INFO google_genai.models: AFC is enabled with max remote calls: 10.
2026-09-07 21:34:55,559 INFO httpx: HTTP Request: POST https://us-central1-aiplatform.googleapis.com/v1beta1/projects/project-bf21b155-6b73-4230-8ef/locations/us-central1/publishers/google/models/gemini-2.5-flash:generateContent "HTTP/1.1 429 Too Many Requests"
2026-09-07 21:34:55,563 WARNING crawler.llm.vertex_provider: Vertex AI lỗi tạm thời (lần 4/6), đợi 16.4s rồi thử lại: 429 RESOURCE_EXHAUSTED. {'error': {'code': 429, 'message': 'Resource exhausted. Please try again later. Please refer to 
2026-09-07 21:34:56,626 INFO httpx: HTTP Request: POST https://us-central1-aiplatform.googleapis.com/v1beta1/projects/project-bf21b155-6b73-4230-8ef/locations/us-central1/publishers/google/models/gemini-2.5-flash:generateContent "HTTP/1.1 429 Too Many Requests"
2026-09-07 21:34:56,627 WARNING crawler.llm.vertex_provider: Vertex AI lỗi tạm thời (lần 3/6), đợi 8.6s rồi thử lại: 429 RESOURCE_EXHAUSTED. {'error': {'code': 429, 'message': 'Resource exhausted. Please try again later. Please refer to 
2026-09-07 21:34:58,324 INFO crawler.fetch.stealth_fetch: https://duhal.com.vn/den-led-gan-noi-trang-tri-7w-dib407 -> 429, retry lan 1
2026-09-07 21:34:58,324 INFO crawler.fetch.stealth_fetch: Server phản ứng chậm/từ chối - giãn nhịp fetch lên 1.0s
2026-09-07 21:35:00,142 INFO crawler.fetch.stealth_fetch: https://duhal.com.vn/den-led-gan-noi-trang-tri-7w-dib407 -> 429, retry lan 2
2026-09-07 21:35:00,142 INFO crawler.fetch.stealth_fetch: Server phản ứng chậm/từ chối - giãn nhịp fetch lên 2.0s
2026-09-07 21:35:05,195 INFO google_genai.models: AFC is enabled with max remote calls: 10.
2026-09-07 21:35:05,459 INFO crawler.fetch.stealth_fetch: https://duhal.com.vn/den-led-gan-vach-10w-dtv210 -> 429, retry lan 1
2026-09-07 21:35:05,460 INFO crawler.fetch.stealth_fetch: Server phản ứng chậm/từ chối - giãn nhịp fetch lên 4.0s
2026-09-07 21:35:06,593 INFO httpx: HTTP Request: POST https://us-central1-aiplatform.googleapis.com/v1beta1/projects/project-bf21b155-6b73-4230-8ef/locations/us-central1/publishers/google/models/gemini-2.5-flash:generateContent "HTTP/1.1 429 Too Many Requests"
2026-09-07 21:35:06,594 WARNING crawler.llm.vertex_provider: Vertex AI lỗi tạm thời (lần 4/6), đợi 16.2s rồi thử lại: 429 RESOURCE_EXHAUSTED. {'error': {'code': 429, 'message': 'Resource exhausted. Please try again later. Please refer to 
2026-09-07 21:35:09,578 INFO crawler.fetch.stealth_fetch: https://duhal.com.vn/den-led-gan-vach-10w-dtv210 -> 429, retry lan 2
2026-09-07 21:35:09,578 INFO crawler.fetch.stealth_fetch: Server phản ứng chậm/từ chối - giãn nhịp fetch lên 8.0s
2026-09-07 21:35:09,637 INFO google_genai.models: AFC is enabled with max remote calls: 10.
2026-09-07 21:35:11,830 INFO httpx: HTTP Request: POST https://us-central1-aiplatform.googleapis.com/v1beta1/projects/project-bf21b155-6b73-4230-8ef/locations/us-central1/publishers/google/models/gemini-2.5-flash:generateContent "HTTP/1.1 200 OK"
2026-09-07 21:35:11,954 INFO crawler.llm.fallback: Gọi LLM provider: vertex-ai
2026-09-07 21:35:11,954 INFO google_genai.models: AFC is enabled with max remote calls: 10.
2026-09-07 21:35:11,972 INFO google_genai.models: AFC is enabled with max remote calls: 10.
2026-09-07 21:35:13,993 INFO httpx: HTTP Request: POST https://us-central1-aiplatform.googleapis.com/v1beta1/projects/project-bf21b155-6b73-4230-8ef/locations/us-central1/publishers/google/models/gemini-2.5-flash:generateContent "HTTP/1.1 200 OK"
2026-09-07 21:35:14,108 INFO crawler.llm.fallback: Gọi LLM provider: vertex-ai
2026-09-07 21:35:14,108 INFO google_genai.models: AFC is enabled with max remote calls: 10.
2026-09-07 21:35:14,581 INFO httpx: HTTP Request: POST https://us-central1-aiplatform.googleapis.com/v1beta1/projects/project-bf21b155-6b73-4230-8ef/locations/us-central1/publishers/google/models/gemini-2.5-flash:generateContent "HTTP/1.1 429 Too Many Requests"
2026-09-07 21:35:14,583 WARNING crawler.llm.vertex_provider: Vertex AI lỗi tạm thời (lần 1/6), đợi 2.2s rồi thử lại: 429 RESOURCE_EXHAUSTED. {'error': {'code': 429, 'message': 'Resource exhausted. Please try again later. Please refer to 
2026-09-07 21:35:14,896 INFO httpx: HTTP Request: POST https://us-central1-aiplatform.googleapis.com/v1beta1/projects/project-bf21b155-6b73-4230-8ef/locations/us-central1/publishers/google/models/gemini-2.5-flash:generateContent "HTTP/1.1 200 OK"
2026-09-07 21:35:15,011 INFO crawler.llm.fallback: Gọi LLM provider: vertex-ai
2026-09-07 21:35:15,011 INFO google_genai.models: AFC is enabled with max remote calls: 10.
2026-09-07 21:35:16,629 INFO httpx: HTTP Request: POST https://us-central1-aiplatform.googleapis.com/v1beta1/projects/project-bf21b155-6b73-4230-8ef/locations/us-central1/publishers/google/models/gemini-2.5-flash:generateContent "HTTP/1.1 200 OK"
2026-09-07 21:35:16,743 INFO crawler.llm.fallback: Gọi LLM provider: vertex-ai
2026-09-07 21:35:16,743 INFO google_genai.models: AFC is enabled with max remote calls: 10.
2026-09-07 21:35:16,784 INFO google_genai.models: AFC is enabled with max remote calls: 10.
2026-09-07 21:35:18,370 INFO httpx: HTTP Request: POST https://us-central1-aiplatform.googleapis.com/v1beta1/projects/project-bf21b155-6b73-4230-8ef/locations/us-central1/publishers/google/models/gemini-2.5-flash:generateContent "HTTP/1.1 200 OK"
2026-09-07 21:35:18,472 INFO crawler.llm.fallback: Gọi LLM provider: vertex-ai
2026-09-07 21:35:18,472 INFO google_genai.models: AFC is enabled with max remote calls: 10.
2026-09-07 21:35:21,665 INFO httpx: HTTP Request: POST https://us-central1-aiplatform.googleapis.com/v1beta1/projects/project-bf21b155-6b73-4230-8ef/locations/us-central1/publishers/google/models/gemini-2.5-flash:generateContent "HTTP/1.1 200 OK"
2026-09-07 21:35:21,795 INFO crawler.llm.fallback: Gọi LLM provider: vertex-ai
2026-09-07 21:35:21,796 INFO google_genai.models: AFC is enabled with max remote calls: 10.
2026-09-07 21:35:22,802 INFO google_genai.models: AFC is enabled with max remote calls: 10.
2026-09-07 21:35:24,207 INFO httpx: HTTP Request: POST https://us-central1-aiplatform.googleapis.com/v1beta1/projects/project-bf21b155-6b73-4230-8ef/locations/us-central1/publishers/google/models/gemini-2.5-flash:generateContent "HTTP/1.1 429 Too Many Requests"
2026-09-07 21:35:24,212 WARNING crawler.llm.vertex_provider: Vertex AI lỗi tạm thời (lần 5/6), đợi 32.8s rồi thử lại: 429 RESOURCE_EXHAUSTED. {'error': {'code': 429, 'message': 'Resource exhausted. Please try again later. Please refer to 
2026-09-07 21:35:25,466 INFO crawler.fetch.stealth_fetch: https://duhal.com.vn/den-led-gan-vach-10w-dtv863 -> 429, retry lan 1
2026-09-07 21:35:25,467 INFO crawler.fetch.stealth_fetch: Server phản ứng chậm/từ chối - giãn nhịp fetch lên 15.0s
2026-09-07 21:35:27,483 INFO httpx: HTTP Request: POST https://us-central1-aiplatform.googleapis.com/v1beta1/projects/project-bf21b155-6b73-4230-8ef/locations/us-central1/publishers/google/models/gemini-2.5-flash:generateContent "HTTP/1.1 200 OK"
2026-09-07 21:35:27,532 WARNING crawler.pipeline: Fetch thất bại cho https://duhal.com.vn/den-led-chieu-sau-gan-noi-trang-tri-3w-dib1033: None
2026-09-07 21:35:27,533 WARNING crawler.pipeline: Fetch thất bại cho https://duhal.com.vn/den-led-chieu-sau-gan-noi-trang-tri-3w-dib2033: None
2026-09-07 21:35:27,595 INFO crawler.llm.fallback: Gọi LLM provider: vertex-ai
2026-09-07 21:35:27,595 INFO google_genai.models: AFC is enabled with max remote calls: 10.
2026-09-07 21:35:29,019 INFO httpx: HTTP Request: POST https://us-central1-aiplatform.googleapis.com/v1beta1/projects/project-bf21b155-6b73-4230-8ef/locations/us-central1/publishers/google/models/gemini-2.5-flash:generateContent "HTTP/1.1 200 OK"
2026-09-07 21:35:29,130 INFO crawler.llm.fallback: Gọi LLM provider: vertex-ai
2026-09-07 21:35:29,130 INFO google_genai.models: AFC is enabled with max remote calls: 10.
2026-09-07 21:35:29,975 INFO httpx: HTTP Request: POST https://us-central1-aiplatform.googleapis.com/v1beta1/projects/project-bf21b155-6b73-4230-8ef/locations/us-central1/publishers/google/models/gemini-2.5-flash:generateContent "HTTP/1.1 200 OK"
2026-09-07 21:35:30,092 INFO crawler.llm.fallback: Gọi LLM provider: vertex-ai
2026-09-07 21:35:30,092 INFO google_genai.models: AFC is enabled with max remote calls: 10.
2026-09-07 21:35:30,532 INFO httpx: HTTP Request: POST https://us-central1-aiplatform.googleapis.com/v1beta1/projects/project-bf21b155-6b73-4230-8ef/locations/us-central1/publishers/google/models/gemini-2.5-flash:generateContent "HTTP/1.1 429 Too Many Requests"
2026-09-07 21:35:30,533 WARNING crawler.llm.vertex_provider: Vertex AI lỗi tạm thời (lần 1/6), đợi 2.1s rồi thử lại: 429 RESOURCE_EXHAUSTED. {'error': {'code': 429, 'message': 'Resource exhausted. Please try again later. Please refer to 
2026-09-07 21:35:30,814 INFO httpx: HTTP Request: POST https://us-central1-aiplatform.googleapis.com/v1beta1/projects/project-bf21b155-6b73-4230-8ef/locations/us-central1/publishers/google/models/gemini-2.5-flash:generateContent "HTTP/1.1 200 OK"
2026-09-07 21:35:30,944 INFO crawler.llm.fallback: Gọi LLM provider: vertex-ai
2026-09-07 21:35:30,944 INFO google_genai.models: AFC is enabled with max remote calls: 10.
2026-09-07 21:35:32,502 INFO httpx: HTTP Request: POST https://us-central1-aiplatform.googleapis.com/v1beta1/projects/project-bf21b155-6b73-4230-8ef/locations/us-central1/publishers/google/models/gemini-2.5-flash:generateContent "HTTP/1.1 200 OK"
2026-09-07 21:35:32,716 INFO google_genai.models: AFC is enabled with max remote calls: 10.
2026-09-07 21:35:32,836 INFO crawler.llm.fallback: Gọi LLM provider: vertex-ai
2026-09-07 21:35:32,837 INFO google_genai.models: AFC is enabled with max remote calls: 10.
2026-09-07 21:35:33,321 INFO httpx: HTTP Request: POST https://us-central1-aiplatform.googleapis.com/v1beta1/projects/project-bf21b155-6b73-4230-8ef/locations/us-central1/publishers/google/models/gemini-2.5-flash:generateContent "HTTP/1.1 429 Too Many Requests"
2026-09-07 21:35:33,322 WARNING crawler.llm.vertex_provider: Vertex AI lỗi tạm thời (lần 1/6), đợi 2.4s rồi thử lại: 429 RESOURCE_EXHAUSTED. {'error': {'code': 429, 'message': 'Resource exhausted. Please try again later. Please refer to 
2026-09-07 21:35:34,344 INFO httpx: HTTP Request: POST https://us-central1-aiplatform.googleapis.com/v1beta1/projects/project-bf21b155-6b73-4230-8ef/locations/us-central1/publishers/google/models/gemini-2.5-flash:generateContent "HTTP/1.1 200 OK"
2026-09-07 21:35:34,452 INFO crawler.llm.fallback: Gọi LLM provider: vertex-ai
2026-09-07 21:35:34,452 INFO google_genai.models: AFC is enabled with max remote calls: 10.
2026-09-07 21:35:35,758 INFO google_genai.models: AFC is enabled with max remote calls: 10.
2026-09-07 21:35:36,290 INFO httpx: HTTP Request: POST https://us-central1-aiplatform.googleapis.com/v1beta1/projects/project-bf21b155-6b73-4230-8ef/locations/us-central1/publishers/google/models/gemini-2.5-flash:generateContent "HTTP/1.1 200 OK"
2026-09-07 21:35:36,395 INFO crawler.llm.fallback: Gọi LLM provider: vertex-ai
2026-09-07 21:35:36,396 INFO google_genai.models: AFC is enabled with max remote calls: 10.
2026-09-07 21:35:36,700 INFO httpx: HTTP Request: POST https://us-central1-aiplatform.googleapis.com/v1beta1/projects/project-bf21b155-6b73-4230-8ef/locations/us-central1/publishers/google/models/gemini-2.5-flash:generateContent "HTTP/1.1 429 Too Many Requests"
2026-09-07 21:35:36,701 WARNING crawler.llm.vertex_provider: Vertex AI lỗi tạm thời (lần 1/6), đợi 2.5s rồi thử lại: 429 RESOURCE_EXHAUSTED. {'error': {'code': 429, 'message': 'Resource exhausted. Please try again later. Please refer to 
2026-09-07 21:35:37,418 INFO httpx: HTTP Request: POST https://us-central1-aiplatform.googleapis.com/v1beta1/projects/project-bf21b155-6b73-4230-8ef/locations/us-central1/publishers/google/models/gemini-2.5-flash:generateContent "HTTP/1.1 200 OK"
2026-09-07 21:35:37,535 INFO crawler.llm.fallback: Gọi LLM provider: vertex-ai
2026-09-07 21:35:37,535 INFO google_genai.models: AFC is enabled with max remote calls: 10.
2026-09-07 21:35:37,827 INFO httpx: HTTP Request: POST https://us-central1-aiplatform.googleapis.com/v1beta1/projects/project-bf21b155-6b73-4230-8ef/locations/us-central1/publishers/google/models/gemini-2.5-flash:generateContent "HTTP/1.1 429 Too Many Requests"
2026-09-07 21:35:37,829 WARNING crawler.llm.vertex_provider: Vertex AI lỗi tạm thời (lần 1/6), đợi 2.6s rồi thử lại: 429 RESOURCE_EXHAUSTED. {'error': {'code': 429, 'message': 'Resource exhausted. Please try again later. Please refer to 
2026-09-07 21:35:39,221 INFO google_genai.models: AFC is enabled with max remote calls: 10.
2026-09-07 21:35:39,567 INFO httpx: HTTP Request: POST https://us-central1-aiplatform.googleapis.com/v1beta1/projects/project-bf21b155-6b73-4230-8ef/locations/us-central1/publishers/google/models/gemini-2.5-flash:generateContent "HTTP/1.1 429 Too Many Requests"
2026-09-07 21:35:39,568 WARNING crawler.llm.vertex_provider: Vertex AI lỗi tạm thời (lần 2/6), đợi 4.9s rồi thử lại: 429 RESOURCE_EXHAUSTED. {'error': {'code': 429, 'message': 'Resource exhausted. Please try again later. Please refer to 
2026-09-07 21:35:40,441 INFO google_genai.models: AFC is enabled with max remote calls: 10.
2026-09-07 21:35:40,715 INFO httpx: HTTP Request: POST https://us-central1-aiplatform.googleapis.com/v1beta1/projects/project-bf21b155-6b73-4230-8ef/locations/us-central1/publishers/google/models/gemini-2.5-flash:generateContent "HTTP/1.1 429 Too Many Requests"
2026-09-07 21:35:40,720 WARNING crawler.llm.vertex_provider: Vertex AI lỗi tạm thời (lần 2/6), đợi 4.3s rồi thử lại: 429 RESOURCE_EXHAUSTED. {'error': {'code': 429, 'message': 'Resource exhausted. Please try again later. Please refer to 
2026-09-07 21:35:44,472 INFO google_genai.models: AFC is enabled with max remote calls: 10.
2026-09-07 21:35:44,753 INFO httpx: HTTP Request: POST https://us-central1-aiplatform.googleapis.com/v1beta1/projects/project-bf21b155-6b73-4230-8ef/locations/us-central1/publishers/google/models/gemini-2.5-flash:generateContent "HTTP/1.1 429 Too Many Requests"
2026-09-07 21:35:44,756 WARNING crawler.llm.vertex_provider: Vertex AI lỗi tạm thời (lần 3/6), đợi 8.6s rồi thử lại: 429 RESOURCE_EXHAUSTED. {'error': {'code': 429, 'message': 'Resource exhausted. Please try again later. Please refer to 
2026-09-07 21:35:44,993 INFO google_genai.models: AFC is enabled with max remote calls: 10.
2026-09-07 21:35:45,265 INFO httpx: HTTP Request: POST https://us-central1-aiplatform.googleapis.com/v1beta1/projects/project-bf21b155-6b73-4230-8ef/locations/us-central1/publishers/google/models/gemini-2.5-flash:generateContent "HTTP/1.1 429 Too Many Requests"
2026-09-07 21:35:45,269 WARNING crawler.llm.vertex_provider: Vertex AI lỗi tạm thời (lần 3/6), đợi 8.1s rồi thử lại: 429 RESOURCE_EXHAUSTED. {'error': {'code': 429, 'message': 'Resource exhausted. Please try again later. Please refer to 
2026-09-07 21:35:53,383 INFO google_genai.models: AFC is enabled with max remote calls: 10.
2026-09-07 21:35:53,387 INFO google_genai.models: AFC is enabled with max remote calls: 10.
2026-09-07 21:35:54,723 INFO httpx: HTTP Request: POST https://us-central1-aiplatform.googleapis.com/v1beta1/projects/project-bf21b155-6b73-4230-8ef/locations/us-central1/publishers/google/models/gemini-2.5-flash:generateContent "HTTP/1.1 429 Too Many Requests"
2026-09-07 21:35:54,724 WARNING crawler.llm.vertex_provider: Vertex AI lỗi tạm thời (lần 4/6), đợi 16.4s rồi thử lại: 429 RESOURCE_EXHAUSTED. {'error': {'code': 429, 'message': 'Resource exhausted. Please try again later. Please refer to 
2026-09-07 21:35:55,747 INFO httpx: HTTP Request: POST https://us-central1-aiplatform.googleapis.com/v1beta1/projects/project-bf21b155-6b73-4230-8ef/locations/us-central1/publishers/google/models/gemini-2.5-flash:generateContent "HTTP/1.1 200 OK"
2026-09-07 21:35:55,856 INFO crawler.llm.fallback: Gọi LLM provider: vertex-ai
2026-09-07 21:35:55,856 INFO google_genai.models: AFC is enabled with max remote calls: 10.
2026-09-07 21:35:56,259 INFO httpx: HTTP Request: POST https://us-central1-aiplatform.googleapis.com/v1beta1/projects/project-bf21b155-6b73-4230-8ef/locations/us-central1/publishers/google/models/gemini-2.5-flash:generateContent "HTTP/1.1 429 Too Many Requests"
2026-09-07 21:35:56,260 WARNING crawler.llm.vertex_provider: Vertex AI lỗi tạm thời (lần 1/6), đợi 2.1s rồi thử lại: 429 RESOURCE_EXHAUSTED. {'error': {'code': 429, 'message': 'Resource exhausted. Please try again later. Please refer to 
2026-09-07 21:35:57,036 INFO google_genai.models: AFC is enabled with max remote calls: 10.
2026-09-07 21:35:58,319 INFO google_genai.models: AFC is enabled with max remote calls: 10.
2026-09-07 21:35:58,717 INFO httpx: HTTP Request: POST https://us-central1-aiplatform.googleapis.com/v1beta1/projects/project-bf21b155-6b73-4230-8ef/locations/us-central1/publishers/google/models/gemini-2.5-flash:generateContent "HTTP/1.1 429 Too Many Requests"
2026-09-07 21:35:58,718 WARNING crawler.llm.vertex_provider: Vertex AI lỗi tạm thời (lần 2/6), đợi 5.0s rồi thử lại: 429 RESOURCE_EXHAUSTED. {'error': {'code': 429, 'message': 'Resource exhausted. Please try again later. Please refer to 
2026-09-07 21:35:58,806 INFO httpx: HTTP Request: POST https://us-central1-aiplatform.googleapis.com/v1beta1/projects/project-bf21b155-6b73-4230-8ef/locations/us-central1/publishers/google/models/gemini-2.5-flash:generateContent "HTTP/1.1 200 OK"
2026-09-07 21:35:58,937 INFO crawler.llm.fallback: Gọi LLM provider: vertex-ai
2026-09-07 21:35:58,938 INFO google_genai.models: AFC is enabled with max remote calls: 10.
2026-09-07 21:36:02,403 INFO httpx: HTTP Request: POST https://us-central1-aiplatform.googleapis.com/v1beta1/projects/project-bf21b155-6b73-4230-8ef/locations/us-central1/publishers/google/models/gemini-2.5-flash:generateContent "HTTP/1.1 200 OK"
2026-09-07 21:36:02,512 INFO crawler.llm.fallback: Gọi LLM provider: vertex-ai
2026-09-07 21:36:02,512 INFO google_genai.models: AFC is enabled with max remote calls: 10.
2026-09-07 21:36:03,718 INFO google_genai.models: AFC is enabled with max remote calls: 10.
2026-09-07 21:36:03,801 INFO httpx: HTTP Request: POST https://us-central1-aiplatform.googleapis.com/v1beta1/projects/project-bf21b155-6b73-4230-8ef/locations/us-central1/publishers/google/models/gemini-2.5-flash:generateContent "HTTP/1.1 200 OK"
2026-09-07 21:36:03,911 INFO crawler.llm.fallback: Gọi LLM provider: vertex-ai
2026-09-07 21:36:03,911 INFO google_genai.models: AFC is enabled with max remote calls: 10.
2026-09-07 21:36:05,066 INFO httpx: HTTP Request: POST https://us-central1-aiplatform.googleapis.com/v1beta1/projects/project-bf21b155-6b73-4230-8ef/locations/us-central1/publishers/google/models/gemini-2.5-flash:generateContent "HTTP/1.1 429 Too Many Requests"
2026-09-07 21:36:05,067 WARNING crawler.llm.vertex_provider: Vertex AI lỗi tạm thời (lần 3/6), đợi 8.4s rồi thử lại: 429 RESOURCE_EXHAUSTED. {'error': {'code': 429, 'message': 'Resource exhausted. Please try again later. Please refer to 
2026-09-07 21:36:11,005 INFO httpx: HTTP Request: POST https://us-central1-aiplatform.googleapis.com/v1beta1/projects/project-bf21b155-6b73-4230-8ef/locations/us-central1/publishers/google/models/gemini-2.5-flash:generateContent "HTTP/1.1 200 OK"
2026-09-07 21:36:11,104 INFO crawler.llm.fallback: Gọi LLM provider: vertex-ai
2026-09-07 21:36:11,104 INFO google_genai.models: AFC is enabled with max remote calls: 10.
2026-09-07 21:36:11,130 INFO google_genai.models: AFC is enabled with max remote calls: 10.
2026-09-07 21:36:12,690 INFO httpx: HTTP Request: POST https://us-central1-aiplatform.googleapis.com/v1beta1/projects/project-bf21b155-6b73-4230-8ef/locations/us-central1/publishers/google/models/gemini-2.5-flash:generateContent "HTTP/1.1 200 OK"
2026-09-07 21:36:12,805 INFO crawler.llm.fallback: Gọi LLM provider: vertex-ai
2026-09-07 21:36:12,806 INFO google_genai.models: AFC is enabled with max remote calls: 10.
2026-09-07 21:36:13,433 INFO google_genai.models: AFC is enabled with max remote calls: 10.
2026-09-07 21:36:14,700 INFO httpx: HTTP Request: POST https://us-central1-aiplatform.googleapis.com/v1beta1/projects/project-bf21b155-6b73-4230-8ef/locations/us-central1/publishers/google/models/gemini-2.5-flash:generateContent "HTTP/1.1 200 OK"
2026-09-07 21:36:14,702 INFO httpx: HTTP Request: POST https://us-central1-aiplatform.googleapis.com/v1beta1/projects/project-bf21b155-6b73-4230-8ef/locations/us-central1/publishers/google/models/gemini-2.5-flash:generateContent "HTTP/1.1 429 Too Many Requests"
2026-09-07 21:36:14,704 WARNING crawler.llm.vertex_provider: Vertex AI lỗi tạm thời (lần 4/6), đợi 17.0s rồi thử lại: 429 RESOURCE_EXHAUSTED. {'error': {'code': 429, 'message': 'Resource exhausted. Please try again later. Please refer to 
2026-09-07 21:36:15,048 INFO crawler.llm.fallback: Gọi LLM provider: vertex-ai
2026-09-07 21:36:15,048 INFO google_genai.models: AFC is enabled with max remote calls: 10.
2026-09-07 21:36:15,372 INFO httpx: HTTP Request: POST https://us-central1-aiplatform.googleapis.com/v1beta1/projects/project-bf21b155-6b73-4230-8ef/locations/us-central1/publishers/google/models/gemini-2.5-flash:generateContent "HTTP/1.1 429 Too Many Requests"
2026-09-07 21:36:15,373 WARNING crawler.llm.vertex_provider: Vertex AI lỗi tạm thời (lần 1/6), đợi 2.6s rồi thử lại: 429 RESOURCE_EXHAUSTED. {'error': {'code': 429, 'message': 'Resource exhausted. Please try again later. Please refer to 
2026-09-07 21:36:17,705 INFO crawler.fetch.stealth_fetch: Server phản ứng chậm/từ chối - giãn nhịp fetch lên 15.0s
2026-09-07 21:36:18,022 INFO google_genai.models: AFC is enabled with max remote calls: 10.
2026-09-07 21:36:19,668 INFO httpx: HTTP Request: POST https://us-central1-aiplatform.googleapis.com/v1beta1/projects/project-bf21b155-6b73-4230-8ef/locations/us-central1/publishers/google/models/gemini-2.5-flash:generateContent "HTTP/1.1 200 OK"
2026-09-07 21:36:19,818 INFO crawler.llm.fallback: Gọi LLM provider: vertex-ai
2026-09-07 21:36:19,818 INFO google_genai.models: AFC is enabled with max remote calls: 10.
2026-09-07 21:36:23,190 INFO httpx: HTTP Request: POST https://us-central1-aiplatform.googleapis.com/v1beta1/projects/project-bf21b155-6b73-4230-8ef/locations/us-central1/publishers/google/models/gemini-2.5-flash:generateContent "HTTP/1.1 200 OK"
2026-09-07 21:36:23,290 INFO crawler.llm.fallback: Gọi LLM provider: vertex-ai
2026-09-07 21:36:23,290 INFO google_genai.models: AFC is enabled with max remote calls: 10.
2026-09-07 21:36:23,597 INFO httpx: HTTP Request: POST https://us-central1-aiplatform.googleapis.com/v1beta1/projects/project-bf21b155-6b73-4230-8ef/locations/us-central1/publishers/google/models/gemini-2.5-flash:generateContent "HTTP/1.1 429 Too Many Requests"
2026-09-07 21:36:23,598 WARNING crawler.llm.vertex_provider: Vertex AI lỗi tạm thời (lần 1/6), đợi 2.4s rồi thử lại: 429 RESOURCE_EXHAUSTED. {'error': {'code': 429, 'message': 'Resource exhausted. Please try again later. Please refer to 
2026-09-07 21:36:26,012 INFO google_genai.models: AFC is enabled with max remote calls: 10.
2026-09-07 21:36:27,424 INFO httpx: HTTP Request: POST https://us-central1-aiplatform.googleapis.com/v1beta1/projects/project-bf21b155-6b73-4230-8ef/locations/us-central1/publishers/google/models/gemini-2.5-flash:generateContent "HTTP/1.1 200 OK"
2026-09-07 21:36:27,629 INFO crawler.llm.fallback: Gọi LLM provider: vertex-ai
2026-09-07 21:36:27,629 INFO google_genai.models: AFC is enabled with max remote calls: 10.
2026-09-07 21:36:31,684 INFO google_genai.models: AFC is enabled with max remote calls: 10.
2026-09-07 21:36:32,942 INFO httpx: HTTP Request: POST https://us-central1-aiplatform.googleapis.com/v1beta1/projects/project-bf21b155-6b73-4230-8ef/locations/us-central1/publishers/google/models/gemini-2.5-flash:generateContent "HTTP/1.1 429 Too Many Requests"
2026-09-07 21:36:32,943 WARNING crawler.llm.vertex_provider: Vertex AI lỗi tạm thời (lần 5/6), đợi 32.6s rồi thử lại: 429 RESOURCE_EXHAUSTED. {'error': {'code': 429, 'message': 'Resource exhausted. Please try again later. Please refer to 
2026-09-07 21:36:33,717 INFO httpx: HTTP Request: POST https://us-central1-aiplatform.googleapis.com/v1beta1/projects/project-bf21b155-6b73-4230-8ef/locations/us-central1/publishers/google/models/gemini-2.5-flash:generateContent "HTTP/1.1 429 Too Many Requests"
2026-09-07 21:36:33,719 WARNING crawler.llm.vertex_provider: Vertex AI lỗi tạm thời (lần 5/6), đợi 32.9s rồi thử lại: 429 RESOURCE_EXHAUSTED. {'error': {'code': 429, 'message': 'Resource exhausted. Please try again later. Please refer to 
2026-09-07 21:36:42,030 INFO httpx: HTTP Request: POST https://us-central1-aiplatform.googleapis.com/v1beta1/projects/project-bf21b155-6b73-4230-8ef/locations/us-central1/publishers/google/models/gemini-2.5-flash:generateContent "HTTP/1.1 200 OK"
2026-09-07 21:36:42,148 INFO crawler.llm.fallback: Gọi LLM provider: vertex-ai
2026-09-07 21:36:42,148 INFO google_genai.models: AFC is enabled with max remote calls: 10.
2026-09-07 21:36:43,670 INFO httpx: HTTP Request: POST https://us-central1-aiplatform.googleapis.com/v1beta1/projects/project-bf21b155-6b73-4230-8ef/locations/us-central1/publishers/google/models/gemini-2.5-flash:generateContent "HTTP/1.1 200 OK"
2026-09-07 21:36:43,777 INFO crawler.llm.fallback: Gọi LLM provider: vertex-ai
2026-09-07 21:36:43,777 INFO google_genai.models: AFC is enabled with max remote calls: 10.
2026-09-07 21:36:44,081 INFO httpx: HTTP Request: POST https://us-central1-aiplatform.googleapis.com/v1beta1/projects/project-bf21b155-6b73-4230-8ef/locations/us-central1/publishers/google/models/gemini-2.5-flash:generateContent "HTTP/1.1 429 Too Many Requests"
2026-09-07 21:36:44,083 WARNING crawler.llm.vertex_provider: Vertex AI lỗi tạm thời (lần 1/6), đợi 2.6s rồi thử lại: 429 RESOURCE_EXHAUSTED. {'error': {'code': 429, 'message': 'Resource exhausted. Please try again later. Please refer to 
2026-09-07 21:36:46,670 INFO google_genai.models: AFC is enabled with max remote calls: 10.
2026-09-07 21:36:46,947 INFO httpx: HTTP Request: POST https://us-central1-aiplatform.googleapis.com/v1beta1/projects/project-bf21b155-6b73-4230-8ef/locations/us-central1/publishers/google/models/gemini-2.5-flash:generateContent "HTTP/1.1 429 Too Many Requests"
2026-09-07 21:36:46,955 WARNING crawler.llm.vertex_provider: Vertex AI lỗi tạm thời (lần 2/6), đợi 4.1s rồi thử lại: 429 RESOURCE_EXHAUSTED. {'error': {'code': 429, 'message': 'Resource exhausted. Please try again later. Please refer to 
2026-09-07 21:36:51,073 INFO google_genai.models: AFC is enabled with max remote calls: 10.
2026-09-07 21:36:51,368 INFO httpx: HTTP Request: POST https://us-central1-aiplatform.googleapis.com/v1beta1/projects/project-bf21b155-6b73-4230-8ef/locations/us-central1/publishers/google/models/gemini-2.5-flash:generateContent "HTTP/1.1 429 Too Many Requests"
2026-09-07 21:36:51,373 WARNING crawler.llm.vertex_provider: Vertex AI lỗi tạm thời (lần 3/6), đợi 8.5s rồi thử lại: 429 RESOURCE_EXHAUSTED. {'error': {'code': 429, 'message': 'Resource exhausted. Please try again later. Please refer to 
2026-09-07 21:36:59,913 INFO google_genai.models: AFC is enabled with max remote calls: 10.
2026-09-07 21:37:05,577 INFO google_genai.models: AFC is enabled with max remote calls: 10.
2026-09-07 21:37:06,614 INFO google_genai.models: AFC is enabled with max remote calls: 10.
2026-09-07 21:37:07,956 INFO httpx: HTTP Request: POST https://us-central1-aiplatform.googleapis.com/v1beta1/projects/project-bf21b155-6b73-4230-8ef/locations/us-central1/publishers/google/models/gemini-2.5-flash:generateContent "HTTP/1.1 200 OK"
2026-09-07 21:37:08,040 WARNING crawler.pipeline: Fetch thất bại cho https://duhal.com.vn/den-led-chong-tham-1x18w-lsi118: None
2026-09-07 21:37:08,040 WARNING crawler.pipeline: Fetch thất bại cho https://duhal.com.vn/den-led-chong-tham-2x18w-lsi218: None
2026-09-07 21:37:08,137 INFO crawler.llm.fallback: Gọi LLM provider: vertex-ai
2026-09-07 21:37:08,137 INFO google_genai.models: AFC is enabled with max remote calls: 10.
2026-09-07 21:37:09,360 INFO httpx: HTTP Request: POST https://us-central1-aiplatform.googleapis.com/v1beta1/projects/project-bf21b155-6b73-4230-8ef/locations/us-central1/publishers/google/models/gemini-2.5-flash:generateContent "HTTP/1.1 200 OK"
2026-09-07 21:37:09,605 INFO httpx: HTTP Request: POST https://us-central1-aiplatform.googleapis.com/v1beta1/projects/project-bf21b155-6b73-4230-8ef/locations/us-central1/publishers/google/models/gemini-2.5-flash:generateContent "HTTP/1.1 429 Too Many Requests"
2026-09-07 21:37:09,664 WARNING crawler.llm.vertex_provider: Vertex AI lỗi tạm thời (lần 4/6), đợi 16.6s rồi thử lại: 429 RESOURCE_EXHAUSTED. {'error': {'code': 429, 'message': 'Resource exhausted. Please try again later. Please refer to 
2026-09-07 21:37:09,670 INFO httpx: HTTP Request: POST https://us-central1-aiplatform.googleapis.com/v1beta1/projects/project-bf21b155-6b73-4230-8ef/locations/us-central1/publishers/google/models/gemini-2.5-flash:generateContent "HTTP/1.1 200 OK"
2026-09-07 21:37:09,691 INFO crawler.fetch.stealth_fetch: https://duhal.com.vn/den-led-kieu-batten-9w-sdts601 -> 429, retry lan 1
2026-09-07 21:37:09,696 INFO crawler.fetch.stealth_fetch: Server phản ứng chậm/từ chối - giãn nhịp fetch lên 1.0s
2026-09-07 21:37:09,793 INFO crawler.llm.fallback: Gọi LLM provider: vertex-ai
2026-09-07 21:37:09,793 INFO google_genai.models: AFC is enabled with max remote calls: 10.
2026-09-07 21:37:09,910 INFO crawler.llm.fallback: Gọi LLM provider: vertex-ai
2026-09-07 21:37:09,910 INFO google_genai.models: AFC is enabled with max remote calls: 10.
2026-09-07 21:37:11,409 INFO httpx: HTTP Request: POST https://us-central1-aiplatform.googleapis.com/v1beta1/projects/project-bf21b155-6b73-4230-8ef/locations/us-central1/publishers/google/models/gemini-2.5-flash:generateContent "HTTP/1.1 200 OK"
2026-09-07 21:37:11,514 INFO crawler.fetch.stealth_fetch: https://duhal.com.vn/den-led-kieu-batten-9w-sdts601 -> 429, retry lan 2
2026-09-07 21:37:11,515 INFO httpx: HTTP Request: POST https://us-central1-aiplatform.googleapis.com/v1beta1/projects/project-bf21b155-6b73-4230-8ef/locations/us-central1/publishers/google/models/gemini-2.5-flash:generateContent "HTTP/1.1 200 OK"
2026-09-07 21:37:11,524 INFO crawler.fetch.stealth_fetch: Server phản ứng chậm/từ chối - giãn nhịp fetch lên 2.0s
2026-09-07 21:37:11,609 INFO crawler.llm.fallback: Gọi LLM provider: vertex-ai
2026-09-07 21:37:11,609 INFO google_genai.models: AFC is enabled with max remote calls: 10.
2026-09-07 21:37:11,763 INFO crawler.llm.fallback: Gọi LLM provider: vertex-ai
2026-09-07 21:37:11,763 INFO google_genai.models: AFC is enabled with max remote calls: 10.
2026-09-07 21:37:12,138 INFO httpx: HTTP Request: POST https://us-central1-aiplatform.googleapis.com/v1beta1/projects/project-bf21b155-6b73-4230-8ef/locations/us-central1/publishers/google/models/gemini-2.5-flash:generateContent "HTTP/1.1 429 Too Many Requests"
2026-09-07 21:37:12,139 WARNING crawler.llm.vertex_provider: Vertex AI lỗi tạm thời (lần 1/6), đợi 2.8s rồi thử lại: 429 RESOURCE_EXHAUSTED. {'error': {'code': 429, 'message': 'Resource exhausted. Please try again later. Please refer to 
2026-09-07 21:37:13,547 INFO httpx: HTTP Request: POST https://us-central1-aiplatform.googleapis.com/v1beta1/projects/project-bf21b155-6b73-4230-8ef/locations/us-central1/publishers/google/models/gemini-2.5-flash:generateContent "HTTP/1.1 200 OK"
2026-09-07 21:37:13,671 INFO crawler.llm.fallback: Gọi LLM provider: vertex-ai
2026-09-07 21:37:13,671 INFO google_genai.models: AFC is enabled with max remote calls: 10.
2026-09-07 21:37:14,956 INFO google_genai.models: AFC is enabled with max remote calls: 10.
2026-09-07 21:37:15,261 INFO httpx: HTTP Request: POST https://us-central1-aiplatform.googleapis.com/v1beta1/projects/project-bf21b155-6b73-4230-8ef/locations/us-central1/publishers/google/models/gemini-2.5-flash:generateContent "HTTP/1.1 429 Too Many Requests"
2026-09-07 21:37:15,263 WARNING crawler.llm.vertex_provider: Vertex AI lỗi tạm thời (lần 2/6), đợi 4.2s rồi thử lại: 429 RESOURCE_EXHAUSTED. {'error': {'code': 429, 'message': 'Resource exhausted. Please try again later. Please refer to 
2026-09-07 21:37:16,854 INFO crawler.fetch.stealth_fetch: https://duhal.com.vn/den-led-kieu-batten-chup-pc-18w-sbtn118 -> 429, retry lan 1
2026-09-07 21:37:16,854 INFO crawler.fetch.stealth_fetch: Server phản ứng chậm/từ chối - giãn nhịp fetch lên 4.0s
2026-09-07 21:37:19,430 INFO google_genai.models: AFC is enabled with max remote calls: 10.
2026-09-07 21:37:20,649 INFO httpx: HTTP Request: POST https://us-central1-aiplatform.googleapis.com/v1beta1/projects/project-bf21b155-6b73-4230-8ef/locations/us-central1/publishers/google/models/gemini-2.5-flash:generateContent "HTTP/1.1 429 Too Many Requests"
2026-09-07 21:37:20,651 WARNING crawler.llm.vertex_provider: Vertex AI lỗi tạm thời (lần 1/6), đợi 2.0s rồi thử lại: 429 RESOURCE_EXHAUSTED. {'error': {'code': 429, 'message': 'Resource exhausted. Please try again later. Please refer to 
2026-09-07 21:37:20,871 INFO crawler.fetch.stealth_fetch: https://duhal.com.vn/den-led-kieu-batten-chup-pc-18w-sbtn118 -> 429, retry lan 2
2026-09-07 21:37:20,872 INFO crawler.fetch.stealth_fetch: Server phản ứng chậm/từ chối - giãn nhịp fetch lên 8.0s
2026-09-07 21:37:20,910 INFO httpx: HTTP Request: POST https://us-central1-aiplatform.googleapis.com/v1beta1/projects/project-bf21b155-6b73-4230-8ef/locations/us-central1/publishers/google/models/gemini-2.5-flash:generateContent "HTTP/1.1 200 OK"
2026-09-07 21:37:21,025 INFO crawler.llm.fallback: Gọi LLM provider: vertex-ai
2026-09-07 21:37:21,025 INFO google_genai.models: AFC is enabled with max remote calls: 10.
2026-09-07 21:37:21,356 INFO httpx: HTTP Request: POST https://us-central1-aiplatform.googleapis.com/v1beta1/projects/project-bf21b155-6b73-4230-8ef/locations/us-central1/publishers/google/models/gemini-2.5-flash:generateContent "HTTP/1.1 429 Too Many Requests"
2026-09-07 21:37:21,357 WARNING crawler.llm.vertex_provider: Vertex AI lỗi tạm thời (lần 1/6), đợi 2.4s rồi thử lại: 429 RESOURCE_EXHAUSTED. {'error': {'code': 429, 'message': 'Resource exhausted. Please try again later. Please refer to 
2026-09-07 21:37:22,675 INFO google_genai.models: AFC is enabled with max remote calls: 10.
2026-09-07 21:37:23,793 INFO google_genai.models: AFC is enabled with max remote calls: 10.
2026-09-07 21:37:24,222 INFO httpx: HTTP Request: POST https://us-central1-aiplatform.googleapis.com/v1beta1/projects/project-bf21b155-6b73-4230-8ef/locations/us-central1/publishers/google/models/gemini-2.5-flash:generateContent "HTTP/1.1 200 OK"
2026-09-07 21:37:24,323 INFO crawler.llm.fallback: Gọi LLM provider: vertex-ai
2026-09-07 21:37:24,323 INFO google_genai.models: AFC is enabled with max remote calls: 10.
2026-09-07 21:37:25,656 INFO httpx: HTTP Request: POST https://us-central1-aiplatform.googleapis.com/v1beta1/projects/project-bf21b155-6b73-4230-8ef/locations/us-central1/publishers/google/models/gemini-2.5-flash:generateContent "HTTP/1.1 200 OK"
2026-09-07 21:37:25,756 INFO crawler.llm.fallback: Gọi LLM provider: vertex-ai
2026-09-07 21:37:25,756 INFO google_genai.models: AFC is enabled with max remote calls: 10.
2026-09-07 21:37:26,283 INFO google_genai.models: AFC is enabled with max remote calls: 10.
2026-09-07 21:37:27,192 INFO httpx: HTTP Request: POST https://us-central1-aiplatform.googleapis.com/v1beta1/projects/project-bf21b155-6b73-4230-8ef/locations/us-central1/publishers/google/models/gemini-2.5-flash:generateContent "HTTP/1.1 200 OK"
2026-09-07 21:37:27,493 INFO crawler.llm.fallback: Gọi LLM provider: vertex-ai
2026-09-07 21:37:27,493 INFO google_genai.models: AFC is enabled with max remote calls: 10.
2026-09-07 21:37:27,513 INFO httpx: HTTP Request: POST https://us-central1-aiplatform.googleapis.com/v1beta1/projects/project-bf21b155-6b73-4230-8ef/locations/us-central1/publishers/google/models/gemini-2.5-flash:generateContent "HTTP/1.1 429 Too Many Requests"
2026-09-07 21:37:27,518 WARNING crawler.llm.vertex_provider: Vertex AI lỗi tạm thời (lần 5/6), đợi 32.8s rồi thử lại: 429 RESOURCE_EXHAUSTED. {'error': {'code': 429, 'message': 'Resource exhausted. Please try again later. Please refer to 
2026-09-07 21:37:28,821 INFO httpx: HTTP Request: POST https://us-central1-aiplatform.googleapis.com/v1beta1/projects/project-bf21b155-6b73-4230-8ef/locations/us-central1/publishers/google/models/gemini-2.5-flash:generateContent "HTTP/1.1 200 OK"
2026-09-07 21:37:28,955 INFO crawler.llm.fallback: Gọi LLM provider: vertex-ai
2026-09-07 21:37:28,956 INFO google_genai.models: AFC is enabled with max remote calls: 10.
2026-09-07 21:37:29,342 INFO httpx: HTTP Request: POST https://us-central1-aiplatform.googleapis.com/v1beta1/projects/project-bf21b155-6b73-4230-8ef/locations/us-central1/publishers/google/models/gemini-2.5-flash:generateContent "HTTP/1.1 429 Too Many Requests"
2026-09-07 21:37:29,344 WARNING crawler.llm.vertex_provider: Vertex AI lỗi tạm thời (lần 1/6), đợi 2.6s rồi thử lại: 429 RESOURCE_EXHAUSTED. {'error': {'code': 429, 'message': 'Resource exhausted. Please try again later. Please refer to 
2026-09-07 21:37:31,933 INFO google_genai.models: AFC is enabled with max remote calls: 10.
2026-09-07 21:37:32,224 INFO httpx: HTTP Request: POST https://us-central1-aiplatform.googleapis.com/v1beta1/projects/project-bf21b155-6b73-4230-8ef/locations/us-central1/publishers/google/models/gemini-2.5-flash:generateContent "HTTP/1.1 429 Too Many Requests"
2026-09-07 21:37:32,229 WARNING crawler.llm.vertex_provider: Vertex AI lỗi tạm thời (lần 2/6), đợi 4.7s rồi thử lại: 429 RESOURCE_EXHAUSTED. {'error': {'code': 429, 'message': 'Resource exhausted. Please try again later. Please refer to 
2026-09-07 21:37:34,564 INFO httpx: HTTP Request: POST https://us-central1-aiplatform.googleapis.com/v1beta1/projects/project-bf21b155-6b73-4230-8ef/locations/us-central1/publishers/google/models/gemini-2.5-flash:generateContent "HTTP/1.1 200 OK"
2026-09-07 21:37:34,674 INFO crawler.llm.fallback: Gọi LLM provider: vertex-ai
2026-09-07 21:37:34,674 INFO google_genai.models: AFC is enabled with max remote calls: 10.
2026-09-07 21:37:36,008 INFO httpx: HTTP Request: POST https://us-central1-aiplatform.googleapis.com/v1beta1/projects/project-bf21b155-6b73-4230-8ef/locations/us-central1/publishers/google/models/gemini-2.5-flash:generateContent "HTTP/1.1 200 OK"
2026-09-07 21:37:36,116 INFO crawler.llm.fallback: Gọi LLM provider: vertex-ai
2026-09-07 21:37:36,116 INFO google_genai.models: AFC is enabled with max remote calls: 10.
2026-09-07 21:37:36,425 INFO httpx: HTTP Request: POST https://us-central1-aiplatform.googleapis.com/v1beta1/projects/project-bf21b155-6b73-4230-8ef/locations/us-central1/publishers/google/models/gemini-2.5-flash:generateContent "HTTP/1.1 429 Too Many Requests"
2026-09-07 21:37:36,427 WARNING crawler.llm.vertex_provider: Vertex AI lỗi tạm thời (lần 1/6), đợi 2.8s rồi thử lại: 429 RESOURCE_EXHAUSTED. {'error': {'code': 429, 'message': 'Resource exhausted. Please try again later. Please refer to 
2026-09-07 21:37:36,854 INFO crawler.fetch.stealth_fetch: https://duhal.com.vn/den-led-kieu-batten-chup-pc-9w-sbtn109 -> 429, retry lan 1
2026-09-07 21:37:36,855 INFO crawler.fetch.stealth_fetch: Server phản ứng chậm/từ chối - giãn nhịp fetch lên 15.0s
2026-09-07 21:37:36,933 INFO google_genai.models: AFC is enabled with max remote calls: 10.
2026-09-07 21:37:37,260 INFO httpx: HTTP Request: POST https://us-central1-aiplatform.googleapis.com/v1beta1/projects/project-bf21b155-6b73-4230-8ef/locations/us-central1/publishers/google/models/gemini-2.5-flash:generateContent "HTTP/1.1 429 Too Many Requests"
2026-09-07 21:37:37,262 WARNING crawler.llm.vertex_provider: Vertex AI lỗi tạm thời (lần 3/6), đợi 8.1s rồi thử lại: 429 RESOURCE_EXHAUSTED. {'error': {'code': 429, 'message': 'Resource exhausted. Please try again later. Please refer to 
2026-09-07 21:37:39,274 INFO google_genai.models: AFC is enabled with max remote calls: 10.
2026-09-07 21:37:39,582 INFO httpx: HTTP Request: POST https://us-central1-aiplatform.googleapis.com/v1beta1/projects/project-bf21b155-6b73-4230-8ef/locations/us-central1/publishers/google/models/gemini-2.5-flash:generateContent "HTTP/1.1 429 Too Many Requests"
2026-09-07 21:37:39,584 WARNING crawler.llm.vertex_provider: Vertex AI lỗi tạm thời (lần 2/6), đợi 4.2s rồi thử lại: 429 RESOURCE_EXHAUSTED. {'error': {'code': 429, 'message': 'Resource exhausted. Please try again later. Please refer to 
2026-09-07 21:37:43,832 INFO google_genai.models: AFC is enabled with max remote calls: 10.
2026-09-07 21:37:44,172 INFO httpx: HTTP Request: POST https://us-central1-aiplatform.googleapis.com/v1beta1/projects/project-bf21b155-6b73-4230-8ef/locations/us-central1/publishers/google/models/gemini-2.5-flash:generateContent "HTTP/1.1 429 Too Many Requests"
2026-09-07 21:37:44,173 WARNING crawler.llm.vertex_provider: Vertex AI lỗi tạm thời (lần 3/6), đợi 8.0s rồi thử lại: 429 RESOURCE_EXHAUSTED. {'error': {'code': 429, 'message': 'Resource exhausted. Please try again later. Please refer to 
2026-09-07 21:37:45,395 INFO google_genai.models: AFC is enabled with max remote calls: 10.
2026-09-07 21:37:45,708 INFO httpx: HTTP Request: POST https://us-central1-aiplatform.googleapis.com/v1beta1/projects/project-bf21b155-6b73-4230-8ef/locations/us-central1/publishers/google/models/gemini-2.5-flash:generateContent "HTTP/1.1 429 Too Many Requests"
2026-09-07 21:37:45,713 WARNING crawler.llm.vertex_provider: Vertex AI lỗi tạm thời (lần 4/6), đợi 16.1s rồi thử lại: 429 RESOURCE_EXHAUSTED. {'error': {'code': 429, 'message': 'Resource exhausted. Please try again later. Please refer to 
2026-09-07 21:37:52,185 INFO google_genai.models: AFC is enabled with max remote calls: 10.
2026-09-07 21:37:53,479 INFO httpx: HTTP Request: POST https://us-central1-aiplatform.googleapis.com/v1beta1/projects/project-bf21b155-6b73-4230-8ef/locations/us-central1/publishers/google/models/gemini-2.5-flash:generateContent "HTTP/1.1 429 Too Many Requests"
2026-09-07 21:37:53,481 WARNING crawler.llm.vertex_provider: Vertex AI lỗi tạm thời (lần 4/6), đợi 16.5s rồi thử lại: 429 RESOURCE_EXHAUSTED. {'error': {'code': 429, 'message': 'Resource exhausted. Please try again later. Please refer to 
2026-09-07 21:38:00,365 INFO google_genai.models: AFC is enabled with max remote calls: 10.
2026-09-07 21:38:01,583 INFO httpx: HTTP Request: POST https://us-central1-aiplatform.googleapis.com/v1beta1/projects/project-bf21b155-6b73-4230-8ef/locations/us-central1/publishers/google/models/gemini-2.5-flash:generateContent "HTTP/1.1 429 Too Many Requests"
2026-09-07 21:38:01,585 WARNING crawler.llm.fallback: Provider vertex-ai thất bại (Vertex AI lỗi: 429 RESOURCE_EXHAUSTED. {'error': {'code': 429, 'message': 'Resource exhausted. Please try again later. Please refer to https://cloud.google.com/vertex-ai/generative-ai/docs/error-code-429 for more details.', 'status': 'RESOURCE_EXHAUSTED'}}), chuyển sang provider tiếp theo
2026-09-07 21:38:01,585 INFO crawler.llm.fallback: Gọi LLM provider: deepseek
2026-09-07 21:38:01,814 INFO google_genai.models: AFC is enabled with max remote calls: 10.
2026-09-07 21:38:02,065 INFO httpx2: HTTP Request: POST https://api.deepseek.com/chat/completions "HTTP/1.1 402 Payment Required"
2026-09-07 21:38:02,066 WARNING crawler.llm.fallback: Provider deepseek thất bại (DeepSeek lỗi: Error code: 402 - {'error': {'message': 'Insufficient Balance', 'type': 'unknown_error', 'param': None, 'code': 'invalid_request_error'}}), chuyển sang provider tiếp theo
2026-09-07 21:38:02,066 WARNING crawler.pipeline: Tầng 2 (LLM) thất bại cho https://duhal.com.vn/den-led-chong-tham-18w-sdct2181: Tất cả LLM provider đều thất bại: DeepSeek lỗi: Error code: 402 - {'error': {'message': 'Insufficient Balance', 'type': 'unknown_error', 'param': None, 'code': 'invalid_request_error'}}
2026-09-07 21:38:02,104 INFO httpx: HTTP Request: POST https://us-central1-aiplatform.googleapis.com/v1beta1/projects/project-bf21b155-6b73-4230-8ef/locations/us-central1/publishers/google/models/gemini-2.5-flash:generateContent "HTTP/1.1 429 Too Many Requests"
2026-09-07 21:38:02,106 WARNING crawler.llm.vertex_provider: Vertex AI lỗi tạm thời (lần 5/6), đợi 32.8s rồi thử lại: 429 RESOURCE_EXHAUSTED. {'error': {'code': 429, 'message': 'Resource exhausted. Please try again later. Please refer to 
2026-09-07 21:38:02,210 INFO crawler.llm.fallback: Gọi LLM provider: vertex-ai
2026-09-07 21:38:02,210 INFO google_genai.models: AFC is enabled with max remote calls: 10.
2026-09-07 21:38:03,946 INFO httpx: HTTP Request: POST https://us-central1-aiplatform.googleapis.com/v1beta1/projects/project-bf21b155-6b73-4230-8ef/locations/us-central1/publishers/google/models/gemini-2.5-flash:generateContent "HTTP/1.1 200 OK"
2026-09-07 21:38:04,059 INFO crawler.llm.fallback: Gọi LLM provider: vertex-ai
2026-09-07 21:38:04,059 INFO google_genai.models: AFC is enabled with max remote calls: 10.
2026-09-07 21:38:04,466 INFO httpx: HTTP Request: POST https://us-central1-aiplatform.googleapis.com/v1beta1/projects/project-bf21b155-6b73-4230-8ef/locations/us-central1/publishers/google/models/gemini-2.5-flash:generateContent "HTTP/1.1 429 Too Many Requests"
2026-09-07 21:38:04,468 WARNING crawler.llm.vertex_provider: Vertex AI lỗi tạm thời (lần 1/6), đợi 2.2s rồi thử lại: 429 RESOURCE_EXHAUSTED. {'error': {'code': 429, 'message': 'Resource exhausted. Please try again later. Please refer to 
2026-09-07 21:38:06,687 INFO google_genai.models: AFC is enabled with max remote calls: 10.
2026-09-07 21:38:06,990 INFO httpx: HTTP Request: POST https://us-central1-aiplatform.googleapis.com/v1beta1/projects/project-bf21b155-6b73-4230-8ef/locations/us-central1/publishers/google/models/gemini-2.5-flash:generateContent "HTTP/1.1 429 Too Many Requests"
2026-09-07 21:38:06,992 WARNING crawler.llm.vertex_provider: Vertex AI lỗi tạm thời (lần 2/6), đợi 4.9s rồi thử lại: 429 RESOURCE_EXHAUSTED. {'error': {'code': 429, 'message': 'Resource exhausted. Please try again later. Please refer to 
2026-09-07 21:38:09,978 INFO google_genai.models: AFC is enabled with max remote calls: 10.
2026-09-07 21:38:11,532 INFO httpx: HTTP Request: POST https://us-central1-aiplatform.googleapis.com/v1beta1/projects/project-bf21b155-6b73-4230-8ef/locations/us-central1/publishers/google/models/gemini-2.5-flash:generateContent "HTTP/1.1 200 OK"
2026-09-07 21:38:11,640 INFO crawler.llm.fallback: Gọi LLM provider: vertex-ai
2026-09-07 21:38:11,640 INFO google_genai.models: AFC is enabled with max remote calls: 10.
2026-09-07 21:38:11,877 INFO google_genai.models: AFC is enabled with max remote calls: 10.
2026-09-07 21:38:12,965 INFO httpx: HTTP Request: POST https://us-central1-aiplatform.googleapis.com/v1beta1/projects/project-bf21b155-6b73-4230-8ef/locations/us-central1/publishers/google/models/gemini-2.5-flash:generateContent "HTTP/1.1 200 OK"
2026-09-07 21:38:13,098 INFO crawler.llm.fallback: Gọi LLM provider: vertex-ai
2026-09-07 21:38:13,098 INFO google_genai.models: AFC is enabled with max remote calls: 10.
2026-09-07 21:38:14,429 INFO httpx: HTTP Request: POST https://us-central1-aiplatform.googleapis.com/v1beta1/projects/project-bf21b155-6b73-4230-8ef/locations/us-central1/publishers/google/models/gemini-2.5-flash:generateContent "HTTP/1.1 200 OK"
2026-09-07 21:38:14,438 INFO crawler.llm.validate: Bỏ tag không có căn cứ trong nguồn: quy_cach='null'
2026-09-07 21:38:14,595 INFO crawler.llm.fallback: Gọi LLM provider: vertex-ai
2026-09-07 21:38:14,596 INFO google_genai.models: AFC is enabled with max remote calls: 10.
2026-09-07 21:38:14,675 INFO httpx: HTTP Request: POST https://us-central1-aiplatform.googleapis.com/v1beta1/projects/project-bf21b155-6b73-4230-8ef/locations/us-central1/publishers/google/models/gemini-2.5-flash:generateContent "HTTP/1.1 200 OK"
2026-09-07 21:38:15,131 INFO crawler.llm.fallback: Gọi LLM provider: vertex-ai
2026-09-07 21:38:15,132 INFO google_genai.models: AFC is enabled with max remote calls: 10.
2026-09-07 21:38:16,566 INFO httpx: HTTP Request: POST https://us-central1-aiplatform.googleapis.com/v1beta1/projects/project-bf21b155-6b73-4230-8ef/locations/us-central1/publishers/google/models/gemini-2.5-flash:generateContent "HTTP/1.1 200 OK"
2026-09-07 21:38:16,751 INFO crawler.llm.fallback: Gọi LLM provider: vertex-ai
2026-09-07 21:38:16,751 INFO google_genai.models: AFC is enabled with max remote calls: 10.
2026-09-07 21:38:16,818 INFO httpx: HTTP Request: POST https://us-central1-aiplatform.googleapis.com/v1beta1/projects/project-bf21b155-6b73-4230-8ef/locations/us-central1/publishers/google/models/gemini-2.5-flash:generateContent "HTTP/1.1 200 OK"
2026-09-07 21:38:17,013 INFO crawler.llm.fallback: Gọi LLM provider: vertex-ai
2026-09-07 21:38:17,013 INFO google_genai.models: AFC is enabled with max remote calls: 10.
2026-09-07 21:38:17,079 INFO httpx: HTTP Request: POST https://us-central1-aiplatform.googleapis.com/v1beta1/projects/project-bf21b155-6b73-4230-8ef/locations/us-central1/publishers/google/models/gemini-2.5-flash:generateContent "HTTP/1.1 429 Too Many Requests"
2026-09-07 21:38:17,080 WARNING crawler.llm.vertex_provider: Vertex AI lỗi tạm thời (lần 1/6), đợi 2.5s rồi thử lại: 429 RESOURCE_EXHAUSTED. {'error': {'code': 429, 'message': 'Resource exhausted. Please try again later. Please refer to 
2026-09-07 21:38:18,796 INFO httpx: HTTP Request: POST https://us-central1-aiplatform.googleapis.com/v1beta1/projects/project-bf21b155-6b73-4230-8ef/locations/us-central1/publishers/google/models/gemini-2.5-flash:generateContent "HTTP/1.1 200 OK"
2026-09-07 21:38:18,921 INFO crawler.llm.fallback: Gọi LLM provider: vertex-ai
2026-09-07 21:38:18,921 INFO google_genai.models: AFC is enabled with max remote calls: 10.
2026-09-07 21:38:19,539 INFO google_genai.models: AFC is enabled with max remote calls: 10.
2026-09-07 21:38:19,928 INFO httpx: HTTP Request: POST https://us-central1-aiplatform.googleapis.com/v1beta1/projects/project-bf21b155-6b73-4230-8ef/locations/us-central1/publishers/google/models/gemini-2.5-flash:generateContent "HTTP/1.1 429 Too Many Requests"
2026-09-07 21:38:19,930 WARNING crawler.llm.vertex_provider: Vertex AI lỗi tạm thời (lần 2/6), đợi 4.4s rồi thử lại: 429 RESOURCE_EXHAUSTED. {'error': {'code': 429, 'message': 'Resource exhausted. Please try again later. Please refer to 
2026-09-07 21:38:20,546 INFO httpx: HTTP Request: POST https://us-central1-aiplatform.googleapis.com/v1beta1/projects/project-bf21b155-6b73-4230-8ef/locations/us-central1/publishers/google/models/gemini-2.5-flash:generateContent "HTTP/1.1 200 OK"
2026-09-07 21:38:20,683 INFO crawler.llm.fallback: Gọi LLM provider: vertex-ai
2026-09-07 21:38:20,684 INFO google_genai.models: AFC is enabled with max remote calls: 10.
2026-09-07 21:38:22,181 INFO httpx: HTTP Request: POST https://us-central1-aiplatform.googleapis.com/v1beta1/projects/project-bf21b155-6b73-4230-8ef/locations/us-central1/publishers/google/models/gemini-2.5-flash:generateContent "HTTP/1.1 200 OK"
2026-09-07 21:38:22,291 INFO crawler.llm.fallback: Gọi LLM provider: vertex-ai
2026-09-07 21:38:22,291 INFO google_genai.models: AFC is enabled with max remote calls: 10.
2026-09-07 21:38:23,922 INFO httpx: HTTP Request: POST https://us-central1-aiplatform.googleapis.com/v1beta1/projects/project-bf21b155-6b73-4230-8ef/locations/us-central1/publishers/google/models/gemini-2.5-flash:generateContent "HTTP/1.1 200 OK"
2026-09-07 21:38:24,030 INFO crawler.llm.fallback: Gọi LLM provider: vertex-ai
2026-09-07 21:38:24,031 INFO google_genai.models: AFC is enabled with max remote calls: 10.
2026-09-07 21:38:24,326 INFO google_genai.models: AFC is enabled with max remote calls: 10.
2026-09-07 21:38:24,675 INFO httpx: HTTP Request: POST https://us-central1-aiplatform.googleapis.com/v1beta1/projects/project-bf21b155-6b73-4230-8ef/locations/us-central1/publishers/google/models/gemini-2.5-flash:generateContent "HTTP/1.1 429 Too Many Requests"
2026-09-07 21:38:24,676 WARNING crawler.llm.vertex_provider: Vertex AI lỗi tạm thời (lần 3/6), đợi 8.2s rồi thử lại: 429 RESOURCE_EXHAUSTED. {'error': {'code': 429, 'message': 'Resource exhausted. Please try again later. Please refer to 
2026-09-07 21:38:25,458 INFO httpx: HTTP Request: POST https://us-central1-aiplatform.googleapis.com/v1beta1/projects/project-bf21b155-6b73-4230-8ef/locations/us-central1/publishers/google/models/gemini-2.5-flash:generateContent "HTTP/1.1 200 OK"
2026-09-07 21:38:25,574 INFO crawler.llm.fallback: Gọi LLM provider: vertex-ai
2026-09-07 21:38:25,574 INFO google_genai.models: AFC is enabled with max remote calls: 10.
2026-09-07 21:38:25,970 INFO httpx: HTTP Request: POST https://us-central1-aiplatform.googleapis.com/v1beta1/projects/project-bf21b155-6b73-4230-8ef/locations/us-central1/publishers/google/models/gemini-2.5-flash:generateContent "HTTP/1.1 429 Too Many Requests"
2026-09-07 21:38:25,972 WARNING crawler.llm.vertex_provider: Vertex AI lỗi tạm thời (lần 1/6), đợi 2.9s rồi thử lại: 429 RESOURCE_EXHAUSTED. {'error': {'code': 429, 'message': 'Resource exhausted. Please try again later. Please refer to 
2026-09-07 21:38:28,920 INFO google_genai.models: AFC is enabled with max remote calls: 10.
2026-09-07 21:38:29,247 INFO httpx: HTTP Request: POST https://us-central1-aiplatform.googleapis.com/v1beta1/projects/project-bf21b155-6b73-4230-8ef/locations/us-central1/publishers/google/models/gemini-2.5-flash:generateContent "HTTP/1.1 429 Too Many Requests"
2026-09-07 21:38:29,248 WARNING crawler.llm.vertex_provider: Vertex AI lỗi tạm thời (lần 2/6), đợi 4.6s rồi thử lại: 429 RESOURCE_EXHAUSTED. {'error': {'code': 429, 'message': 'Resource exhausted. Please try again later. Please refer to 
2026-09-07 21:38:32,902 INFO google_genai.models: AFC is enabled with max remote calls: 10.
2026-09-07 21:38:33,241 INFO httpx: HTTP Request: POST https://us-central1-aiplatform.googleapis.com/v1beta1/projects/project-bf21b155-6b73-4230-8ef/locations/us-central1/publishers/google/models/gemini-2.5-flash:generateContent "HTTP/1.1 429 Too Many Requests"
2026-09-07 21:38:33,242 WARNING crawler.llm.vertex_provider: Vertex AI lỗi tạm thời (lần 4/6), đợi 16.2s rồi thử lại: 429 RESOURCE_EXHAUSTED. {'error': {'code': 429, 'message': 'Resource exhausted. Please try again later. Please refer to 
2026-09-07 21:38:33,826 INFO google_genai.models: AFC is enabled with max remote calls: 10.
2026-09-07 21:38:34,163 INFO httpx: HTTP Request: POST https://us-central1-aiplatform.googleapis.com/v1beta1/projects/project-bf21b155-6b73-4230-8ef/locations/us-central1/publishers/google/models/gemini-2.5-flash:generateContent "HTTP/1.1 429 Too Many Requests"
2026-09-07 21:38:34,164 WARNING crawler.llm.vertex_provider: Vertex AI lỗi tạm thời (lần 3/6), đợi 8.7s rồi thử lại: 429 RESOURCE_EXHAUSTED. {'error': {'code': 429, 'message': 'Resource exhausted. Please try again later. Please refer to 
2026-09-07 21:38:34,903 INFO google_genai.models: AFC is enabled with max remote calls: 10.
2026-09-07 21:38:35,289 INFO httpx: HTTP Request: POST https://us-central1-aiplatform.googleapis.com/v1beta1/projects/project-bf21b155-6b73-4230-8ef/locations/us-central1/publishers/google/models/gemini-2.5-flash:generateContent "HTTP/1.1 429 Too Many Requests"
2026-09-07 21:38:35,291 WARNING crawler.llm.fallback: Provider vertex-ai thất bại (Vertex AI lỗi: 429 RESOURCE_EXHAUSTED. {'error': {'code': 429, 'message': 'Resource exhausted. Please try again later. Please refer to https://cloud.google.com/vertex-ai/generative-ai/docs/error-code-429 for more details.', 'status': 'RESOURCE_EXHAUSTED'}}), chuyển sang provider tiếp theo
2026-09-07 21:38:35,291 INFO crawler.llm.fallback: Gọi LLM provider: deepseek
2026-09-07 21:38:35,801 INFO httpx2: HTTP Request: POST https://api.deepseek.com/chat/completions "HTTP/1.1 402 Payment Required"
2026-09-07 21:38:35,802 WARNING crawler.llm.fallback: Provider deepseek thất bại (DeepSeek lỗi: Error code: 402 - {'error': {'message': 'Insufficient Balance', 'type': 'unknown_error', 'param': None, 'code': 'invalid_request_error'}}), chuyển sang provider tiếp theo
2026-09-07 21:38:35,802 WARNING crawler.pipeline: Tầng 2 (LLM) thất bại cho https://duhal.com.vn/den-led-chong-tham-ip68-doi-mau-9w-dsi0019: Tất cả LLM provider đều thất bại: DeepSeek lỗi: Error code: 402 - {'error': {'message': 'Insufficient Balance', 'type': 'unknown_error', 'param': None, 'code': 'invalid_request_error'}}
2026-09-07 21:38:35,903 INFO crawler.llm.fallback: Gọi LLM provider: vertex-ai
2026-09-07 21:38:35,903 INFO google_genai.models: AFC is enabled with max remote calls: 10.
2026-09-07 21:38:36,313 INFO httpx: HTTP Request: POST https://us-central1-aiplatform.googleapis.com/v1beta1/projects/project-bf21b155-6b73-4230-8ef/locations/us-central1/publishers/google/models/gemini-2.5-flash:generateContent "HTTP/1.1 429 Too Many Requests"
2026-09-07 21:38:36,314 WARNING crawler.llm.vertex_provider: Vertex AI lỗi tạm thời (lần 1/6), đợi 2.7s rồi thử lại: 429 RESOURCE_EXHAUSTED. {'error': {'code': 429, 'message': 'Resource exhausted. Please try again later. Please refer to 
2026-09-07 21:38:39,040 INFO google_genai.models: AFC is enabled with max remote calls: 10.
2026-09-07 21:38:39,385 INFO httpx: HTTP Request: POST https://us-central1-aiplatform.googleapis.com/v1beta1/projects/project-bf21b155-6b73-4230-8ef/locations/us-central1/publishers/google/models/gemini-2.5-flash:generateContent "HTTP/1.1 429 Too Many Requests"
2026-09-07 21:38:39,386 WARNING crawler.llm.vertex_provider: Vertex AI lỗi tạm thời (lần 2/6), đợi 4.6s rồi thử lại: 429 RESOURCE_EXHAUSTED. {'error': {'code': 429, 'message': 'Resource exhausted. Please try again later. Please refer to 
2026-09-07 21:38:39,993 INFO crawler.fetch.stealth_fetch: Server phản ứng chậm/từ chối - giãn nhịp fetch lên 1.0s
2026-09-07 21:38:42,896 INFO google_genai.models: AFC is enabled with max remote calls: 10.
2026-09-07 21:38:43,197 INFO httpx: HTTP Request: POST https://us-central1-aiplatform.googleapis.com/v1beta1/projects/project-bf21b155-6b73-4230-8ef/locations/us-central1/publishers/google/models/gemini-2.5-flash:generateContent "HTTP/1.1 429 Too Many Requests"
2026-09-07 21:38:43,202 WARNING crawler.llm.vertex_provider: Vertex AI lỗi tạm thời (lần 4/6), đợi 16.7s rồi thử lại: 429 RESOURCE_EXHAUSTED. {'error': {'code': 429, 'message': 'Resource exhausted. Please try again later. Please refer to 
2026-09-07 21:38:43,983 INFO google_genai.models: AFC is enabled with max remote calls: 10.
2026-09-07 21:38:44,281 INFO httpx: HTTP Request: POST https://us-central1-aiplatform.googleapis.com/v1beta1/projects/project-bf21b155-6b73-4230-8ef/locations/us-central1/publishers/google/models/gemini-2.5-flash:generateContent "HTTP/1.1 429 Too Many Requests"
2026-09-07 21:38:44,285 WARNING crawler.llm.vertex_provider: Vertex AI lỗi tạm thời (lần 3/6), đợi 8.1s rồi thử lại: 429 RESOURCE_EXHAUSTED. {'error': {'code': 429, 'message': 'Resource exhausted. Please try again later. Please refer to 
2026-09-07 21:38:49,424 INFO google_genai.models: AFC is enabled with max remote calls: 10.
2026-09-07 21:38:50,681 INFO httpx: HTTP Request: POST https://us-central1-aiplatform.googleapis.com/v1beta1/projects/project-bf21b155-6b73-4230-8ef/locations/us-central1/publishers/google/models/gemini-2.5-flash:generateContent "HTTP/1.1 429 Too Many Requests"
2026-09-07 21:38:50,683 WARNING crawler.llm.vertex_provider: Vertex AI lỗi tạm thời (lần 5/6), đợi 32.6s rồi thử lại: 429 RESOURCE_EXHAUSTED. {'error': {'code': 429, 'message': 'Resource exhausted. Please try again later. Please refer to 
2026-09-07 21:38:52,345 INFO google_genai.models: AFC is enabled with max remote calls: 10.
2026-09-07 21:38:52,663 INFO httpx: HTTP Request: POST https://us-central1-aiplatform.googleapis.com/v1beta1/projects/project-bf21b155-6b73-4230-8ef/locations/us-central1/publishers/google/models/gemini-2.5-flash:generateContent "HTTP/1.1 429 Too Many Requests"
2026-09-07 21:38:52,664 WARNING crawler.llm.vertex_provider: Vertex AI lỗi tạm thời (lần 4/6), đợi 16.1s rồi thử lại: 429 RESOURCE_EXHAUSTED. {'error': {'code': 429, 'message': 'Resource exhausted. Please try again later. Please refer to 
2026-09-07 21:38:59,893 INFO google_genai.models: AFC is enabled with max remote calls: 10.
2026-09-07 21:39:02,182 INFO httpx: HTTP Request: POST https://us-central1-aiplatform.googleapis.com/v1beta1/projects/project-bf21b155-6b73-4230-8ef/locations/us-central1/publishers/google/models/gemini-2.5-flash:generateContent "HTTP/1.1 200 OK"
2026-09-07 21:39:02,568 INFO crawler.llm.fallback: Gọi LLM provider: vertex-ai
2026-09-07 21:39:02,568 INFO google_genai.models: AFC is enabled with max remote calls: 10.
2026-09-07 21:39:03,262 INFO httpx: HTTP Request: POST https://us-central1-aiplatform.googleapis.com/v1beta1/projects/project-bf21b155-6b73-4230-8ef/locations/us-central1/publishers/google/models/gemini-2.5-flash:generateContent "HTTP/1.1 200 OK"
2026-09-07 21:39:03,393 INFO crawler.llm.fallback: Gọi LLM provider: vertex-ai
2026-09-07 21:39:03,393 INFO google_genai.models: AFC is enabled with max remote calls: 10.
2026-09-07 21:39:04,735 INFO httpx: HTTP Request: POST https://us-central1-aiplatform.googleapis.com/v1beta1/projects/project-bf21b155-6b73-4230-8ef/locations/us-central1/publishers/google/models/gemini-2.5-flash:generateContent "HTTP/1.1 200 OK"
2026-09-07 21:39:04,853 INFO crawler.llm.fallback: Gọi LLM provider: vertex-ai
2026-09-07 21:39:04,854 INFO google_genai.models: AFC is enabled with max remote calls: 10.
2026-09-07 21:39:04,859 INFO httpx: HTTP Request: POST https://us-central1-aiplatform.googleapis.com/v1beta1/projects/project-bf21b155-6b73-4230-8ef/locations/us-central1/publishers/google/models/gemini-2.5-flash:generateContent "HTTP/1.1 200 OK"
2026-09-07 21:39:05,006 INFO crawler.llm.fallback: Gọi LLM provider: vertex-ai
2026-09-07 21:39:05,006 INFO google_genai.models: AFC is enabled with max remote calls: 10.
2026-09-07 21:39:06,522 INFO httpx: HTTP Request: POST https://us-central1-aiplatform.googleapis.com/v1beta1/projects/project-bf21b155-6b73-4230-8ef/locations/us-central1/publishers/google/models/gemini-2.5-flash:generateContent "HTTP/1.1 200 OK"
2026-09-07 21:39:06,644 INFO crawler.llm.fallback: Gọi LLM provider: vertex-ai
2026-09-07 21:39:06,644 INFO google_genai.models: AFC is enabled with max remote calls: 10.
2026-09-07 21:39:06,827 INFO httpx: HTTP Request: POST https://us-central1-aiplatform.googleapis.com/v1beta1/projects/project-bf21b155-6b73-4230-8ef/locations/us-central1/publishers/google/models/gemini-2.5-flash:generateContent "HTTP/1.1 200 OK"
2026-09-07 21:39:06,940 INFO crawler.llm.fallback: Gọi LLM provider: vertex-ai
2026-09-07 21:39:06,940 INFO google_genai.models: AFC is enabled with max remote calls: 10.
2026-09-07 21:39:08,160 INFO httpx: HTTP Request: POST https://us-central1-aiplatform.googleapis.com/v1beta1/projects/project-bf21b155-6b73-4230-8ef/locations/us-central1/publishers/google/models/gemini-2.5-flash:generateContent "HTTP/1.1 200 OK"
2026-09-07 21:39:08,267 INFO crawler.llm.fallback: Gọi LLM provider: vertex-ai
2026-09-07 21:39:08,267 INFO google_genai.models: AFC is enabled with max remote calls: 10.
2026-09-07 21:39:08,748 INFO google_genai.models: AFC is enabled with max remote calls: 10.
2026-09-07 21:39:08,870 INFO httpx: HTTP Request: POST https://us-central1-aiplatform.googleapis.com/v1beta1/projects/project-bf21b155-6b73-4230-8ef/locations/us-central1/publishers/google/models/gemini-2.5-flash:generateContent "HTTP/1.1 200 OK"
2026-09-07 21:39:08,993 INFO crawler.llm.fallback: Gọi LLM provider: vertex-ai
2026-09-07 21:39:08,993 INFO google_genai.models: AFC is enabled with max remote calls: 10.
2026-09-07 21:39:09,296 INFO httpx: HTTP Request: POST https://us-central1-aiplatform.googleapis.com/v1beta1/projects/project-bf21b155-6b73-4230-8ef/locations/us-central1/publishers/google/models/gemini-2.5-flash:generateContent "HTTP/1.1 429 Too Many Requests"
2026-09-07 21:39:09,300 WARNING crawler.llm.vertex_provider: Vertex AI lỗi tạm thời (lần 1/6), đợi 2.4s rồi thử lại: 429 RESOURCE_EXHAUSTED. {'error': {'code': 429, 'message': 'Resource exhausted. Please try again later. Please refer to 
2026-09-07 21:39:10,127 INFO httpx: HTTP Request: POST https://us-central1-aiplatform.googleapis.com/v1beta1/projects/project-bf21b155-6b73-4230-8ef/locations/us-central1/publishers/google/models/gemini-2.5-flash:generateContent "HTTP/1.1 200 OK"
2026-09-07 21:39:10,289 INFO crawler.llm.fallback: Gọi LLM provider: vertex-ai
2026-09-07 21:39:10,289 INFO google_genai.models: AFC is enabled with max remote calls: 10.
2026-09-07 21:39:10,596 INFO httpx: HTTP Request: POST https://us-central1-aiplatform.googleapis.com/v1beta1/projects/project-bf21b155-6b73-4230-8ef/locations/us-central1/publishers/google/models/gemini-2.5-flash:generateContent "HTTP/1.1 429 Too Many Requests"
2026-09-07 21:39:10,603 WARNING crawler.llm.vertex_provider: Vertex AI lỗi tạm thời (lần 1/6), đợi 2.9s rồi thử lại: 429 RESOURCE_EXHAUSTED. {'error': {'code': 429, 'message': 'Resource exhausted. Please try again later. Please refer to 
2026-09-07 21:39:11,698 INFO google_genai.models: AFC is enabled with max remote calls: 10.
2026-09-07 21:39:11,825 INFO httpx: HTTP Request: POST https://us-central1-aiplatform.googleapis.com/v1beta1/projects/project-bf21b155-6b73-4230-8ef/locations/us-central1/publishers/google/models/gemini-2.5-flash:generateContent "HTTP/1.1 200 OK"
2026-09-07 21:39:11,881 WARNING crawler.pipeline: Fetch thất bại cho https://duhal.com.vn/den-led-downlight-chieu-sau-bong-chen-mat-ech-10w-dfc5101.html: None
2026-09-07 21:39:12,138 INFO httpx: HTTP Request: POST https://us-central1-aiplatform.googleapis.com/v1beta1/projects/project-bf21b155-6b73-4230-8ef/locations/us-central1/publishers/google/models/gemini-2.5-flash:generateContent "HTTP/1.1 429 Too Many Requests"
2026-09-07 21:39:12,140 WARNING crawler.llm.vertex_provider: Vertex AI lỗi tạm thời (lần 2/6), đợi 4.8s rồi thử lại: 429 RESOURCE_EXHAUSTED. {'error': {'code': 429, 'message': 'Resource exhausted. Please try again later. Please refer to 
2026-09-07 21:39:12,146 INFO crawler.llm.fallback: Gọi LLM provider: vertex-ai
2026-09-07 21:39:12,147 INFO google_genai.models: AFC is enabled with max remote calls: 10.
2026-09-07 21:39:13,489 INFO google_genai.models: AFC is enabled with max remote calls: 10.
2026-09-07 21:39:13,632 INFO httpx: HTTP Request: POST https://us-central1-aiplatform.googleapis.com/v1beta1/projects/project-bf21b155-6b73-4230-8ef/locations/us-central1/publishers/google/models/gemini-2.5-flash:generateContent "HTTP/1.1 200 OK"
2026-09-07 21:39:13,745 INFO crawler.llm.fallback: Gọi LLM provider: vertex-ai
2026-09-07 21:39:13,745 INFO google_genai.models: AFC is enabled with max remote calls: 10.
2026-09-07 21:39:14,099 INFO httpx: HTTP Request: POST https://us-central1-aiplatform.googleapis.com/v1beta1/projects/project-bf21b155-6b73-4230-8ef/locations/us-central1/publishers/google/models/gemini-2.5-flash:generateContent "HTTP/1.1 429 Too Many Requests"
2026-09-07 21:39:14,104 WARNING crawler.llm.vertex_provider: Vertex AI lỗi tạm thời (lần 1/6), đợi 2.5s rồi thử lại: 429 RESOURCE_EXHAUSTED. {'error': {'code': 429, 'message': 'Resource exhausted. Please try again later. Please refer to 
2026-09-07 21:39:16,585 INFO google_genai.models: AFC is enabled with max remote calls: 10.
2026-09-07 21:39:16,779 INFO crawler.fetch.stealth_fetch: Server phản ứng chậm/từ chối - giãn nhịp fetch lên 1.0s
2026-09-07 21:39:16,926 INFO google_genai.models: AFC is enabled with max remote calls: 10.
2026-09-07 21:39:17,785 INFO httpx: HTTP Request: POST https://us-central1-aiplatform.googleapis.com/v1beta1/projects/project-bf21b155-6b73-4230-8ef/locations/us-central1/publishers/google/models/gemini-2.5-flash:generateContent "HTTP/1.1 200 OK"
2026-09-07 21:39:17,923 INFO crawler.llm.fallback: Gọi LLM provider: vertex-ai
2026-09-07 21:39:17,923 INFO google_genai.models: AFC is enabled with max remote calls: 10.
2026-09-07 21:39:18,297 INFO httpx: HTTP Request: POST https://us-central1-aiplatform.googleapis.com/v1beta1/projects/project-bf21b155-6b73-4230-8ef/locations/us-central1/publishers/google/models/gemini-2.5-flash:generateContent "HTTP/1.1 200 OK"
2026-09-07 21:39:18,466 INFO crawler.llm.fallback: Gọi LLM provider: vertex-ai
2026-09-07 21:39:18,467 INFO google_genai.models: AFC is enabled with max remote calls: 10.
2026-09-07 21:39:19,313 INFO httpx: HTTP Request: POST https://us-central1-aiplatform.googleapis.com/v1beta1/projects/project-bf21b155-6b73-4230-8ef/locations/us-central1/publishers/google/models/gemini-2.5-flash:generateContent "HTTP/1.1 200 OK"
2026-09-07 21:39:19,522 INFO crawler.llm.fallback: Gọi LLM provider: vertex-ai
2026-09-07 21:39:19,523 INFO google_genai.models: AFC is enabled with max remote calls: 10.
2026-09-07 21:39:19,948 INFO httpx: HTTP Request: POST https://us-central1-aiplatform.googleapis.com/v1beta1/projects/project-bf21b155-6b73-4230-8ef/locations/us-central1/publishers/google/models/gemini-2.5-flash:generateContent "HTTP/1.1 200 OK"
2026-09-07 21:39:20,125 INFO crawler.llm.fallback: Gọi LLM provider: vertex-ai
2026-09-07 21:39:20,126 INFO google_genai.models: AFC is enabled with max remote calls: 10.
2026-09-07 21:39:20,135 INFO httpx: HTTP Request: POST https://us-central1-aiplatform.googleapis.com/v1beta1/projects/project-bf21b155-6b73-4230-8ef/locations/us-central1/publishers/google/models/gemini-2.5-flash:generateContent "HTTP/1.1 200 OK"
2026-09-07 21:39:20,333 INFO crawler.llm.fallback: Gọi LLM provider: vertex-ai
2026-09-07 21:39:20,333 INFO google_genai.models: AFC is enabled with max remote calls: 10.
2026-09-07 21:39:20,420 INFO httpx: HTTP Request: POST https://us-central1-aiplatform.googleapis.com/v1beta1/projects/project-bf21b155-6b73-4230-8ef/locations/us-central1/publishers/google/models/gemini-2.5-flash:generateContent "HTTP/1.1 429 Too Many Requests"
2026-09-07 21:39:20,422 WARNING crawler.llm.vertex_provider: Vertex AI lỗi tạm thời (lần 1/6), đợi 2.8s rồi thử lại: 429 RESOURCE_EXHAUSTED. {'error': {'code': 429, 'message': 'Resource exhausted. Please try again later. Please refer to 
2026-09-07 21:39:20,624 INFO httpx: HTTP Request: POST https://us-central1-aiplatform.googleapis.com/v1beta1/projects/project-bf21b155-6b73-4230-8ef/locations/us-central1/publishers/google/models/gemini-2.5-flash:generateContent "HTTP/1.1 429 Too Many Requests"
2026-09-07 21:39:20,631 WARNING crawler.llm.vertex_provider: Vertex AI lỗi tạm thời (lần 1/6), đợi 2.4s rồi thử lại: 429 RESOURCE_EXHAUSTED. {'error': {'code': 429, 'message': 'Resource exhausted. Please try again later. Please refer to 
2026-09-07 21:39:20,921 INFO httpx: HTTP Request: POST https://us-central1-aiplatform.googleapis.com/v1beta1/projects/project-bf21b155-6b73-4230-8ef/locations/us-central1/publishers/google/models/gemini-2.5-flash:generateContent "HTTP/1.1 200 OK"
2026-09-07 21:39:21,040 INFO crawler.llm.fallback: Gọi LLM provider: vertex-ai
2026-09-07 21:39:21,040 INFO google_genai.models: AFC is enabled with max remote calls: 10.
2026-09-07 21:39:21,332 INFO httpx: HTTP Request: POST https://us-central1-aiplatform.googleapis.com/v1beta1/projects/project-bf21b155-6b73-4230-8ef/locations/us-central1/publishers/google/models/gemini-2.5-flash:generateContent "HTTP/1.1 429 Too Many Requests"
2026-09-07 21:39:21,344 WARNING crawler.llm.vertex_provider: Vertex AI lỗi tạm thời (lần 1/6), đợi 2.5s rồi thử lại: 429 RESOURCE_EXHAUSTED. {'error': {'code': 429, 'message': 'Resource exhausted. Please try again later. Please refer to 
2026-09-07 21:39:23,059 INFO google_genai.models: AFC is enabled with max remote calls: 10.
2026-09-07 21:39:23,190 INFO google_genai.models: AFC is enabled with max remote calls: 10.
2026-09-07 21:39:23,311 INFO google_genai.models: AFC is enabled with max remote calls: 10.
2026-09-07 21:39:23,354 INFO httpx: HTTP Request: POST https://us-central1-aiplatform.googleapis.com/v1beta1/projects/project-bf21b155-6b73-4230-8ef/locations/us-central1/publishers/google/models/gemini-2.5-flash:generateContent "HTTP/1.1 429 Too Many Requests"
2026-09-07 21:39:23,359 WARNING crawler.llm.vertex_provider: Vertex AI lỗi tạm thời (lần 2/6), đợi 4.2s rồi thử lại: 429 RESOURCE_EXHAUSTED. {'error': {'code': 429, 'message': 'Resource exhausted. Please try again later. Please refer to 
2026-09-07 21:39:23,526 INFO httpx: HTTP Request: POST https://us-central1-aiplatform.googleapis.com/v1beta1/projects/project-bf21b155-6b73-4230-8ef/locations/us-central1/publishers/google/models/gemini-2.5-flash:generateContent "HTTP/1.1 429 Too Many Requests"
2026-09-07 21:39:23,527 WARNING crawler.llm.vertex_provider: Vertex AI lỗi tạm thời (lần 2/6), đợi 4.3s rồi thử lại: 429 RESOURCE_EXHAUSTED. {'error': {'code': 429, 'message': 'Resource exhausted. Please try again later. Please refer to 
2026-09-07 21:39:23,871 INFO google_genai.models: AFC is enabled with max remote calls: 10.
2026-09-07 21:39:25,078 INFO httpx: HTTP Request: POST https://us-central1-aiplatform.googleapis.com/v1beta1/projects/project-bf21b155-6b73-4230-8ef/locations/us-central1/publishers/google/models/gemini-2.5-flash:generateContent "HTTP/1.1 200 OK"
2026-09-07 21:39:25,101 INFO httpx: HTTP Request: POST https://us-central1-aiplatform.googleapis.com/v1beta1/projects/project-bf21b155-6b73-4230-8ef/locations/us-central1/publishers/google/models/gemini-2.5-flash:generateContent "HTTP/1.1 200 OK"
2026-09-07 21:39:25,351 INFO crawler.llm.fallback: Gọi LLM provider: vertex-ai
2026-09-07 21:39:25,351 INFO google_genai.models: AFC is enabled with max remote calls: 10.
2026-09-07 21:39:25,377 INFO crawler.llm.fallback: Gọi LLM provider: vertex-ai
2026-09-07 21:39:25,377 INFO google_genai.models: AFC is enabled with max remote calls: 10.
2026-09-07 21:39:25,651 INFO httpx: HTTP Request: POST https://us-central1-aiplatform.googleapis.com/v1beta1/projects/project-bf21b155-6b73-4230-8ef/locations/us-central1/publishers/google/models/gemini-2.5-flash:generateContent "HTTP/1.1 429 Too Many Requests"
2026-09-07 21:39:25,652 WARNING crawler.llm.vertex_provider: Vertex AI lỗi tạm thời (lần 1/6), đợi 2.0s rồi thử lại: 429 RESOURCE_EXHAUSTED. {'error': {'code': 429, 'message': 'Resource exhausted. Please try again later. Please refer to 
2026-09-07 21:39:25,714 INFO httpx: HTTP Request: POST https://us-central1-aiplatform.googleapis.com/v1beta1/projects/project-bf21b155-6b73-4230-8ef/locations/us-central1/publishers/google/models/gemini-2.5-flash:generateContent "HTTP/1.1 429 Too Many Requests"
2026-09-07 21:39:25,716 WARNING crawler.llm.vertex_provider: Vertex AI lỗi tạm thời (lần 1/6), đợi 2.1s rồi thử lại: 429 RESOURCE_EXHAUSTED. {'error': {'code': 429, 'message': 'Resource exhausted. Please try again later. Please refer to 
2026-09-07 21:39:27,608 INFO google_genai.models: AFC is enabled with max remote calls: 10.
2026-09-07 21:39:27,665 INFO google_genai.models: AFC is enabled with max remote calls: 10.
2026-09-07 21:39:27,794 INFO google_genai.models: AFC is enabled with max remote calls: 10.
2026-09-07 21:39:27,843 INFO google_genai.models: AFC is enabled with max remote calls: 10.
2026-09-07 21:39:27,927 INFO httpx: HTTP Request: POST https://us-central1-aiplatform.googleapis.com/v1beta1/projects/project-bf21b155-6b73-4230-8ef/locations/us-central1/publishers/google/models/gemini-2.5-flash:generateContent "HTTP/1.1 429 Too Many Requests"
2026-09-07 21:39:27,928 WARNING crawler.llm.vertex_provider: Vertex AI lỗi tạm thời (lần 3/6), đợi 8.3s rồi thử lại: 429 RESOURCE_EXHAUSTED. {'error': {'code': 429, 'message': 'Resource exhausted. Please try again later. Please refer to 
2026-09-07 21:39:28,088 INFO httpx: HTTP Request: POST https://us-central1-aiplatform.googleapis.com/v1beta1/projects/project-bf21b155-6b73-4230-8ef/locations/us-central1/publishers/google/models/gemini-2.5-flash:generateContent "HTTP/1.1 429 Too Many Requests"
2026-09-07 21:39:28,092 WARNING crawler.llm.vertex_provider: Vertex AI lỗi tạm thời (lần 2/6), đợi 4.7s rồi thử lại: 429 RESOURCE_EXHAUSTED. {'error': {'code': 429, 'message': 'Resource exhausted. Please try again later. Please refer to 
2026-09-07 21:39:29,059 INFO httpx: HTTP Request: POST https://us-central1-aiplatform.googleapis.com/v1beta1/projects/project-bf21b155-6b73-4230-8ef/locations/us-central1/publishers/google/models/gemini-2.5-flash:generateContent "HTTP/1.1 200 OK"
2026-09-07 21:39:29,089 INFO httpx: HTTP Request: POST https://us-central1-aiplatform.googleapis.com/v1beta1/projects/project-bf21b155-6b73-4230-8ef/locations/us-central1/publishers/google/models/gemini-2.5-flash:generateContent "HTTP/1.1 429 Too Many Requests"
2026-09-07 21:39:29,105 WARNING crawler.llm.vertex_provider: Vertex AI lỗi tạm thời (lần 3/6), đợi 8.1s rồi thử lại: 429 RESOURCE_EXHAUSTED. {'error': {'code': 429, 'message': 'Resource exhausted. Please try again later. Please refer to 
2026-09-07 21:39:29,530 INFO crawler.llm.fallback: Gọi LLM provider: vertex-ai
2026-09-07 21:39:29,531 INFO google_genai.models: AFC is enabled with max remote calls: 10.
2026-09-07 21:39:29,833 INFO httpx: HTTP Request: POST https://us-central1-aiplatform.googleapis.com/v1beta1/projects/project-bf21b155-6b73-4230-8ef/locations/us-central1/publishers/google/models/gemini-2.5-flash:generateContent "HTTP/1.1 429 Too Many Requests"
2026-09-07 21:39:29,837 WARNING crawler.llm.vertex_provider: Vertex AI lỗi tạm thời (lần 1/6), đợi 2.6s rồi thử lại: 429 RESOURCE_EXHAUSTED. {'error': {'code': 429, 'message': 'Resource exhausted. Please try again later. Please refer to 
2026-09-07 21:39:32,408 INFO google_genai.models: AFC is enabled with max remote calls: 10.
2026-09-07 21:39:32,737 INFO httpx: HTTP Request: POST https://us-central1-aiplatform.googleapis.com/v1beta1/projects/project-bf21b155-6b73-4230-8ef/locations/us-central1/publishers/google/models/gemini-2.5-flash:generateContent "HTTP/1.1 429 Too Many Requests"
2026-09-07 21:39:32,742 WARNING crawler.llm.vertex_provider: Vertex AI lỗi tạm thời (lần 2/6), đợi 4.3s rồi thử lại: 429 RESOURCE_EXHAUSTED. {'error': {'code': 429, 'message': 'Resource exhausted. Please try again later. Please refer to 
2026-09-07 21:39:32,787 INFO google_genai.models: AFC is enabled with max remote calls: 10.
2026-09-07 21:39:33,085 INFO httpx: HTTP Request: POST https://us-central1-aiplatform.googleapis.com/v1beta1/projects/project-bf21b155-6b73-4230-8ef/locations/us-central1/publishers/google/models/gemini-2.5-flash:generateContent "HTTP/1.1 429 Too Many Requests"
2026-09-07 21:39:33,089 WARNING crawler.llm.vertex_provider: Vertex AI lỗi tạm thời (lần 3/6), đợi 8.9s rồi thử lại: 429 RESOURCE_EXHAUSTED. {'error': {'code': 429, 'message': 'Resource exhausted. Please try again later. Please refer to 
2026-09-07 21:39:36,255 INFO google_genai.models: AFC is enabled with max remote calls: 10.
2026-09-07 21:39:36,553 INFO httpx: HTTP Request: POST https://us-central1-aiplatform.googleapis.com/v1beta1/projects/project-bf21b155-6b73-4230-8ef/locations/us-central1/publishers/google/models/gemini-2.5-flash:generateContent "HTTP/1.1 429 Too Many Requests"
2026-09-07 21:39:36,557 WARNING crawler.llm.vertex_provider: Vertex AI lỗi tạm thời (lần 4/6), đợi 16.9s rồi thử lại: 429 RESOURCE_EXHAUSTED. {'error': {'code': 429, 'message': 'Resource exhausted. Please try again later. Please refer to 
2026-09-07 21:39:37,043 INFO google_genai.models: AFC is enabled with max remote calls: 10.
2026-09-07 21:39:37,228 INFO google_genai.models: AFC is enabled with max remote calls: 10.
2026-09-07 21:39:37,334 INFO httpx: HTTP Request: POST https://us-central1-aiplatform.googleapis.com/v1beta1/projects/project-bf21b155-6b73-4230-8ef/locations/us-central1/publishers/google/models/gemini-2.5-flash:generateContent "HTTP/1.1 429 Too Many Requests"
2026-09-07 21:39:37,339 WARNING crawler.llm.vertex_provider: Vertex AI lỗi tạm thời (lần 3/6), đợi 8.6s rồi thử lại: 429 RESOURCE_EXHAUSTED. {'error': {'code': 429, 'message': 'Resource exhausted. Please try again later. Please refer to 
2026-09-07 21:39:42,012 INFO google_genai.models: AFC is enabled with max remote calls: 10.
2026-09-07 21:39:42,361 INFO httpx: HTTP Request: POST https://us-central1-aiplatform.googleapis.com/v1beta1/projects/project-bf21b155-6b73-4230-8ef/locations/us-central1/publishers/google/models/gemini-2.5-flash:generateContent "HTTP/1.1 429 Too Many Requests"
2026-09-07 21:39:42,362 WARNING crawler.llm.vertex_provider: Vertex AI lỗi tạm thời (lần 4/6), đợi 16.3s rồi thử lại: 429 RESOURCE_EXHAUSTED. {'error': {'code': 429, 'message': 'Resource exhausted. Please try again later. Please refer to 
2026-09-07 21:39:45,936 INFO google_genai.models: AFC is enabled with max remote calls: 10.
2026-09-07 21:39:46,355 INFO httpx: HTTP Request: POST https://us-central1-aiplatform.googleapis.com/v1beta1/projects/project-bf21b155-6b73-4230-8ef/locations/us-central1/publishers/google/models/gemini-2.5-flash:generateContent "HTTP/1.1 429 Too Many Requests"
2026-09-07 21:39:46,356 WARNING crawler.llm.vertex_provider: Vertex AI lỗi tạm thời (lần 4/6), đợi 16.1s rồi thử lại: 429 RESOURCE_EXHAUSTED. {'error': {'code': 429, 'message': 'Resource exhausted. Please try again later. Please refer to 
2026-09-07 21:39:53,428 INFO google_genai.models: AFC is enabled with max remote calls: 10.
2026-09-07 21:39:55,781 INFO httpx: HTTP Request: POST https://us-central1-aiplatform.googleapis.com/v1beta1/projects/project-bf21b155-6b73-4230-8ef/locations/us-central1/publishers/google/models/gemini-2.5-flash:generateContent "HTTP/1.1 200 OK"
2026-09-07 21:39:55,893 INFO crawler.llm.fallback: Gọi LLM provider: vertex-ai
2026-09-07 21:39:55,893 INFO google_genai.models: AFC is enabled with max remote calls: 10.
2026-09-07 21:39:57,920 INFO httpx: HTTP Request: POST https://us-central1-aiplatform.googleapis.com/v1beta1/projects/project-bf21b155-6b73-4230-8ef/locations/us-central1/publishers/google/models/gemini-2.5-flash:generateContent "HTTP/1.1 200 OK"
2026-09-07 21:39:58,030 INFO crawler.llm.fallback: Gọi LLM provider: vertex-ai
2026-09-07 21:39:58,030 INFO google_genai.models: AFC is enabled with max remote calls: 10.
2026-09-07 21:39:58,635 INFO google_genai.models: AFC is enabled with max remote calls: 10.
2026-09-07 21:39:59,769 INFO httpx: HTTP Request: POST https://us-central1-aiplatform.googleapis.com/v1beta1/projects/project-bf21b155-6b73-4230-8ef/locations/us-central1/publishers/google/models/gemini-2.5-flash:generateContent "HTTP/1.1 200 OK"
2026-09-07 21:39:59,876 INFO crawler.llm.fallback: Gọi LLM provider: vertex-ai
2026-09-07 21:39:59,877 INFO google_genai.models: AFC is enabled with max remote calls: 10.
2026-09-07 21:40:00,760 INFO crawler.fetch.stealth_fetch: Server phản ứng chậm/từ chối - giãn nhịp fetch lên 1.0s
2026-09-07 21:40:01,511 INFO httpx: HTTP Request: POST https://us-central1-aiplatform.googleapis.com/v1beta1/projects/project-bf21b155-6b73-4230-8ef/locations/us-central1/publishers/google/models/gemini-2.5-flash:generateContent "HTTP/1.1 200 OK"
2026-09-07 21:40:01,627 INFO crawler.llm.fallback: Gọi LLM provider: vertex-ai
2026-09-07 21:40:01,627 INFO google_genai.models: AFC is enabled with max remote calls: 10.
2026-09-07 21:40:01,752 INFO httpx: HTTP Request: POST https://us-central1-aiplatform.googleapis.com/v1beta1/projects/project-bf21b155-6b73-4230-8ef/locations/us-central1/publishers/google/models/gemini-2.5-flash:generateContent "HTTP/1.1 200 OK"
2026-09-07 21:40:01,881 INFO crawler.llm.fallback: Gọi LLM provider: vertex-ai
2026-09-07 21:40:01,881 INFO google_genai.models: AFC is enabled with max remote calls: 10.
2026-09-07 21:40:02,482 INFO google_genai.models: AFC is enabled with max remote calls: 10.
2026-09-07 21:40:03,863 INFO httpx: HTTP Request: POST https://us-central1-aiplatform.googleapis.com/v1beta1/projects/project-bf21b155-6b73-4230-8ef/locations/us-central1/publishers/google/models/gemini-2.5-flash:generateContent "HTTP/1.1 200 OK"
2026-09-07 21:40:03,871 INFO crawler.llm.validate: Bỏ tag không có căn cứ trong nguồn: quy_cach='null'
2026-09-07 21:40:03,896 INFO httpx: HTTP Request: POST https://us-central1-aiplatform.googleapis.com/v1beta1/projects/project-bf21b155-6b73-4230-8ef/locations/us-central1/publishers/google/models/gemini-2.5-flash:generateContent "HTTP/1.1 200 OK"
2026-09-07 21:40:04,275 INFO crawler.llm.fallback: Gọi LLM provider: vertex-ai
2026-09-07 21:40:04,276 INFO google_genai.models: AFC is enabled with max remote calls: 10.
2026-09-07 21:40:04,292 INFO crawler.llm.fallback: Gọi LLM provider: vertex-ai
2026-09-07 21:40:04,293 INFO google_genai.models: AFC is enabled with max remote calls: 10.
2026-09-07 21:40:05,787 INFO httpx: HTTP Request: POST https://us-central1-aiplatform.googleapis.com/v1beta1/projects/project-bf21b155-6b73-4230-8ef/locations/us-central1/publishers/google/models/gemini-2.5-flash:generateContent "HTTP/1.1 200 OK"
2026-09-07 21:40:05,886 ERROR extruct._extruct: Failed to extract json-ld, raises Expecting ',' delimiter: line 8 column 23 (char 371)
Traceback (most recent call last):
  File "/home/tdh/Intern/rivals_crawl/.venv/lib/python3.11/site-packages/extruct/jsonld.py", line 39, in _extract_items
    data = json.loads(script, strict=False)
           ^^^^^^^^^^^^^^^^^^^^^^^^^^^^^^^^
  File "/home/tdh/.local/share/uv/python/cpython-3.11.15-linux-x86_64-gnu/lib/python3.11/json/__init__.py", line 359, in loads
    return cls(**kw).decode(s)
           ^^^^^^^^^^^^^^^^^^^
  File "/home/tdh/.local/share/uv/python/cpython-3.11.15-linux-x86_64-gnu/lib/python3.11/json/decoder.py", line 337, in decode
    obj, end = self.raw_decode(s, idx=_w(s, 0).end())
               ^^^^^^^^^^^^^^^^^^^^^^^^^^^^^^^^^^^^^^
  File "/home/tdh/.local/share/uv/python/cpython-3.11.15-linux-x86_64-gnu/lib/python3.11/json/decoder.py", line 353, in raw_decode
    obj, end = self.scan_once(s, idx)
               ^^^^^^^^^^^^^^^^^^^^^^
json.decoder.JSONDecodeError: Expecting ',' delimiter: line 8 column 23 (char 371)

During handling of the above exception, another exception occurred:

Traceback (most recent call last):
  File "/home/tdh/Intern/rivals_crawl/.venv/lib/python3.11/site-packages/extruct/_extruct.py", line 131, in extract
    output[syntax] = list(extract(document, base_url=base_url))
                          ^^^^^^^^^^^^^^^^^^^^^^^^^^^^^^^^^^^^
  File "/home/tdh/Intern/rivals_crawl/.venv/lib/python3.11/site-packages/extruct/jsonld.py", line 27, in extract_items
    return [
           ^
  File "/home/tdh/Intern/rivals_crawl/.venv/lib/python3.11/site-packages/extruct/jsonld.py", line 27, in <listcomp>
    return [
           ^
  File "/home/tdh/Intern/rivals_crawl/.venv/lib/python3.11/site-packages/extruct/jsonld.py", line 42, in _extract_items
    data = jstyleson.loads(HTML_OR_JS_COMMENTLINE.sub("", script), strict=False)
           ^^^^^^^^^^^^^^^^^^^^^^^^^^^^^^^^^^^^^^^^^^^^^^^^^^^^^^^^^^^^^^^^^^^^^
  File "/home/tdh/Intern/rivals_crawl/.venv/lib/python3.11/site-packages/jstyleson.py", line 123, in loads
    return json.loads(dispose(text), **kwargs)
           ^^^^^^^^^^^^^^^^^^^^^^^^^^^^^^^^^^^
  File "/home/tdh/.local/share/uv/python/cpython-3.11.15-linux-x86_64-gnu/lib/python3.11/json/__init__.py", line 359, in loads
    return cls(**kw).decode(s)
           ^^^^^^^^^^^^^^^^^^^
  File "/home/tdh/.local/share/uv/python/cpython-3.11.15-linux-x86_64-gnu/lib/python3.11/json/decoder.py", line 337, in decode
    obj, end = self.raw_decode(s, idx=_w(s, 0).end())
               ^^^^^^^^^^^^^^^^^^^^^^^^^^^^^^^^^^^^^^
  File "/home/tdh/.local/share/uv/python/cpython-3.11.15-linux-x86_64-gnu/lib/python3.11/json/decoder.py", line 353, in raw_decode
    obj, end = self.scan_once(s, idx)
               ^^^^^^^^^^^^^^^^^^^^^^
json.decoder.JSONDecodeError: Expecting ',' delimiter: line 8 column 23 (char 371)
2026-09-07 21:40:05,948 INFO crawler.llm.fallback: Gọi LLM provider: vertex-ai
2026-09-07 21:40:05,949 INFO google_genai.models: AFC is enabled with max remote calls: 10.
2026-09-07 21:40:06,425 INFO httpx: HTTP Request: POST https://us-central1-aiplatform.googleapis.com/v1beta1/projects/project-bf21b155-6b73-4230-8ef/locations/us-central1/publishers/google/models/gemini-2.5-flash:generateContent "HTTP/1.1 200 OK"
2026-09-07 21:40:06,756 ERROR extruct._extruct: Failed to extract json-ld, raises Expecting ',' delimiter: line 8 column 23 (char 371)
Traceback (most recent call last):
  File "/home/tdh/Intern/rivals_crawl/.venv/lib/python3.11/site-packages/extruct/jsonld.py", line 39, in _extract_items
    data = json.loads(script, strict=False)
           ^^^^^^^^^^^^^^^^^^^^^^^^^^^^^^^^
  File "/home/tdh/.local/share/uv/python/cpython-3.11.15-linux-x86_64-gnu/lib/python3.11/json/__init__.py", line 359, in loads
    return cls(**kw).decode(s)
           ^^^^^^^^^^^^^^^^^^^
  File "/home/tdh/.local/share/uv/python/cpython-3.11.15-linux-x86_64-gnu/lib/python3.11/json/decoder.py", line 337, in decode
    obj, end = self.raw_decode(s, idx=_w(s, 0).end())
               ^^^^^^^^^^^^^^^^^^^^^^^^^^^^^^^^^^^^^^
  File "/home/tdh/.local/share/uv/python/cpython-3.11.15-linux-x86_64-gnu/lib/python3.11/json/decoder.py", line 353, in raw_decode
    obj, end = self.scan_once(s, idx)
               ^^^^^^^^^^^^^^^^^^^^^^
json.decoder.JSONDecodeError: Expecting ',' delimiter: line 8 column 23 (char 371)

During handling of the above exception, another exception occurred:

Traceback (most recent call last):
  File "/home/tdh/Intern/rivals_crawl/.venv/lib/python3.11/site-packages/extruct/_extruct.py", line 131, in extract
    output[syntax] = list(extract(document, base_url=base_url))
                          ^^^^^^^^^^^^^^^^^^^^^^^^^^^^^^^^^^^^
  File "/home/tdh/Intern/rivals_crawl/.venv/lib/python3.11/site-packages/extruct/jsonld.py", line 27, in extract_items
    return [
           ^
  File "/home/tdh/Intern/rivals_crawl/.venv/lib/python3.11/site-packages/extruct/jsonld.py", line 27, in <listcomp>
    return [
           ^
  File "/home/tdh/Intern/rivals_crawl/.venv/lib/python3.11/site-packages/extruct/jsonld.py", line 42, in _extract_items
    data = jstyleson.loads(HTML_OR_JS_COMMENTLINE.sub("", script), strict=False)
           ^^^^^^^^^^^^^^^^^^^^^^^^^^^^^^^^^^^^^^^^^^^^^^^^^^^^^^^^^^^^^^^^^^^^^
  File "/home/tdh/Intern/rivals_crawl/.venv/lib/python3.11/site-packages/jstyleson.py", line 123, in loads
    return json.loads(dispose(text), **kwargs)
           ^^^^^^^^^^^^^^^^^^^^^^^^^^^^^^^^^^^
  File "/home/tdh/.local/share/uv/python/cpython-3.11.15-linux-x86_64-gnu/lib/python3.11/json/__init__.py", line 359, in loads
    return cls(**kw).decode(s)
           ^^^^^^^^^^^^^^^^^^^
  File "/home/tdh/.local/share/uv/python/cpython-3.11.15-linux-x86_64-gnu/lib/python3.11/json/decoder.py", line 337, in decode
    obj, end = self.raw_decode(s, idx=_w(s, 0).end())
               ^^^^^^^^^^^^^^^^^^^^^^^^^^^^^^^^^^^^^^
  File "/home/tdh/.local/share/uv/python/cpython-3.11.15-linux-x86_64-gnu/lib/python3.11/json/decoder.py", line 353, in raw_decode
    obj, end = self.scan_once(s, idx)
               ^^^^^^^^^^^^^^^^^^^^^^
json.decoder.JSONDecodeError: Expecting ',' delimiter: line 8 column 23 (char 371)
2026-09-07 21:40:06,853 INFO crawler.llm.fallback: Gọi LLM provider: vertex-ai
2026-09-07 21:40:06,854 INFO google_genai.models: AFC is enabled with max remote calls: 10.
2026-09-07 21:40:07,176 INFO httpx: HTTP Request: POST https://us-central1-aiplatform.googleapis.com/v1beta1/projects/project-bf21b155-6b73-4230-8ef/locations/us-central1/publishers/google/models/gemini-2.5-flash:generateContent "HTTP/1.1 429 Too Many Requests"
2026-09-07 21:40:07,177 WARNING crawler.llm.vertex_provider: Vertex AI lỗi tạm thời (lần 1/6), đợi 2.4s rồi thử lại: 429 RESOURCE_EXHAUSTED. {'error': {'code': 429, 'message': 'Resource exhausted. Please try again later. Please refer to 
2026-09-07 21:40:08,098 INFO httpx: HTTP Request: POST https://us-central1-aiplatform.googleapis.com/v1beta1/projects/project-bf21b155-6b73-4230-8ef/locations/us-central1/publishers/google/models/gemini-2.5-flash:generateContent "HTTP/1.1 200 OK"
2026-09-07 21:40:08,206 ERROR extruct._extruct: Failed to extract json-ld, raises Expecting ',' delimiter: line 8 column 23 (char 372)
Traceback (most recent call last):
  File "/home/tdh/Intern/rivals_crawl/.venv/lib/python3.11/site-packages/extruct/jsonld.py", line 39, in _extract_items
    data = json.loads(script, strict=False)
           ^^^^^^^^^^^^^^^^^^^^^^^^^^^^^^^^
  File "/home/tdh/.local/share/uv/python/cpython-3.11.15-linux-x86_64-gnu/lib/python3.11/json/__init__.py", line 359, in loads
    return cls(**kw).decode(s)
           ^^^^^^^^^^^^^^^^^^^
  File "/home/tdh/.local/share/uv/python/cpython-3.11.15-linux-x86_64-gnu/lib/python3.11/json/decoder.py", line 337, in decode
    obj, end = self.raw_decode(s, idx=_w(s, 0).end())
               ^^^^^^^^^^^^^^^^^^^^^^^^^^^^^^^^^^^^^^
  File "/home/tdh/.local/share/uv/python/cpython-3.11.15-linux-x86_64-gnu/lib/python3.11/json/decoder.py", line 353, in raw_decode
    obj, end = self.scan_once(s, idx)
               ^^^^^^^^^^^^^^^^^^^^^^
json.decoder.JSONDecodeError: Expecting ',' delimiter: line 8 column 23 (char 372)

During handling of the above exception, another exception occurred:

Traceback (most recent call last):
  File "/home/tdh/Intern/rivals_crawl/.venv/lib/python3.11/site-packages/extruct/_extruct.py", line 131, in extract
    output[syntax] = list(extract(document, base_url=base_url))
                          ^^^^^^^^^^^^^^^^^^^^^^^^^^^^^^^^^^^^
  File "/home/tdh/Intern/rivals_crawl/.venv/lib/python3.11/site-packages/extruct/jsonld.py", line 27, in extract_items
    return [
           ^
  File "/home/tdh/Intern/rivals_crawl/.venv/lib/python3.11/site-packages/extruct/jsonld.py", line 27, in <listcomp>
    return [
           ^
  File "/home/tdh/Intern/rivals_crawl/.venv/lib/python3.11/site-packages/extruct/jsonld.py", line 42, in _extract_items
    data = jstyleson.loads(HTML_OR_JS_COMMENTLINE.sub("", script), strict=False)
           ^^^^^^^^^^^^^^^^^^^^^^^^^^^^^^^^^^^^^^^^^^^^^^^^^^^^^^^^^^^^^^^^^^^^^
  File "/home/tdh/Intern/rivals_crawl/.venv/lib/python3.11/site-packages/jstyleson.py", line 123, in loads
    return json.loads(dispose(text), **kwargs)
           ^^^^^^^^^^^^^^^^^^^^^^^^^^^^^^^^^^^
  File "/home/tdh/.local/share/uv/python/cpython-3.11.15-linux-x86_64-gnu/lib/python3.11/json/__init__.py", line 359, in loads
    return cls(**kw).decode(s)
           ^^^^^^^^^^^^^^^^^^^
  File "/home/tdh/.local/share/uv/python/cpython-3.11.15-linux-x86_64-gnu/lib/python3.11/json/decoder.py", line 337, in decode
    obj, end = self.raw_decode(s, idx=_w(s, 0).end())
               ^^^^^^^^^^^^^^^^^^^^^^^^^^^^^^^^^^^^^^
  File "/home/tdh/.local/share/uv/python/cpython-3.11.15-linux-x86_64-gnu/lib/python3.11/json/decoder.py", line 353, in raw_decode
    obj, end = self.scan_once(s, idx)
               ^^^^^^^^^^^^^^^^^^^^^^
json.decoder.JSONDecodeError: Expecting ',' delimiter: line 8 column 23 (char 372)
2026-09-07 21:40:08,289 INFO crawler.llm.fallback: Gọi LLM provider: vertex-ai
2026-09-07 21:40:08,290 INFO google_genai.models: AFC is enabled with max remote calls: 10.
2026-09-07 21:40:09,589 INFO google_genai.models: AFC is enabled with max remote calls: 10.
2026-09-07 21:40:09,902 INFO httpx: HTTP Request: POST https://us-central1-aiplatform.googleapis.com/v1beta1/projects/project-bf21b155-6b73-4230-8ef/locations/us-central1/publishers/google/models/gemini-2.5-flash:generateContent "HTTP/1.1 200 OK"
2026-09-07 21:40:10,059 INFO crawler.llm.fallback: Gọi LLM provider: vertex-ai
2026-09-07 21:40:10,060 INFO google_genai.models: AFC is enabled with max remote calls: 10.
2026-09-07 21:40:10,997 INFO httpx: HTTP Request: POST https://us-central1-aiplatform.googleapis.com/v1beta1/projects/project-bf21b155-6b73-4230-8ef/locations/us-central1/publishers/google/models/gemini-2.5-flash:generateContent "HTTP/1.1 200 OK"
2026-09-07 21:40:11,161 INFO crawler.llm.fallback: Gọi LLM provider: vertex-ai
2026-09-07 21:40:11,162 INFO google_genai.models: AFC is enabled with max remote calls: 10.
2026-09-07 21:40:11,731 INFO crawler.fetch.stealth_fetch: https://duhal.com.vn/den-led-san-golf-600w-sajg600.html -> 429, retry lan 1
2026-09-07 21:40:11,731 INFO crawler.fetch.stealth_fetch: Server phản ứng chậm/từ chối - giãn nhịp fetch lên 1.0s
2026-09-07 21:40:11,737 INFO httpx: HTTP Request: POST https://us-central1-aiplatform.googleapis.com/v1beta1/projects/project-bf21b155-6b73-4230-8ef/locations/us-central1/publishers/google/models/gemini-2.5-flash:generateContent "HTTP/1.1 200 OK"
2026-09-07 21:40:11,863 INFO crawler.llm.fallback: Gọi LLM provider: vertex-ai
2026-09-07 21:40:11,863 INFO google_genai.models: AFC is enabled with max remote calls: 10.
2026-09-07 21:40:12,153 INFO httpx: HTTP Request: POST https://us-central1-aiplatform.googleapis.com/v1beta1/projects/project-bf21b155-6b73-4230-8ef/locations/us-central1/publishers/google/models/gemini-2.5-flash:generateContent "HTTP/1.1 429 Too Many Requests"
2026-09-07 21:40:12,161 WARNING crawler.llm.vertex_provider: Vertex AI lỗi tạm thời (lần 1/6), đợi 2.4s rồi thử lại: 429 RESOURCE_EXHAUSTED. {'error': {'code': 429, 'message': 'Resource exhausted. Please try again later. Please refer to 
2026-09-07 21:40:13,560 INFO crawler.fetch.stealth_fetch: https://duhal.com.vn/den-led-san-golf-600w-sajg600.html -> 429, retry lan 2
2026-09-07 21:40:13,561 INFO crawler.fetch.stealth_fetch: Server phản ứng chậm/từ chối - giãn nhịp fetch lên 2.0s
2026-09-07 21:40:14,516 INFO google_genai.models: AFC is enabled with max remote calls: 10.
2026-09-07 21:40:15,222 INFO httpx: HTTP Request: POST https://us-central1-aiplatform.googleapis.com/v1beta1/projects/project-bf21b155-6b73-4230-8ef/locations/us-central1/publishers/google/models/gemini-2.5-flash:generateContent "HTTP/1.1 200 OK"
2026-09-07 21:40:15,328 INFO crawler.llm.fallback: Gọi LLM provider: vertex-ai
2026-09-07 21:40:15,328 INFO google_genai.models: AFC is enabled with max remote calls: 10.
2026-09-07 21:40:16,634 INFO httpx: HTTP Request: POST https://us-central1-aiplatform.googleapis.com/v1beta1/projects/project-bf21b155-6b73-4230-8ef/locations/us-central1/publishers/google/models/gemini-2.5-flash:generateContent "HTTP/1.1 200 OK"
2026-09-07 21:40:16,694 WARNING crawler.pipeline: Fetch thất bại cho https://duhal.com.vn/den-led-gan-noi-trang-tri-7w-dib407: None
2026-09-07 21:40:16,694 WARNING crawler.pipeline: Fetch thất bại cho https://duhal.com.vn/den-led-gan-vach-10w-dtv210: None
2026-09-07 21:40:16,750 INFO crawler.llm.fallback: Gọi LLM provider: vertex-ai
2026-09-07 21:40:16,751 INFO google_genai.models: AFC is enabled with max remote calls: 10.
2026-09-07 21:40:17,081 INFO httpx: HTTP Request: POST https://us-central1-aiplatform.googleapis.com/v1beta1/projects/project-bf21b155-6b73-4230-8ef/locations/us-central1/publishers/google/models/gemini-2.5-flash:generateContent "HTTP/1.1 429 Too Many Requests"
2026-09-07 21:40:17,082 WARNING crawler.llm.vertex_provider: Vertex AI lỗi tạm thời (lần 1/6), đợi 2.4s rồi thử lại: 429 RESOURCE_EXHAUSTED. {'error': {'code': 429, 'message': 'Resource exhausted. Please try again later. Please refer to 
2026-09-07 21:40:19,482 INFO google_genai.models: AFC is enabled with max remote calls: 10.
2026-09-07 21:40:19,783 INFO httpx: HTTP Request: POST https://us-central1-aiplatform.googleapis.com/v1beta1/projects/project-bf21b155-6b73-4230-8ef/locations/us-central1/publishers/google/models/gemini-2.5-flash:generateContent "HTTP/1.1 429 Too Many Requests"
2026-09-07 21:40:19,784 WARNING crawler.llm.vertex_provider: Vertex AI lỗi tạm thời (lần 2/6), đợi 4.4s rồi thử lại: 429 RESOURCE_EXHAUSTED. {'error': {'code': 429, 'message': 'Resource exhausted. Please try again later. Please refer to 
2026-09-07 21:40:21,657 INFO httpx: HTTP Request: POST https://us-central1-aiplatform.googleapis.com/v1beta1/projects/project-bf21b155-6b73-4230-8ef/locations/us-central1/publishers/google/models/gemini-2.5-flash:generateContent "HTTP/1.1 200 OK"
2026-09-07 21:40:21,847 INFO crawler.llm.fallback: Gọi LLM provider: vertex-ai
2026-09-07 21:40:21,848 INFO google_genai.models: AFC is enabled with max remote calls: 10.
2026-09-07 21:40:22,141 INFO httpx: HTTP Request: POST https://us-central1-aiplatform.googleapis.com/v1beta1/projects/project-bf21b155-6b73-4230-8ef/locations/us-central1/publishers/google/models/gemini-2.5-flash:generateContent "HTTP/1.1 429 Too Many Requests"
2026-09-07 21:40:22,146 WARNING crawler.llm.vertex_provider: Vertex AI lỗi tạm thời (lần 1/6), đợi 2.1s rồi thử lại: 429 RESOURCE_EXHAUSTED. {'error': {'code': 429, 'message': 'Resource exhausted. Please try again later. Please refer to 
2026-09-07 21:40:24,138 INFO google_genai.models: AFC is enabled with max remote calls: 10.
2026-09-07 21:40:24,271 INFO google_genai.models: AFC is enabled with max remote calls: 10.
2026-09-07 21:40:24,446 INFO httpx: HTTP Request: POST https://us-central1-aiplatform.googleapis.com/v1beta1/projects/project-bf21b155-6b73-4230-8ef/locations/us-central1/publishers/google/models/gemini-2.5-flash:generateContent "HTTP/1.1 429 Too Many Requests"
2026-09-07 21:40:24,450 WARNING crawler.llm.vertex_provider: Vertex AI lỗi tạm thời (lần 3/6), đợi 8.9s rồi thử lại: 429 RESOURCE_EXHAUSTED. {'error': {'code': 429, 'message': 'Resource exhausted. Please try again later. Please refer to 
2026-09-07 21:40:24,589 INFO httpx: HTTP Request: POST https://us-central1-aiplatform.googleapis.com/v1beta1/projects/project-bf21b155-6b73-4230-8ef/locations/us-central1/publishers/google/models/gemini-2.5-flash:generateContent "HTTP/1.1 429 Too Many Requests"
2026-09-07 21:40:24,593 WARNING crawler.llm.vertex_provider: Vertex AI lỗi tạm thời (lần 2/6), đợi 4.6s rồi thử lại: 429 RESOURCE_EXHAUSTED. {'error': {'code': 429, 'message': 'Resource exhausted. Please try again later. Please refer to 
2026-09-07 21:40:29,164 INFO google_genai.models: AFC is enabled with max remote calls: 10.
2026-09-07 21:40:29,456 INFO httpx: HTTP Request: POST https://us-central1-aiplatform.googleapis.com/v1beta1/projects/project-bf21b155-6b73-4230-8ef/locations/us-central1/publishers/google/models/gemini-2.5-flash:generateContent "HTTP/1.1 429 Too Many Requests"
2026-09-07 21:40:29,460 WARNING crawler.llm.vertex_provider: Vertex AI lỗi tạm thời (lần 3/6), đợi 8.9s rồi thử lại: 429 RESOURCE_EXHAUSTED. {'error': {'code': 429, 'message': 'Resource exhausted. Please try again later. Please refer to 
2026-09-07 21:40:33,343 INFO google_genai.models: AFC is enabled with max remote calls: 10.
2026-09-07 21:40:33,620 INFO httpx: HTTP Request: POST https://us-central1-aiplatform.googleapis.com/v1beta1/projects/project-bf21b155-6b73-4230-8ef/locations/us-central1/publishers/google/models/gemini-2.5-flash:generateContent "HTTP/1.1 429 Too Many Requests"
2026-09-07 21:40:33,625 WARNING crawler.llm.vertex_provider: Vertex AI lỗi tạm thời (lần 4/6), đợi 16.2s rồi thử lại: 429 RESOURCE_EXHAUSTED. {'error': {'code': 429, 'message': 'Resource exhausted. Please try again later. Please refer to 
2026-09-07 21:40:38,347 INFO google_genai.models: AFC is enabled with max remote calls: 10.
2026-09-07 21:40:38,650 INFO httpx: HTTP Request: POST https://us-central1-aiplatform.googleapis.com/v1beta1/projects/project-bf21b155-6b73-4230-8ef/locations/us-central1/publishers/google/models/gemini-2.5-flash:generateContent "HTTP/1.1 429 Too Many Requests"
2026-09-07 21:40:38,654 WARNING crawler.llm.vertex_provider: Vertex AI lỗi tạm thời (lần 4/6), đợi 16.2s rồi thử lại: 429 RESOURCE_EXHAUSTED. {'error': {'code': 429, 'message': 'Resource exhausted. Please try again later. Please refer to 
2026-09-07 21:40:41,051 INFO crawler.fetch.stealth_fetch: https://duhal.com.vn/den-led-soi-guong-chong-tham-9w-lse0091 -> 429, retry lan 1
2026-09-07 21:40:41,051 INFO crawler.fetch.stealth_fetch: Server phản ứng chậm/từ chối - giãn nhịp fetch lên 1.0s
2026-09-07 21:40:42,904 INFO crawler.fetch.stealth_fetch: https://duhal.com.vn/den-led-soi-guong-chong-tham-9w-lse0091 -> 429, retry lan 2
2026-09-07 21:40:42,905 INFO crawler.fetch.stealth_fetch: Server phản ứng chậm/từ chối - giãn nhịp fetch lên 2.0s
2026-09-07 21:40:48,239 INFO crawler.fetch.stealth_fetch: https://duhal.com.vn/den-led-soi-guong-chong-tham-doi-mau-9w-lse0091n -> 429, retry lan 1
2026-09-07 21:40:48,239 INFO crawler.fetch.stealth_fetch: Server phản ứng chậm/từ chối - giãn nhịp fetch lên 4.0s
2026-09-07 21:40:49,786 INFO google_genai.models: AFC is enabled with max remote calls: 10.
2026-09-07 21:40:52,084 INFO httpx: HTTP Request: POST https://us-central1-aiplatform.googleapis.com/v1beta1/projects/project-bf21b155-6b73-4230-8ef/locations/us-central1/publishers/google/models/gemini-2.5-flash:generateContent "HTTP/1.1 200 OK"
2026-09-07 21:40:52,366 INFO crawler.fetch.stealth_fetch: https://duhal.com.vn/den-led-soi-guong-chong-tham-doi-mau-9w-lse0091n -> 429, retry lan 2
2026-09-07 21:40:52,403 INFO crawler.fetch.stealth_fetch: Server phản ứng chậm/từ chối - giãn nhịp fetch lên 8.0s
2026-09-07 21:40:52,421 INFO crawler.llm.fallback: Gọi LLM provider: vertex-ai
2026-09-07 21:40:52,421 INFO google_genai.models: AFC is enabled with max remote calls: 10.
2026-09-07 21:40:54,124 INFO httpx: HTTP Request: POST https://us-central1-aiplatform.googleapis.com/v1beta1/projects/project-bf21b155-6b73-4230-8ef/locations/us-central1/publishers/google/models/gemini-2.5-flash:generateContent "HTTP/1.1 200 OK"
2026-09-07 21:40:54,231 INFO crawler.llm.fallback: Gọi LLM provider: vertex-ai
2026-09-07 21:40:54,231 INFO google_genai.models: AFC is enabled with max remote calls: 10.
2026-09-07 21:40:54,903 INFO google_genai.models: AFC is enabled with max remote calls: 10.
2026-09-07 21:40:55,471 INFO httpx: HTTP Request: POST https://us-central1-aiplatform.googleapis.com/v1beta1/projects/project-bf21b155-6b73-4230-8ef/locations/us-central1/publishers/google/models/gemini-2.5-flash:generateContent "HTTP/1.1 429 Too Many Requests"
2026-09-07 21:40:55,472 WARNING crawler.llm.vertex_provider: Vertex AI lỗi tạm thời (lần 5/6), đợi 32.4s rồi thử lại: 429 RESOURCE_EXHAUSTED. {'error': {'code': 429, 'message': 'Resource exhausted. Please try again later. Please refer to 
2026-09-07 21:40:55,584 INFO httpx: HTTP Request: POST https://us-central1-aiplatform.googleapis.com/v1beta1/projects/project-bf21b155-6b73-4230-8ef/locations/us-central1/publishers/google/models/gemini-2.5-flash:generateContent "HTTP/1.1 200 OK"
2026-09-07 21:40:55,703 INFO crawler.llm.fallback: Gọi LLM provider: vertex-ai
2026-09-07 21:40:55,704 INFO google_genai.models: AFC is enabled with max remote calls: 10.
2026-09-07 21:40:57,523 INFO httpx: HTTP Request: POST https://us-central1-aiplatform.googleapis.com/v1beta1/projects/project-bf21b155-6b73-4230-8ef/locations/us-central1/publishers/google/models/gemini-2.5-flash:generateContent "HTTP/1.1 200 OK"
2026-09-07 21:40:57,635 INFO crawler.llm.fallback: Gọi LLM provider: vertex-ai
2026-09-07 21:40:57,635 INFO google_genai.models: AFC is enabled with max remote calls: 10.
2026-09-07 21:40:58,957 INFO httpx: HTTP Request: POST https://us-central1-aiplatform.googleapis.com/v1beta1/projects/project-bf21b155-6b73-4230-8ef/locations/us-central1/publishers/google/models/gemini-2.5-flash:generateContent "HTTP/1.1 200 OK"
2026-09-07 21:40:59,066 INFO crawler.llm.fallback: Gọi LLM provider: vertex-ai
2026-09-07 21:40:59,066 INFO google_genai.models: AFC is enabled with max remote calls: 10.
2026-09-07 21:41:08,218 INFO crawler.fetch.stealth_fetch: https://duhal.com.vn/den-led-soi-guong-chong-tham-doi-mau-9w-lse0091w -> 429, retry lan 1
2026-09-07 21:41:08,219 INFO crawler.fetch.stealth_fetch: Server phản ứng chậm/từ chối - giãn nhịp fetch lên 15.0s
2026-09-07 21:41:27,870 INFO google_genai.models: AFC is enabled with max remote calls: 10.
2026-09-07 21:41:30,291 INFO httpx: HTTP Request: POST https://us-central1-aiplatform.googleapis.com/v1beta1/projects/project-bf21b155-6b73-4230-8ef/locations/us-central1/publishers/google/models/gemini-2.5-flash:generateContent "HTTP/1.1 200 OK"
2026-09-07 21:41:30,397 INFO crawler.llm.fallback: Gọi LLM provider: vertex-ai
2026-09-07 21:41:30,397 INFO google_genai.models: AFC is enabled with max remote calls: 10.
2026-09-07 21:41:32,750 INFO httpx: HTTP Request: POST https://us-central1-aiplatform.googleapis.com/v1beta1/projects/project-bf21b155-6b73-4230-8ef/locations/us-central1/publishers/google/models/gemini-2.5-flash:generateContent "HTTP/1.1 200 OK"
2026-09-07 21:41:32,853 INFO crawler.llm.fallback: Gọi LLM provider: vertex-ai
2026-09-07 21:41:32,853 INFO google_genai.models: AFC is enabled with max remote calls: 10.
2026-09-07 21:41:34,152 INFO httpx: HTTP Request: POST https://us-central1-aiplatform.googleapis.com/v1beta1/projects/project-bf21b155-6b73-4230-8ef/locations/us-central1/publishers/google/models/gemini-2.5-flash:generateContent "HTTP/1.1 200 OK"
2026-09-07 21:41:34,308 INFO crawler.llm.fallback: Gọi LLM provider: vertex-ai
2026-09-07 21:41:34,308 INFO google_genai.models: AFC is enabled with max remote calls: 10.
2026-09-07 21:41:34,639 INFO httpx: HTTP Request: POST https://us-central1-aiplatform.googleapis.com/v1beta1/projects/project-bf21b155-6b73-4230-8ef/locations/us-central1/publishers/google/models/gemini-2.5-flash:generateContent "HTTP/1.1 429 Too Many Requests"
2026-09-07 21:41:34,640 WARNING crawler.llm.vertex_provider: Vertex AI lỗi tạm thời (lần 1/6), đợi 2.7s rồi thử lại: 429 RESOURCE_EXHAUSTED. {'error': {'code': 429, 'message': 'Resource exhausted. Please try again later. Please refer to 
2026-09-07 21:41:37,356 INFO google_genai.models: AFC is enabled with max remote calls: 10.
2026-09-07 21:41:37,669 INFO httpx: HTTP Request: POST https://us-central1-aiplatform.googleapis.com/v1beta1/projects/project-bf21b155-6b73-4230-8ef/locations/us-central1/publishers/google/models/gemini-2.5-flash:generateContent "HTTP/1.1 429 Too Many Requests"
2026-09-07 21:41:37,671 WARNING crawler.llm.vertex_provider: Vertex AI lỗi tạm thời (lần 2/6), đợi 4.2s rồi thử lại: 429 RESOURCE_EXHAUSTED. {'error': {'code': 429, 'message': 'Resource exhausted. Please try again later. Please refer to 
2026-09-07 21:41:41,860 INFO google_genai.models: AFC is enabled with max remote calls: 10.
2026-09-07 21:41:42,153 INFO httpx: HTTP Request: POST https://us-central1-aiplatform.googleapis.com/v1beta1/projects/project-bf21b155-6b73-4230-8ef/locations/us-central1/publishers/google/models/gemini-2.5-flash:generateContent "HTTP/1.1 429 Too Many Requests"
2026-09-07 21:41:42,158 WARNING crawler.llm.vertex_provider: Vertex AI lỗi tạm thời (lần 3/6), đợi 8.6s rồi thử lại: 429 RESOURCE_EXHAUSTED. {'error': {'code': 429, 'message': 'Resource exhausted. Please try again later. Please refer to 
2026-09-07 21:41:43,706 INFO httpx: HTTP Request: POST https://us-central1-aiplatform.googleapis.com/v1beta1/projects/project-bf21b155-6b73-4230-8ef/locations/us-central1/publishers/google/models/gemini-2.5-flash:generateContent "HTTP/1.1 200 OK"
2026-09-07 21:41:43,861 INFO crawler.llm.fallback: Gọi LLM provider: vertex-ai
2026-09-07 21:41:43,862 INFO google_genai.models: AFC is enabled with max remote calls: 10.
2026-09-07 21:41:44,193 INFO httpx: HTTP Request: POST https://us-central1-aiplatform.googleapis.com/v1beta1/projects/project-bf21b155-6b73-4230-8ef/locations/us-central1/publishers/google/models/gemini-2.5-flash:generateContent "HTTP/1.1 429 Too Many Requests"
2026-09-07 21:41:44,198 WARNING crawler.llm.vertex_provider: Vertex AI lỗi tạm thời (lần 1/6), đợi 2.2s rồi thử lại: 429 RESOURCE_EXHAUSTED. {'error': {'code': 429, 'message': 'Resource exhausted. Please try again later. Please refer to 
2026-09-07 21:41:46,361 INFO google_genai.models: AFC is enabled with max remote calls: 10.
2026-09-07 21:41:46,676 INFO httpx: HTTP Request: POST https://us-central1-aiplatform.googleapis.com/v1beta1/projects/project-bf21b155-6b73-4230-8ef/locations/us-central1/publishers/google/models/gemini-2.5-flash:generateContent "HTTP/1.1 429 Too Many Requests"
2026-09-07 21:41:46,681 WARNING crawler.llm.vertex_provider: Vertex AI lỗi tạm thời (lần 2/6), đợi 4.0s rồi thử lại: 429 RESOURCE_EXHAUSTED. {'error': {'code': 429, 'message': 'Resource exhausted. Please try again later. Please refer to 
2026-09-07 21:41:50,714 INFO google_genai.models: AFC is enabled with max remote calls: 10.
2026-09-07 21:41:50,808 INFO google_genai.models: AFC is enabled with max remote calls: 10.
2026-09-07 21:41:52,099 INFO httpx: HTTP Request: POST https://us-central1-aiplatform.googleapis.com/v1beta1/projects/project-bf21b155-6b73-4230-8ef/locations/us-central1/publishers/google/models/gemini-2.5-flash:generateContent "HTTP/1.1 200 OK"
2026-09-07 21:41:52,214 INFO crawler.llm.fallback: Gọi LLM provider: vertex-ai
2026-09-07 21:41:52,214 INFO google_genai.models: AFC is enabled with max remote calls: 10.
2026-09-07 21:41:52,626 INFO httpx: HTTP Request: POST https://us-central1-aiplatform.googleapis.com/v1beta1/projects/project-bf21b155-6b73-4230-8ef/locations/us-central1/publishers/google/models/gemini-2.5-flash:generateContent "HTTP/1.1 429 Too Many Requests"
2026-09-07 21:41:52,629 WARNING crawler.llm.vertex_provider: Vertex AI lỗi tạm thời (lần 1/6), đợi 2.6s rồi thử lại: 429 RESOURCE_EXHAUSTED. {'error': {'code': 429, 'message': 'Resource exhausted. Please try again later. Please refer to 
2026-09-07 21:41:53,042 INFO httpx: HTTP Request: POST https://us-central1-aiplatform.googleapis.com/v1beta1/projects/project-bf21b155-6b73-4230-8ef/locations/us-central1/publishers/google/models/gemini-2.5-flash:generateContent "HTTP/1.1 200 OK"
2026-09-07 21:41:53,172 INFO crawler.llm.fallback: Gọi LLM provider: vertex-ai
2026-09-07 21:41:53,173 INFO google_genai.models: AFC is enabled with max remote calls: 10.
2026-09-07 21:41:53,492 INFO httpx: HTTP Request: POST https://us-central1-aiplatform.googleapis.com/v1beta1/projects/project-bf21b155-6b73-4230-8ef/locations/us-central1/publishers/google/models/gemini-2.5-flash:generateContent "HTTP/1.1 429 Too Many Requests"
2026-09-07 21:41:53,785 WARNING crawler.llm.vertex_provider: Vertex AI lỗi tạm thời (lần 1/6), đợi 2.6s rồi thử lại: 429 RESOURCE_EXHAUSTED. {'error': {'code': 429, 'message': 'Resource exhausted. Please try again later. Please refer to 
2026-09-07 21:41:54,307 INFO crawler.fetch.stealth_fetch: https://duhal.com.vn/den-led-treo-tha-9w-sdtt907 -> 429, retry lan 1
2026-09-07 21:41:54,307 INFO crawler.fetch.stealth_fetch: Server phản ứng chậm/từ chối - giãn nhịp fetch lên 1.0s
2026-09-07 21:41:55,180 INFO google_genai.models: AFC is enabled with max remote calls: 10.
2026-09-07 21:41:56,127 INFO crawler.fetch.stealth_fetch: https://duhal.com.vn/den-led-treo-tha-9w-sdtt907 -> 429, retry lan 2
2026-09-07 21:41:56,127 INFO crawler.fetch.stealth_fetch: Server phản ứng chậm/từ chối - giãn nhịp fetch lên 2.0s
2026-09-07 21:41:56,360 INFO google_genai.models: AFC is enabled with max remote calls: 10.
2026-09-07 21:41:56,432 INFO httpx: HTTP Request: POST https://us-central1-aiplatform.googleapis.com/v1beta1/projects/project-bf21b155-6b73-4230-8ef/locations/us-central1/publishers/google/models/gemini-2.5-flash:generateContent "HTTP/1.1 200 OK"
2026-09-07 21:41:56,539 INFO crawler.llm.fallback: Gọi LLM provider: vertex-ai
2026-09-07 21:41:56,540 INFO google_genai.models: AFC is enabled with max remote calls: 10.
2026-09-07 21:41:57,735 INFO httpx: HTTP Request: POST https://us-central1-aiplatform.googleapis.com/v1beta1/projects/project-bf21b155-6b73-4230-8ef/locations/us-central1/publishers/google/models/gemini-2.5-flash:generateContent "HTTP/1.1 200 OK"
2026-09-07 21:41:57,736 INFO httpx: HTTP Request: POST https://us-central1-aiplatform.googleapis.com/v1beta1/projects/project-bf21b155-6b73-4230-8ef/locations/us-central1/publishers/google/models/gemini-2.5-flash:generateContent "HTTP/1.1 200 OK"
2026-09-07 21:41:57,972 INFO crawler.llm.fallback: Gọi LLM provider: vertex-ai
2026-09-07 21:41:57,972 INFO google_genai.models: AFC is enabled with max remote calls: 10.
2026-09-07 21:41:57,977 INFO crawler.llm.fallback: Gọi LLM provider: vertex-ai
2026-09-07 21:41:57,978 INFO google_genai.models: AFC is enabled with max remote calls: 10.
2026-09-07 21:41:59,428 INFO httpx: HTTP Request: POST https://us-central1-aiplatform.googleapis.com/v1beta1/projects/project-bf21b155-6b73-4230-8ef/locations/us-central1/publishers/google/models/gemini-2.5-flash:generateContent "HTTP/1.1 200 OK"
2026-09-07 21:41:59,594 INFO crawler.llm.fallback: Gọi LLM provider: vertex-ai
2026-09-07 21:41:59,594 INFO google_genai.models: AFC is enabled with max remote calls: 10.
2026-09-07 21:42:01,188 INFO httpx: HTTP Request: POST https://us-central1-aiplatform.googleapis.com/v1beta1/projects/project-bf21b155-6b73-4230-8ef/locations/us-central1/publishers/google/models/gemini-2.5-flash:generateContent "HTTP/1.1 200 OK"
2026-09-07 21:42:01,349 INFO crawler.llm.fallback: Gọi LLM provider: vertex-ai
2026-09-07 21:42:01,349 INFO google_genai.models: AFC is enabled with max remote calls: 10.
2026-09-07 21:42:01,441 INFO crawler.fetch.stealth_fetch: https://duhal.com.vn/den-led-treo-tha-phong-hop-10w-dtd0101 -> 429, retry lan 1
2026-09-07 21:42:01,442 INFO crawler.fetch.stealth_fetch: Server phản ứng chậm/từ chối - giãn nhịp fetch lên 4.0s
2026-09-07 21:42:02,855 INFO httpx: HTTP Request: POST https://us-central1-aiplatform.googleapis.com/v1beta1/projects/project-bf21b155-6b73-4230-8ef/locations/us-central1/publishers/google/models/gemini-2.5-flash:generateContent "HTTP/1.1 200 OK"
2026-09-07 21:42:02,998 INFO crawler.llm.fallback: Gọi LLM provider: vertex-ai
2026-09-07 21:42:02,998 INFO google_genai.models: AFC is enabled with max remote calls: 10.
2026-09-07 21:42:03,469 INFO httpx: HTTP Request: POST https://us-central1-aiplatform.googleapis.com/v1beta1/projects/project-bf21b155-6b73-4230-8ef/locations/us-central1/publishers/google/models/gemini-2.5-flash:generateContent "HTTP/1.1 429 Too Many Requests"
2026-09-07 21:42:03,471 WARNING crawler.llm.vertex_provider: Vertex AI lỗi tạm thời (lần 1/6), đợi 2.3s rồi thử lại: 429 RESOURCE_EXHAUSTED. {'error': {'code': 429, 'message': 'Resource exhausted. Please try again later. Please refer to 
2026-09-07 21:42:05,455 INFO crawler.fetch.stealth_fetch: https://duhal.com.vn/den-led-treo-tha-phong-hop-10w-dtd0101 -> 429, retry lan 2
2026-09-07 21:42:05,455 INFO crawler.fetch.stealth_fetch: Server phản ứng chậm/từ chối - giãn nhịp fetch lên 8.0s
2026-09-07 21:42:05,748 INFO google_genai.models: AFC is enabled with max remote calls: 10.
2026-09-07 21:42:06,132 INFO httpx: HTTP Request: POST https://us-central1-aiplatform.googleapis.com/v1beta1/projects/project-bf21b155-6b73-4230-8ef/locations/us-central1/publishers/google/models/gemini-2.5-flash:generateContent "HTTP/1.1 429 Too Many Requests"
2026-09-07 21:42:06,134 WARNING crawler.llm.vertex_provider: Vertex AI lỗi tạm thời (lần 2/6), đợi 4.3s rồi thử lại: 429 RESOURCE_EXHAUSTED. {'error': {'code': 429, 'message': 'Resource exhausted. Please try again later. Please refer to 
2026-09-07 21:42:10,398 INFO google_genai.models: AFC is enabled with max remote calls: 10.
2026-09-07 21:42:12,481 INFO httpx: HTTP Request: POST https://us-central1-aiplatform.googleapis.com/v1beta1/projects/project-bf21b155-6b73-4230-8ef/locations/us-central1/publishers/google/models/gemini-2.5-flash:generateContent "HTTP/1.1 200 OK"
2026-09-07 21:42:12,884 INFO crawler.llm.fallback: Gọi LLM provider: vertex-ai
2026-09-07 21:42:12,884 INFO google_genai.models: AFC is enabled with max remote calls: 10.
2026-09-07 21:42:13,195 INFO httpx: HTTP Request: POST https://us-central1-aiplatform.googleapis.com/v1beta1/projects/project-bf21b155-6b73-4230-8ef/locations/us-central1/publishers/google/models/gemini-2.5-flash:generateContent "HTTP/1.1 429 Too Many Requests"
2026-09-07 21:42:13,196 WARNING crawler.llm.vertex_provider: Vertex AI lỗi tạm thời (lần 1/6), đợi 2.2s rồi thử lại: 429 RESOURCE_EXHAUSTED. {'error': {'code': 429, 'message': 'Resource exhausted. Please try again later. Please refer to 
2026-09-07 21:42:15,400 INFO google_genai.models: AFC is enabled with max remote calls: 10.
2026-09-07 21:42:15,757 INFO httpx: HTTP Request: POST https://us-central1-aiplatform.googleapis.com/v1beta1/projects/project-bf21b155-6b73-4230-8ef/locations/us-central1/publishers/google/models/gemini-2.5-flash:generateContent "HTTP/1.1 429 Too Many Requests"
2026-09-07 21:42:15,759 WARNING crawler.llm.vertex_provider: Vertex AI lỗi tạm thời (lần 2/6), đợi 4.3s rồi thử lại: 429 RESOURCE_EXHAUSTED. {'error': {'code': 429, 'message': 'Resource exhausted. Please try again later. Please refer to 
2026-09-07 21:42:20,016 INFO google_genai.models: AFC is enabled with max remote calls: 10.
2026-09-07 21:42:21,403 INFO httpx: HTTP Request: POST https://us-central1-aiplatform.googleapis.com/v1beta1/projects/project-bf21b155-6b73-4230-8ef/locations/us-central1/publishers/google/models/gemini-2.5-flash:generateContent "HTTP/1.1 200 OK"
2026-09-07 21:42:21,452 INFO crawler.fetch.stealth_fetch: https://duhal.com.vn/den-led-treo-tha-trang-tri-5w-dtt005 -> 429, retry lan 1
2026-09-07 21:42:21,453 INFO crawler.fetch.stealth_fetch: Server phản ứng chậm/từ chối - giãn nhịp fetch lên 15.0s
2026-09-07 21:42:21,561 INFO crawler.llm.fallback: Gọi LLM provider: vertex-ai
2026-09-07 21:42:21,561 INFO google_genai.models: AFC is enabled with max remote calls: 10.
2026-09-07 21:42:22,858 INFO httpx: HTTP Request: POST https://us-central1-aiplatform.googleapis.com/v1beta1/projects/project-bf21b155-6b73-4230-8ef/locations/us-central1/publishers/google/models/gemini-2.5-flash:generateContent "HTTP/1.1 200 OK"
2026-09-07 21:42:22,978 INFO crawler.llm.fallback: Gọi LLM provider: vertex-ai
2026-09-07 21:42:22,978 INFO google_genai.models: AFC is enabled with max remote calls: 10.
2026-09-07 21:42:24,373 INFO httpx: HTTP Request: POST https://us-central1-aiplatform.googleapis.com/v1beta1/projects/project-bf21b155-6b73-4230-8ef/locations/us-central1/publishers/google/models/gemini-2.5-flash:generateContent "HTTP/1.1 200 OK"
2026-09-07 21:42:24,492 INFO crawler.llm.fallback: Gọi LLM provider: vertex-ai
2026-09-07 21:42:24,492 INFO google_genai.models: AFC is enabled with max remote calls: 10.
2026-09-07 21:42:24,871 INFO httpx: HTTP Request: POST https://us-central1-aiplatform.googleapis.com/v1beta1/projects/project-bf21b155-6b73-4230-8ef/locations/us-central1/publishers/google/models/gemini-2.5-flash:generateContent "HTTP/1.1 429 Too Many Requests"
2026-09-07 21:42:24,872 WARNING crawler.llm.vertex_provider: Vertex AI lỗi tạm thời (lần 1/6), đợi 2.8s rồi thử lại: 429 RESOURCE_EXHAUSTED. {'error': {'code': 429, 'message': 'Resource exhausted. Please try again later. Please refer to 
2026-09-07 21:42:27,723 INFO google_genai.models: AFC is enabled with max remote calls: 10.
2026-09-07 21:42:28,046 INFO httpx: HTTP Request: POST https://us-central1-aiplatform.googleapis.com/v1beta1/projects/project-bf21b155-6b73-4230-8ef/locations/us-central1/publishers/google/models/gemini-2.5-flash:generateContent "HTTP/1.1 429 Too Many Requests"
2026-09-07 21:42:28,046 WARNING crawler.llm.vertex_provider: Vertex AI lỗi tạm thời (lần 2/6), đợi 4.9s rồi thử lại: 429 RESOURCE_EXHAUSTED. {'error': {'code': 429, 'message': 'Resource exhausted. Please try again later. Please refer to 
2026-09-07 21:42:32,916 INFO google_genai.models: AFC is enabled with max remote calls: 10.
2026-09-07 21:42:33,260 INFO httpx: HTTP Request: POST https://us-central1-aiplatform.googleapis.com/v1beta1/projects/project-bf21b155-6b73-4230-8ef/locations/us-central1/publishers/google/models/gemini-2.5-flash:generateContent "HTTP/1.1 429 Too Many Requests"
2026-09-07 21:42:33,262 WARNING crawler.llm.vertex_provider: Vertex AI lỗi tạm thời (lần 3/6), đợi 8.8s rồi thử lại: 429 RESOURCE_EXHAUSTED. {'error': {'code': 429, 'message': 'Resource exhausted. Please try again later. Please refer to 
2026-09-07 21:42:42,037 INFO google_genai.models: AFC is enabled with max remote calls: 10.
2026-09-07 21:42:44,509 INFO httpx: HTTP Request: POST https://us-central1-aiplatform.googleapis.com/v1beta1/projects/project-bf21b155-6b73-4230-8ef/locations/us-central1/publishers/google/models/gemini-2.5-flash:generateContent "HTTP/1.1 200 OK"
2026-09-07 21:42:44,700 INFO crawler.llm.fallback: Gọi LLM provider: vertex-ai
2026-09-07 21:42:44,701 INFO google_genai.models: AFC is enabled with max remote calls: 10.
2026-09-07 21:42:46,171 INFO httpx: HTTP Request: POST https://us-central1-aiplatform.googleapis.com/v1beta1/projects/project-bf21b155-6b73-4230-8ef/locations/us-central1/publishers/google/models/gemini-2.5-flash:generateContent "HTTP/1.1 200 OK"
2026-09-07 21:42:46,281 INFO crawler.llm.fallback: Gọi LLM provider: vertex-ai
2026-09-07 21:42:46,281 INFO google_genai.models: AFC is enabled with max remote calls: 10.
2026-09-07 21:42:48,466 INFO httpx: HTTP Request: POST https://us-central1-aiplatform.googleapis.com/v1beta1/projects/project-bf21b155-6b73-4230-8ef/locations/us-central1/publishers/google/models/gemini-2.5-flash:generateContent "HTTP/1.1 200 OK"
2026-09-07 21:42:48,597 INFO crawler.llm.fallback: Gọi LLM provider: vertex-ai
2026-09-07 21:42:48,597 INFO google_genai.models: AFC is enabled with max remote calls: 10.
2026-09-07 21:42:49,037 INFO httpx: HTTP Request: POST https://us-central1-aiplatform.googleapis.com/v1beta1/projects/project-bf21b155-6b73-4230-8ef/locations/us-central1/publishers/google/models/gemini-2.5-flash:generateContent "HTTP/1.1 429 Too Many Requests"
2026-09-07 21:42:49,039 WARNING crawler.llm.vertex_provider: Vertex AI lỗi tạm thời (lần 1/6), đợi 2.6s rồi thử lại: 429 RESOURCE_EXHAUSTED. {'error': {'code': 429, 'message': 'Resource exhausted. Please try again later. Please refer to 
2026-09-07 21:42:50,084 INFO httpx: HTTP Request: POST https://us-central1-aiplatform.googleapis.com/v1beta1/projects/project-bf21b155-6b73-4230-8ef/locations/us-central1/publishers/google/models/gemini-2.5-flash:generateContent "HTTP/1.1 429 Too Many Requests"
2026-09-07 21:42:50,085 WARNING crawler.llm.vertex_provider: Vertex AI lỗi tạm thời (lần 1/6), đợi 2.7s rồi thử lại: 429 RESOURCE_EXHAUSTED. {'error': {'code': 429, 'message': 'Resource exhausted. Please try again later. Please refer to 
2026-09-07 21:42:51,688 INFO google_genai.models: AFC is enabled with max remote calls: 10.
2026-09-07 21:42:52,028 INFO httpx: HTTP Request: POST https://us-central1-aiplatform.googleapis.com/v1beta1/projects/project-bf21b155-6b73-4230-8ef/locations/us-central1/publishers/google/models/gemini-2.5-flash:generateContent "HTTP/1.1 429 Too Many Requests"
2026-09-07 21:42:52,029 WARNING crawler.llm.vertex_provider: Vertex AI lỗi tạm thời (lần 2/6), đợi 4.1s rồi thử lại: 429 RESOURCE_EXHAUSTED. {'error': {'code': 429, 'message': 'Resource exhausted. Please try again later. Please refer to 
2026-09-07 21:42:52,829 INFO google_genai.models: AFC is enabled with max remote calls: 10.
2026-09-07 21:42:56,143 INFO google_genai.models: AFC is enabled with max remote calls: 10.
2026-09-07 21:42:58,510 INFO httpx: HTTP Request: POST https://us-central1-aiplatform.googleapis.com/v1beta1/projects/project-bf21b155-6b73-4230-8ef/locations/us-central1/publishers/google/models/gemini-2.5-flash:generateContent "HTTP/1.1 200 OK"
2026-09-07 21:42:58,679 INFO crawler.llm.fallback: Gọi LLM provider: vertex-ai
2026-09-07 21:42:58,680 INFO google_genai.models: AFC is enabled with max remote calls: 10.
2026-09-07 21:43:01,312 INFO httpx: HTTP Request: POST https://us-central1-aiplatform.googleapis.com/v1beta1/projects/project-bf21b155-6b73-4230-8ef/locations/us-central1/publishers/google/models/gemini-2.5-flash:generateContent "HTTP/1.1 429 Too Many Requests"
2026-09-07 21:43:01,313 WARNING crawler.llm.vertex_provider: Vertex AI lỗi tạm thời (lần 1/6), đợi 2.7s rồi thử lại: 429 RESOURCE_EXHAUSTED. {'error': {'code': 429, 'message': 'Resource exhausted. Please try again later. Please refer to 
2026-09-07 21:43:03,478 INFO httpx: HTTP Request: POST https://us-central1-aiplatform.googleapis.com/v1beta1/projects/project-bf21b155-6b73-4230-8ef/locations/us-central1/publishers/google/models/gemini-2.5-flash:generateContent "HTTP/1.1 200 OK"
2026-09-07 21:43:03,534 WARNING crawler.pipeline: Fetch thất bại cho https://duhal.com.vn/den-led-kieu-batten-9w-sdts601: None
2026-09-07 21:43:03,534 WARNING crawler.pipeline: Fetch thất bại cho https://duhal.com.vn/den-led-kieu-batten-chup-pc-18w-sbtn118: None
2026-09-07 21:43:03,788 INFO crawler.llm.fallback: Gọi LLM provider: vertex-ai
2026-09-07 21:43:03,788 INFO google_genai.models: AFC is enabled with max remote calls: 10.
2026-09-07 21:43:04,006 INFO google_genai.models: AFC is enabled with max remote calls: 10.
2026-09-07 21:43:04,094 INFO httpx: HTTP Request: POST https://us-central1-aiplatform.googleapis.com/v1beta1/projects/project-bf21b155-6b73-4230-8ef/locations/us-central1/publishers/google/models/gemini-2.5-flash:generateContent "HTTP/1.1 429 Too Many Requests"
2026-09-07 21:43:04,096 WARNING crawler.llm.vertex_provider: Vertex AI lỗi tạm thời (lần 1/6), đợi 2.7s rồi thử lại: 429 RESOURCE_EXHAUSTED. {'error': {'code': 429, 'message': 'Resource exhausted. Please try again later. Please refer to 
2026-09-07 21:43:06,835 INFO google_genai.models: AFC is enabled with max remote calls: 10.
2026-09-07 21:43:08,229 INFO httpx: HTTP Request: POST https://us-central1-aiplatform.googleapis.com/v1beta1/projects/project-bf21b155-6b73-4230-8ef/locations/us-central1/publishers/google/models/gemini-2.5-flash:generateContent "HTTP/1.1 200 OK"
2026-09-07 21:43:08,347 INFO crawler.llm.fallback: Gọi LLM provider: vertex-ai
2026-09-07 21:43:08,348 INFO google_genai.models: AFC is enabled with max remote calls: 10.
2026-09-07 21:43:10,236 INFO httpx: HTTP Request: POST https://us-central1-aiplatform.googleapis.com/v1beta1/projects/project-bf21b155-6b73-4230-8ef/locations/us-central1/publishers/google/models/gemini-2.5-flash:generateContent "HTTP/1.1 200 OK"
2026-09-07 21:43:10,356 INFO crawler.llm.fallback: Gọi LLM provider: vertex-ai
2026-09-07 21:43:10,356 INFO google_genai.models: AFC is enabled with max remote calls: 10.
2026-09-07 21:43:11,771 INFO httpx: HTTP Request: POST https://us-central1-aiplatform.googleapis.com/v1beta1/projects/project-bf21b155-6b73-4230-8ef/locations/us-central1/publishers/google/models/gemini-2.5-flash:generateContent "HTTP/1.1 200 OK"
2026-09-07 21:43:11,876 INFO crawler.llm.fallback: Gọi LLM provider: vertex-ai
2026-09-07 21:43:11,877 INFO google_genai.models: AFC is enabled with max remote calls: 10.
2026-09-07 21:43:13,204 INFO httpx: HTTP Request: POST https://us-central1-aiplatform.googleapis.com/v1beta1/projects/project-bf21b155-6b73-4230-8ef/locations/us-central1/publishers/google/models/gemini-2.5-flash:generateContent "HTTP/1.1 200 OK"
2026-09-07 21:43:13,303 INFO crawler.llm.fallback: Gọi LLM provider: vertex-ai
2026-09-07 21:43:13,303 INFO google_genai.models: AFC is enabled with max remote calls: 10.
2026-09-07 21:43:14,843 INFO httpx: HTTP Request: POST https://us-central1-aiplatform.googleapis.com/v1beta1/projects/project-bf21b155-6b73-4230-8ef/locations/us-central1/publishers/google/models/gemini-2.5-flash:generateContent "HTTP/1.1 200 OK"
2026-09-07 21:43:14,950 INFO crawler.llm.fallback: Gọi LLM provider: vertex-ai
2026-09-07 21:43:14,950 INFO google_genai.models: AFC is enabled with max remote calls: 10.
2026-09-07 21:43:16,686 INFO httpx: HTTP Request: POST https://us-central1-aiplatform.googleapis.com/v1beta1/projects/project-bf21b155-6b73-4230-8ef/locations/us-central1/publishers/google/models/gemini-2.5-flash:generateContent "HTTP/1.1 200 OK"
2026-09-07 21:43:16,800 INFO crawler.llm.fallback: Gọi LLM provider: vertex-ai
2026-09-07 21:43:16,800 INFO google_genai.models: AFC is enabled with max remote calls: 10.
2026-09-07 21:43:17,198 INFO httpx: HTTP Request: POST https://us-central1-aiplatform.googleapis.com/v1beta1/projects/project-bf21b155-6b73-4230-8ef/locations/us-central1/publishers/google/models/gemini-2.5-flash:generateContent "HTTP/1.1 429 Too Many Requests"
2026-09-07 21:43:17,199 WARNING crawler.llm.vertex_provider: Vertex AI lỗi tạm thời (lần 1/6), đợi 2.8s rồi thử lại: 429 RESOURCE_EXHAUSTED. {'error': {'code': 429, 'message': 'Resource exhausted. Please try again later. Please refer to 
2026-09-07 21:43:19,995 INFO google_genai.models: AFC is enabled with max remote calls: 10.
2026-09-07 21:43:30,205 INFO crawler.fetch.stealth_fetch: Server phản ứng chậm/từ chối - giãn nhịp fetch lên 1.0s
2026-09-07 21:43:45,985 WARNING crawler.llm.fallback: Provider vertex-ai thất bại (Vertex AI lỗi: [Errno 104] Connection reset by peer), chuyển sang provider tiếp theo
2026-09-07 21:43:45,985 INFO crawler.llm.fallback: Gọi LLM provider: deepseek
2026-09-07 21:43:46,504 INFO httpx2: HTTP Request: POST https://api.deepseek.com/chat/completions "HTTP/1.1 402 Payment Required"
2026-09-07 21:43:46,505 WARNING crawler.llm.fallback: Provider deepseek thất bại (DeepSeek lỗi: Error code: 402 - {'error': {'message': 'Insufficient Balance', 'type': 'unknown_error', 'param': None, 'code': 'invalid_request_error'}}), chuyển sang provider tiếp theo
2026-09-07 21:43:46,505 WARNING crawler.pipeline: Tầng 2 (LLM) thất bại cho https://duhal.com.vn/den-led-downlight-chieu-sau-bong-chen-mat-ech-5w-dfa8052.html: Tất cả LLM provider đều thất bại: DeepSeek lỗi: Error code: 402 - {'error': {'message': 'Insufficient Balance', 'type': 'unknown_error', 'param': None, 'code': 'invalid_request_error'}}
2026-09-07 21:43:46,625 INFO crawler.llm.fallback: Gọi LLM provider: vertex-ai
2026-09-07 21:43:46,626 INFO google_genai.models: AFC is enabled with max remote calls: 10.
2026-09-07 21:43:49,013 INFO httpx: HTTP Request: POST https://us-central1-aiplatform.googleapis.com/v1beta1/projects/project-bf21b155-6b73-4230-8ef/locations/us-central1/publishers/google/models/gemini-2.5-flash:generateContent "HTTP/1.1 200 OK"
2026-09-07 21:43:49,156 INFO crawler.llm.fallback: Gọi LLM provider: vertex-ai
2026-09-07 21:43:49,156 INFO google_genai.models: AFC is enabled with max remote calls: 10.
2026-09-07 21:43:49,497 INFO httpx: HTTP Request: POST https://us-central1-aiplatform.googleapis.com/v1beta1/projects/project-bf21b155-6b73-4230-8ef/locations/us-central1/publishers/google/models/gemini-2.5-flash:generateContent "HTTP/1.1 429 Too Many Requests"
2026-09-07 21:43:49,498 WARNING crawler.llm.vertex_provider: Vertex AI lỗi tạm thời (lần 1/6), đợi 2.7s rồi thử lại: 429 RESOURCE_EXHAUSTED. {'error': {'code': 429, 'message': 'Resource exhausted. Please try again later. Please refer to 
2026-09-07 21:43:52,242 INFO google_genai.models: AFC is enabled with max remote calls: 10.
2026-09-07 21:43:53,546 INFO httpx: HTTP Request: POST https://us-central1-aiplatform.googleapis.com/v1beta1/projects/project-bf21b155-6b73-4230-8ef/locations/us-central1/publishers/google/models/gemini-2.5-flash:generateContent "HTTP/1.1 200 OK"
2026-09-07 21:43:53,748 INFO crawler.llm.fallback: Gọi LLM provider: vertex-ai
2026-09-07 21:43:53,748 INFO google_genai.models: AFC is enabled with max remote calls: 10.
2026-09-07 21:43:55,291 INFO httpx: HTTP Request: POST https://us-central1-aiplatform.googleapis.com/v1beta1/projects/project-bf21b155-6b73-4230-8ef/locations/us-central1/publishers/google/models/gemini-2.5-flash:generateContent "HTTP/1.1 200 OK"
2026-09-07 21:43:55,756 INFO crawler.llm.fallback: Gọi LLM provider: vertex-ai
2026-09-07 21:43:55,757 INFO google_genai.models: AFC is enabled with max remote calls: 10.
2026-09-07 21:43:57,442 INFO httpx: HTTP Request: POST https://us-central1-aiplatform.googleapis.com/v1beta1/projects/project-bf21b155-6b73-4230-8ef/locations/us-central1/publishers/google/models/gemini-2.5-flash:generateContent "HTTP/1.1 200 OK"
2026-09-07 21:43:57,602 INFO crawler.llm.fallback: Gọi LLM provider: vertex-ai
2026-09-07 21:43:57,602 INFO google_genai.models: AFC is enabled with max remote calls: 10.
2026-09-07 21:43:59,197 INFO httpx: HTTP Request: POST https://us-central1-aiplatform.googleapis.com/v1beta1/projects/project-bf21b155-6b73-4230-8ef/locations/us-central1/publishers/google/models/gemini-2.5-flash:generateContent "HTTP/1.1 200 OK"
2026-09-07 21:43:59,338 INFO crawler.llm.fallback: Gọi LLM provider: vertex-ai
2026-09-07 21:43:59,338 INFO google_genai.models: AFC is enabled with max remote calls: 10.
2026-09-07 21:43:59,489 INFO crawler.fetch.stealth_fetch: https://duhal.com.vn/den-pha-led-100w-kdj2100.html -> 429, retry lan 1
2026-09-07 21:43:59,489 INFO crawler.fetch.stealth_fetch: Server phản ứng chậm/từ chối - giãn nhịp fetch lên 1.0s
2026-09-07 21:43:59,899 INFO httpx: HTTP Request: POST https://us-central1-aiplatform.googleapis.com/v1beta1/projects/project-bf21b155-6b73-4230-8ef/locations/us-central1/publishers/google/models/gemini-2.5-flash:generateContent "HTTP/1.1 200 OK"
2026-09-07 21:44:00,016 INFO crawler.llm.fallback: Gọi LLM provider: vertex-ai
2026-09-07 21:44:00,016 INFO google_genai.models: AFC is enabled with max remote calls: 10.
2026-09-07 21:44:01,271 INFO httpx: HTTP Request: POST https://us-central1-aiplatform.googleapis.com/v1beta1/projects/project-bf21b155-6b73-4230-8ef/locations/us-central1/publishers/google/models/gemini-2.5-flash:generateContent "HTTP/1.1 200 OK"
2026-09-07 21:44:01,316 INFO crawler.fetch.stealth_fetch: https://duhal.com.vn/den-pha-led-100w-kdj2100.html -> 429, retry lan 2
2026-09-07 21:44:01,317 INFO crawler.fetch.stealth_fetch: Server phản ứng chậm/từ chối - giãn nhịp fetch lên 2.0s
2026-09-07 21:44:01,423 INFO crawler.llm.fallback: Gọi LLM provider: vertex-ai
2026-09-07 21:44:01,423 INFO google_genai.models: AFC is enabled with max remote calls: 10.
2026-09-07 21:44:02,348 INFO httpx: HTTP Request: POST https://us-central1-aiplatform.googleapis.com/v1beta1/projects/project-bf21b155-6b73-4230-8ef/locations/us-central1/publishers/google/models/gemini-2.5-flash:generateContent "HTTP/1.1 200 OK"
2026-09-07 21:44:02,461 INFO crawler.llm.fallback: Gọi LLM provider: vertex-ai
2026-09-07 21:44:02,461 INFO google_genai.models: AFC is enabled with max remote calls: 10.
2026-09-07 21:44:02,869 INFO httpx: HTTP Request: POST https://us-central1-aiplatform.googleapis.com/v1beta1/projects/project-bf21b155-6b73-4230-8ef/locations/us-central1/publishers/google/models/gemini-2.5-flash:generateContent "HTTP/1.1 200 OK"
2026-09-07 21:44:02,974 INFO crawler.llm.fallback: Gọi LLM provider: vertex-ai
2026-09-07 21:44:02,975 INFO google_genai.models: AFC is enabled with max remote calls: 10.
2026-09-07 21:44:04,097 INFO httpx: HTTP Request: POST https://us-central1-aiplatform.googleapis.com/v1beta1/projects/project-bf21b155-6b73-4230-8ef/locations/us-central1/publishers/google/models/gemini-2.5-flash:generateContent "HTTP/1.1 200 OK"
2026-09-07 21:44:04,203 INFO crawler.llm.fallback: Gọi LLM provider: vertex-ai
2026-09-07 21:44:04,204 INFO google_genai.models: AFC is enabled with max remote calls: 10.
2026-09-07 21:44:04,740 INFO httpx: HTTP Request: POST https://us-central1-aiplatform.googleapis.com/v1beta1/projects/project-bf21b155-6b73-4230-8ef/locations/us-central1/publishers/google/models/gemini-2.5-flash:generateContent "HTTP/1.1 200 OK"
2026-09-07 21:44:04,859 INFO crawler.llm.fallback: Gọi LLM provider: vertex-ai
2026-09-07 21:44:04,859 INFO google_genai.models: AFC is enabled with max remote calls: 10.
2026-09-07 21:44:05,800 INFO httpx: HTTP Request: POST https://us-central1-aiplatform.googleapis.com/v1beta1/projects/project-bf21b155-6b73-4230-8ef/locations/us-central1/publishers/google/models/gemini-2.5-flash:generateContent "HTTP/1.1 200 OK"
2026-09-07 21:44:05,915 INFO crawler.llm.fallback: Gọi LLM provider: vertex-ai
2026-09-07 21:44:05,916 INFO google_genai.models: AFC is enabled with max remote calls: 10.
2026-09-07 21:44:06,350 INFO httpx: HTTP Request: POST https://us-central1-aiplatform.googleapis.com/v1beta1/projects/project-bf21b155-6b73-4230-8ef/locations/us-central1/publishers/google/models/gemini-2.5-flash:generateContent "HTTP/1.1 429 Too Many Requests"
2026-09-07 21:44:06,351 INFO httpx: HTTP Request: POST https://us-central1-aiplatform.googleapis.com/v1beta1/projects/project-bf21b155-6b73-4230-8ef/locations/us-central1/publishers/google/models/gemini-2.5-flash:generateContent "HTTP/1.1 200 OK"
2026-09-07 21:44:06,353 WARNING crawler.llm.vertex_provider: Vertex AI lỗi tạm thời (lần 1/6), đợi 2.4s rồi thử lại: 429 RESOURCE_EXHAUSTED. {'error': {'code': 429, 'message': 'Resource exhausted. Please try again later. Please refer to 
2026-09-07 21:44:06,664 INFO crawler.fetch.stealth_fetch: https://duhal.com.vn/den-pha-led-150w-kdj2150.html -> 429, retry lan 1
2026-09-07 21:44:06,664 INFO crawler.fetch.stealth_fetch: Server phản ứng chậm/từ chối - giãn nhịp fetch lên 4.0s
2026-09-07 21:44:06,729 INFO crawler.llm.fallback: Gọi LLM provider: vertex-ai
2026-09-07 21:44:06,729 INFO google_genai.models: AFC is enabled with max remote calls: 10.
2026-09-07 21:44:08,296 INFO httpx: HTTP Request: POST https://us-central1-aiplatform.googleapis.com/v1beta1/projects/project-bf21b155-6b73-4230-8ef/locations/us-central1/publishers/google/models/gemini-2.5-flash:generateContent "HTTP/1.1 200 OK"
2026-09-07 21:44:08,421 INFO crawler.llm.fallback: Gọi LLM provider: vertex-ai
2026-09-07 21:44:08,421 INFO google_genai.models: AFC is enabled with max remote calls: 10.
2026-09-07 21:44:08,798 INFO google_genai.models: AFC is enabled with max remote calls: 10.
2026-09-07 21:44:09,116 INFO httpx: HTTP Request: POST https://us-central1-aiplatform.googleapis.com/v1beta1/projects/project-bf21b155-6b73-4230-8ef/locations/us-central1/publishers/google/models/gemini-2.5-flash:generateContent "HTTP/1.1 429 Too Many Requests"
2026-09-07 21:44:09,120 WARNING crawler.llm.vertex_provider: Vertex AI lỗi tạm thời (lần 2/6), đợi 4.7s rồi thử lại: 429 RESOURCE_EXHAUSTED. {'error': {'code': 429, 'message': 'Resource exhausted. Please try again later. Please refer to 
2026-09-07 21:44:10,139 INFO httpx: HTTP Request: POST https://us-central1-aiplatform.googleapis.com/v1beta1/projects/project-bf21b155-6b73-4230-8ef/locations/us-central1/publishers/google/models/gemini-2.5-flash:generateContent "HTTP/1.1 200 OK"
2026-09-07 21:44:10,244 INFO crawler.llm.fallback: Gọi LLM provider: vertex-ai
2026-09-07 21:44:10,244 INFO google_genai.models: AFC is enabled with max remote calls: 10.
2026-09-07 21:44:10,575 INFO httpx: HTTP Request: POST https://us-central1-aiplatform.googleapis.com/v1beta1/projects/project-bf21b155-6b73-4230-8ef/locations/us-central1/publishers/google/models/gemini-2.5-flash:generateContent "HTTP/1.1 429 Too Many Requests"
2026-09-07 21:44:10,579 WARNING crawler.llm.vertex_provider: Vertex AI lỗi tạm thời (lần 1/6), đợi 2.3s rồi thử lại: 429 RESOURCE_EXHAUSTED. {'error': {'code': 429, 'message': 'Resource exhausted. Please try again later. Please refer to 
2026-09-07 21:44:10,668 INFO crawler.fetch.stealth_fetch: https://duhal.com.vn/den-pha-led-150w-kdj2150.html -> 429, retry lan 2
2026-09-07 21:44:10,668 INFO crawler.fetch.stealth_fetch: Server phản ứng chậm/từ chối - giãn nhịp fetch lên 8.0s
2026-09-07 21:44:12,863 INFO google_genai.models: AFC is enabled with max remote calls: 10.
2026-09-07 21:44:13,210 INFO httpx: HTTP Request: POST https://us-central1-aiplatform.googleapis.com/v1beta1/projects/project-bf21b155-6b73-4230-8ef/locations/us-central1/publishers/google/models/gemini-2.5-flash:generateContent "HTTP/1.1 429 Too Many Requests"
2026-09-07 21:44:13,211 WARNING crawler.llm.vertex_provider: Vertex AI lỗi tạm thời (lần 2/6), đợi 4.2s rồi thử lại: 429 RESOURCE_EXHAUSTED. {'error': {'code': 429, 'message': 'Resource exhausted. Please try again later. Please refer to 
2026-09-07 21:44:13,790 INFO google_genai.models: AFC is enabled with max remote calls: 10.
2026-09-07 21:44:15,361 INFO httpx: HTTP Request: POST https://us-central1-aiplatform.googleapis.com/v1beta1/projects/project-bf21b155-6b73-4230-8ef/locations/us-central1/publishers/google/models/gemini-2.5-flash:generateContent "HTTP/1.1 200 OK"
2026-09-07 21:44:15,467 INFO crawler.llm.fallback: Gọi LLM provider: vertex-ai
2026-09-07 21:44:15,468 INFO google_genai.models: AFC is enabled with max remote calls: 10.
2026-09-07 21:44:15,852 INFO httpx: HTTP Request: POST https://us-central1-aiplatform.googleapis.com/v1beta1/projects/project-bf21b155-6b73-4230-8ef/locations/us-central1/publishers/google/models/gemini-2.5-flash:generateContent "HTTP/1.1 429 Too Many Requests"
2026-09-07 21:44:15,853 WARNING crawler.llm.vertex_provider: Vertex AI lỗi tạm thời (lần 1/6), đợi 2.6s rồi thử lại: 429 RESOURCE_EXHAUSTED. {'error': {'code': 429, 'message': 'Resource exhausted. Please try again later. Please refer to 
2026-09-07 21:44:17,403 INFO google_genai.models: AFC is enabled with max remote calls: 10.
2026-09-07 21:44:17,819 INFO httpx: HTTP Request: POST https://us-central1-aiplatform.googleapis.com/v1beta1/projects/project-bf21b155-6b73-4230-8ef/locations/us-central1/publishers/google/models/gemini-2.5-flash:generateContent "HTTP/1.1 429 Too Many Requests"
2026-09-07 21:44:17,820 WARNING crawler.llm.vertex_provider: Vertex AI lỗi tạm thời (lần 3/6), đợi 8.5s rồi thử lại: 429 RESOURCE_EXHAUSTED. {'error': {'code': 429, 'message': 'Resource exhausted. Please try again later. Please refer to 
2026-09-07 21:44:18,437 INFO google_genai.models: AFC is enabled with max remote calls: 10.
2026-09-07 21:44:18,738 INFO httpx: HTTP Request: POST https://us-central1-aiplatform.googleapis.com/v1beta1/projects/project-bf21b155-6b73-4230-8ef/locations/us-central1/publishers/google/models/gemini-2.5-flash:generateContent "HTTP/1.1 429 Too Many Requests"
2026-09-07 21:44:18,740 WARNING crawler.llm.vertex_provider: Vertex AI lỗi tạm thời (lần 2/6), đợi 4.3s rồi thử lại: 429 RESOURCE_EXHAUSTED. {'error': {'code': 429, 'message': 'Resource exhausted. Please try again later. Please refer to 
2026-09-07 21:44:23,003 INFO google_genai.models: AFC is enabled with max remote calls: 10.
2026-09-07 21:44:23,348 INFO httpx: HTTP Request: POST https://us-central1-aiplatform.googleapis.com/v1beta1/projects/project-bf21b155-6b73-4230-8ef/locations/us-central1/publishers/google/models/gemini-2.5-flash:generateContent "HTTP/1.1 429 Too Many Requests"
2026-09-07 21:44:23,353 WARNING crawler.llm.vertex_provider: Vertex AI lỗi tạm thời (lần 3/6), đợi 8.8s rồi thử lại: 429 RESOURCE_EXHAUSTED. {'error': {'code': 429, 'message': 'Resource exhausted. Please try again later. Please refer to 
2026-09-07 21:44:26,299 INFO google_genai.models: AFC is enabled with max remote calls: 10.
2026-09-07 21:44:26,742 INFO crawler.fetch.stealth_fetch: https://duhal.com.vn/den-pha-led-200w-kdj2200.html -> 429, retry lan 1
2026-09-07 21:44:26,743 INFO crawler.fetch.stealth_fetch: Server phản ứng chậm/từ chối - giãn nhịp fetch lên 15.0s
2026-09-07 21:44:27,547 INFO httpx: HTTP Request: POST https://us-central1-aiplatform.googleapis.com/v1beta1/projects/project-bf21b155-6b73-4230-8ef/locations/us-central1/publishers/google/models/gemini-2.5-flash:generateContent "HTTP/1.1 429 Too Many Requests"
2026-09-07 21:44:27,549 WARNING crawler.llm.vertex_provider: Vertex AI lỗi tạm thời (lần 4/6), đợi 16.5s rồi thử lại: 429 RESOURCE_EXHAUSTED. {'error': {'code': 429, 'message': 'Resource exhausted. Please try again later. Please refer to 
2026-09-07 21:44:32,165 INFO google_genai.models: AFC is enabled with max remote calls: 10.
2026-09-07 21:44:32,464 INFO httpx: HTTP Request: POST https://us-central1-aiplatform.googleapis.com/v1beta1/projects/project-bf21b155-6b73-4230-8ef/locations/us-central1/publishers/google/models/gemini-2.5-flash:generateContent "HTTP/1.1 429 Too Many Requests"
2026-09-07 21:44:32,465 WARNING crawler.llm.vertex_provider: Vertex AI lỗi tạm thời (lần 4/6), đợi 16.2s rồi thử lại: 429 RESOURCE_EXHAUSTED. {'error': {'code': 429, 'message': 'Resource exhausted. Please try again later. Please refer to 
2026-09-07 21:44:44,083 INFO google_genai.models: AFC is enabled with max remote calls: 10.
2026-09-07 21:44:45,350 INFO httpx: HTTP Request: POST https://us-central1-aiplatform.googleapis.com/v1beta1/projects/project-bf21b155-6b73-4230-8ef/locations/us-central1/publishers/google/models/gemini-2.5-flash:generateContent "HTTP/1.1 429 Too Many Requests"
2026-09-07 21:44:45,351 WARNING crawler.llm.vertex_provider: Vertex AI lỗi tạm thời (lần 5/6), đợi 32.2s rồi thử lại: 429 RESOURCE_EXHAUSTED. {'error': {'code': 429, 'message': 'Resource exhausted. Please try again later. Please refer to 
2026-09-07 21:44:48,130 INFO httpx: HTTP Request: POST https://us-central1-aiplatform.googleapis.com/v1beta1/projects/project-bf21b155-6b73-4230-8ef/locations/us-central1/publishers/google/models/gemini-2.5-flash:generateContent "HTTP/1.1 429 Too Many Requests"
2026-09-07 21:44:48,131 WARNING crawler.llm.vertex_provider: Vertex AI lỗi tạm thời (lần 2/6), đợi 4.1s rồi thử lại: 429 RESOURCE_EXHAUSTED. {'error': {'code': 429, 'message': 'Resource exhausted. Please try again later. Please refer to 
2026-09-07 21:44:48,658 INFO google_genai.models: AFC is enabled with max remote calls: 10.
2026-09-07 21:44:49,607 INFO httpx: HTTP Request: POST https://us-central1-aiplatform.googleapis.com/v1beta1/projects/project-bf21b155-6b73-4230-8ef/locations/us-central1/publishers/google/models/gemini-2.5-flash:generateContent "HTTP/1.1 200 OK"
2026-09-07 21:44:49,820 INFO crawler.llm.fallback: Gọi LLM provider: vertex-ai
2026-09-07 21:44:49,821 INFO google_genai.models: AFC is enabled with max remote calls: 10.
2026-09-07 21:44:49,971 INFO httpx: HTTP Request: POST https://us-central1-aiplatform.googleapis.com/v1beta1/projects/project-bf21b155-6b73-4230-8ef/locations/us-central1/publishers/google/models/gemini-2.5-flash:generateContent "HTTP/1.1 200 OK"
2026-09-07 21:44:50,088 INFO crawler.llm.fallback: Gọi LLM provider: vertex-ai
2026-09-07 21:44:50,089 INFO google_genai.models: AFC is enabled with max remote calls: 10.
2026-09-07 21:44:50,158 INFO httpx: HTTP Request: POST https://us-central1-aiplatform.googleapis.com/v1beta1/projects/project-bf21b155-6b73-4230-8ef/locations/us-central1/publishers/google/models/gemini-2.5-flash:generateContent "HTTP/1.1 429 Too Many Requests"
2026-09-07 21:44:50,160 WARNING crawler.llm.vertex_provider: Vertex AI lỗi tạm thời (lần 1/6), đợi 3.0s rồi thử lại: 429 RESOURCE_EXHAUSTED. {'error': {'code': 429, 'message': 'Resource exhausted. Please try again later. Please refer to 
2026-09-07 21:44:51,460 INFO httpx: HTTP Request: POST https://us-central1-aiplatform.googleapis.com/v1beta1/projects/project-bf21b155-6b73-4230-8ef/locations/us-central1/publishers/google/models/gemini-2.5-flash:generateContent "HTTP/1.1 200 OK"
2026-09-07 21:44:51,581 INFO crawler.llm.fallback: Gọi LLM provider: vertex-ai
2026-09-07 21:44:51,582 INFO google_genai.models: AFC is enabled with max remote calls: 10.
2026-09-07 21:44:52,258 INFO google_genai.models: AFC is enabled with max remote calls: 10.
2026-09-07 21:44:53,121 INFO google_genai.models: AFC is enabled with max remote calls: 10.
2026-09-07 21:44:53,446 INFO httpx: HTTP Request: POST https://us-central1-aiplatform.googleapis.com/v1beta1/projects/project-bf21b155-6b73-4230-8ef/locations/us-central1/publishers/google/models/gemini-2.5-flash:generateContent "HTTP/1.1 200 OK"
2026-09-07 21:44:53,631 INFO crawler.llm.fallback: Gọi LLM provider: vertex-ai
2026-09-07 21:44:53,631 INFO google_genai.models: AFC is enabled with max remote calls: 10.
2026-09-07 21:44:55,020 INFO httpx: HTTP Request: POST https://us-central1-aiplatform.googleapis.com/v1beta1/projects/project-bf21b155-6b73-4230-8ef/locations/us-central1/publishers/google/models/gemini-2.5-flash:generateContent "HTTP/1.1 200 OK"
2026-09-07 21:44:55,182 INFO crawler.llm.fallback: Gọi LLM provider: vertex-ai
2026-09-07 21:44:55,183 INFO google_genai.models: AFC is enabled with max remote calls: 10.
2026-09-07 21:44:55,376 INFO httpx: HTTP Request: POST https://us-central1-aiplatform.googleapis.com/v1beta1/projects/project-bf21b155-6b73-4230-8ef/locations/us-central1/publishers/google/models/gemini-2.5-flash:generateContent "HTTP/1.1 200 OK"
2026-09-07 21:44:55,559 INFO crawler.llm.fallback: Gọi LLM provider: vertex-ai
2026-09-07 21:44:55,559 INFO google_genai.models: AFC is enabled with max remote calls: 10.
2026-09-07 21:44:56,867 INFO httpx: HTTP Request: POST https://us-central1-aiplatform.googleapis.com/v1beta1/projects/project-bf21b155-6b73-4230-8ef/locations/us-central1/publishers/google/models/gemini-2.5-flash:generateContent "HTTP/1.1 200 OK"
2026-09-07 21:44:57,106 INFO httpx: HTTP Request: POST https://us-central1-aiplatform.googleapis.com/v1beta1/projects/project-bf21b155-6b73-4230-8ef/locations/us-central1/publishers/google/models/gemini-2.5-flash:generateContent "HTTP/1.1 200 OK"
2026-09-07 21:44:57,358 WARNING crawler.pipeline: Fetch thất bại cho https://duhal.com.vn/den-led-san-golf-600w-sajg600.html: None
2026-09-07 21:44:57,367 INFO crawler.llm.fallback: Gọi LLM provider: vertex-ai
2026-09-07 21:44:57,368 INFO google_genai.models: AFC is enabled with max remote calls: 10.
2026-09-07 21:44:57,463 INFO crawler.llm.fallback: Gọi LLM provider: vertex-ai
2026-09-07 21:44:57,464 INFO google_genai.models: AFC is enabled with max remote calls: 10.
2026-09-07 21:44:58,563 INFO httpx: HTTP Request: POST https://us-central1-aiplatform.googleapis.com/v1beta1/projects/project-bf21b155-6b73-4230-8ef/locations/us-central1/publishers/google/models/gemini-2.5-flash:generateContent "HTTP/1.1 200 OK"
2026-09-07 21:44:58,772 INFO crawler.llm.fallback: Gọi LLM provider: vertex-ai
2026-09-07 21:44:58,772 INFO google_genai.models: AFC is enabled with max remote calls: 10.
2026-09-07 21:44:58,830 INFO httpx: HTTP Request: POST https://us-central1-aiplatform.googleapis.com/v1beta1/projects/project-bf21b155-6b73-4230-8ef/locations/us-central1/publishers/google/models/gemini-2.5-flash:generateContent "HTTP/1.1 200 OK"
2026-09-07 21:44:58,895 ERROR extruct._extruct: Failed to extract json-ld, raises Expecting ',' delimiter: line 8 column 23 (char 359)
Traceback (most recent call last):
  File "/home/tdh/Intern/rivals_crawl/.venv/lib/python3.11/site-packages/extruct/jsonld.py", line 39, in _extract_items
    data = json.loads(script, strict=False)
           ^^^^^^^^^^^^^^^^^^^^^^^^^^^^^^^^
  File "/home/tdh/.local/share/uv/python/cpython-3.11.15-linux-x86_64-gnu/lib/python3.11/json/__init__.py", line 359, in loads
    return cls(**kw).decode(s)
           ^^^^^^^^^^^^^^^^^^^
  File "/home/tdh/.local/share/uv/python/cpython-3.11.15-linux-x86_64-gnu/lib/python3.11/json/decoder.py", line 337, in decode
    obj, end = self.raw_decode(s, idx=_w(s, 0).end())
               ^^^^^^^^^^^^^^^^^^^^^^^^^^^^^^^^^^^^^^
  File "/home/tdh/.local/share/uv/python/cpython-3.11.15-linux-x86_64-gnu/lib/python3.11/json/decoder.py", line 353, in raw_decode
    obj, end = self.scan_once(s, idx)
               ^^^^^^^^^^^^^^^^^^^^^^
json.decoder.JSONDecodeError: Expecting ',' delimiter: line 8 column 23 (char 359)

During handling of the above exception, another exception occurred:

Traceback (most recent call last):
  File "/home/tdh/Intern/rivals_crawl/.venv/lib/python3.11/site-packages/extruct/_extruct.py", line 131, in extract
    output[syntax] = list(extract(document, base_url=base_url))
                          ^^^^^^^^^^^^^^^^^^^^^^^^^^^^^^^^^^^^
  File "/home/tdh/Intern/rivals_crawl/.venv/lib/python3.11/site-packages/extruct/jsonld.py", line 27, in extract_items
    return [
           ^
  File "/home/tdh/Intern/rivals_crawl/.venv/lib/python3.11/site-packages/extruct/jsonld.py", line 27, in <listcomp>
    return [
           ^
  File "/home/tdh/Intern/rivals_crawl/.venv/lib/python3.11/site-packages/extruct/jsonld.py", line 42, in _extract_items
    data = jstyleson.loads(HTML_OR_JS_COMMENTLINE.sub("", script), strict=False)
           ^^^^^^^^^^^^^^^^^^^^^^^^^^^^^^^^^^^^^^^^^^^^^^^^^^^^^^^^^^^^^^^^^^^^^
  File "/home/tdh/Intern/rivals_crawl/.venv/lib/python3.11/site-packages/jstyleson.py", line 123, in loads
    return json.loads(dispose(text), **kwargs)
           ^^^^^^^^^^^^^^^^^^^^^^^^^^^^^^^^^^^
  File "/home/tdh/.local/share/uv/python/cpython-3.11.15-linux-x86_64-gnu/lib/python3.11/json/__init__.py", line 359, in loads
    return cls(**kw).decode(s)
           ^^^^^^^^^^^^^^^^^^^
  File "/home/tdh/.local/share/uv/python/cpython-3.11.15-linux-x86_64-gnu/lib/python3.11/json/decoder.py", line 337, in decode
    obj, end = self.raw_decode(s, idx=_w(s, 0).end())
               ^^^^^^^^^^^^^^^^^^^^^^^^^^^^^^^^^^^^^^
  File "/home/tdh/.local/share/uv/python/cpython-3.11.15-linux-x86_64-gnu/lib/python3.11/json/decoder.py", line 353, in raw_decode
    obj, end = self.scan_once(s, idx)
               ^^^^^^^^^^^^^^^^^^^^^^
json.decoder.JSONDecodeError: Expecting ',' delimiter: line 8 column 23 (char 359)
2026-09-07 21:44:58,961 INFO crawler.llm.fallback: Gọi LLM provider: vertex-ai
2026-09-07 21:44:58,962 INFO google_genai.models: AFC is enabled with max remote calls: 10.
2026-09-07 21:44:59,288 INFO httpx: HTTP Request: POST https://us-central1-aiplatform.googleapis.com/v1beta1/projects/project-bf21b155-6b73-4230-8ef/locations/us-central1/publishers/google/models/gemini-2.5-flash:generateContent "HTTP/1.1 429 Too Many Requests"
2026-09-07 21:44:59,289 WARNING crawler.llm.vertex_provider: Vertex AI lỗi tạm thời (lần 1/6), đợi 2.3s rồi thử lại: 429 RESOURCE_EXHAUSTED. {'error': {'code': 429, 'message': 'Resource exhausted. Please try again later. Please refer to 
2026-09-07 21:45:00,110 INFO httpx: HTTP Request: POST https://us-central1-aiplatform.googleapis.com/v1beta1/projects/project-bf21b155-6b73-4230-8ef/locations/us-central1/publishers/google/models/gemini-2.5-flash:generateContent "HTTP/1.1 200 OK"
2026-09-07 21:45:00,282 INFO crawler.llm.fallback: Gọi LLM provider: vertex-ai
2026-09-07 21:45:00,282 INFO google_genai.models: AFC is enabled with max remote calls: 10.
2026-09-07 21:45:01,562 INFO google_genai.models: AFC is enabled with max remote calls: 10.
2026-09-07 21:45:01,817 INFO httpx: HTTP Request: POST https://us-central1-aiplatform.googleapis.com/v1beta1/projects/project-bf21b155-6b73-4230-8ef/locations/us-central1/publishers/google/models/gemini-2.5-flash:generateContent "HTTP/1.1 200 OK"
2026-09-07 21:45:01,901 INFO httpx: HTTP Request: POST https://us-central1-aiplatform.googleapis.com/v1beta1/projects/project-bf21b155-6b73-4230-8ef/locations/us-central1/publishers/google/models/gemini-2.5-flash:generateContent "HTTP/1.1 429 Too Many Requests"
2026-09-07 21:45:01,907 WARNING crawler.llm.vertex_provider: Vertex AI lỗi tạm thời (lần 2/6), đợi 4.5s rồi thử lại: 429 RESOURCE_EXHAUSTED. {'error': {'code': 429, 'message': 'Resource exhausted. Please try again later. Please refer to 
2026-09-07 21:45:01,930 INFO crawler.llm.fallback: Gọi LLM provider: vertex-ai
2026-09-07 21:45:01,930 INFO google_genai.models: AFC is enabled with max remote calls: 10.
2026-09-07 21:45:03,695 INFO httpx: HTTP Request: POST https://us-central1-aiplatform.googleapis.com/v1beta1/projects/project-bf21b155-6b73-4230-8ef/locations/us-central1/publishers/google/models/gemini-2.5-flash:generateContent "HTTP/1.1 200 OK"
2026-09-07 21:45:03,817 INFO crawler.llm.fallback: Gọi LLM provider: vertex-ai
2026-09-07 21:45:03,817 INFO google_genai.models: AFC is enabled with max remote calls: 10.
2026-09-07 21:45:04,150 INFO httpx: HTTP Request: POST https://us-central1-aiplatform.googleapis.com/v1beta1/projects/project-bf21b155-6b73-4230-8ef/locations/us-central1/publishers/google/models/gemini-2.5-flash:generateContent "HTTP/1.1 429 Too Many Requests"
2026-09-07 21:45:04,152 WARNING crawler.llm.vertex_provider: Vertex AI lỗi tạm thời (lần 1/6), đợi 2.2s rồi thử lại: 429 RESOURCE_EXHAUSTED. {'error': {'code': 429, 'message': 'Resource exhausted. Please try again later. Please refer to 
2026-09-07 21:45:06,340 INFO google_genai.models: AFC is enabled with max remote calls: 10.
2026-09-07 21:45:06,401 INFO google_genai.models: AFC is enabled with max remote calls: 10.
2026-09-07 21:45:06,728 INFO httpx: HTTP Request: POST https://us-central1-aiplatform.googleapis.com/v1beta1/projects/project-bf21b155-6b73-4230-8ef/locations/us-central1/publishers/google/models/gemini-2.5-flash:generateContent "HTTP/1.1 429 Too Many Requests"
2026-09-07 21:45:06,733 WARNING crawler.llm.vertex_provider: Vertex AI lỗi tạm thời (lần 3/6), đợi 8.4s rồi thử lại: 429 RESOURCE_EXHAUSTED. {'error': {'code': 429, 'message': 'Resource exhausted. Please try again later. Please refer to 
2026-09-07 21:45:07,787 INFO httpx: HTTP Request: POST https://us-central1-aiplatform.googleapis.com/v1beta1/projects/project-bf21b155-6b73-4230-8ef/locations/us-central1/publishers/google/models/gemini-2.5-flash:generateContent "HTTP/1.1 200 OK"
2026-09-07 21:45:07,905 INFO crawler.llm.fallback: Gọi LLM provider: vertex-ai
2026-09-07 21:45:07,906 INFO google_genai.models: AFC is enabled with max remote calls: 10.
2026-09-07 21:45:09,433 INFO httpx: HTTP Request: POST https://us-central1-aiplatform.googleapis.com/v1beta1/projects/project-bf21b155-6b73-4230-8ef/locations/us-central1/publishers/google/models/gemini-2.5-flash:generateContent "HTTP/1.1 200 OK"
2026-09-07 21:45:09,538 ERROR extruct._extruct: Failed to extract json-ld, raises Expecting ',' delimiter: line 8 column 23 (char 359)
Traceback (most recent call last):
  File "/home/tdh/Intern/rivals_crawl/.venv/lib/python3.11/site-packages/extruct/jsonld.py", line 39, in _extract_items
    data = json.loads(script, strict=False)
           ^^^^^^^^^^^^^^^^^^^^^^^^^^^^^^^^
  File "/home/tdh/.local/share/uv/python/cpython-3.11.15-linux-x86_64-gnu/lib/python3.11/json/__init__.py", line 359, in loads
    return cls(**kw).decode(s)
           ^^^^^^^^^^^^^^^^^^^
  File "/home/tdh/.local/share/uv/python/cpython-3.11.15-linux-x86_64-gnu/lib/python3.11/json/decoder.py", line 337, in decode
    obj, end = self.raw_decode(s, idx=_w(s, 0).end())
               ^^^^^^^^^^^^^^^^^^^^^^^^^^^^^^^^^^^^^^
  File "/home/tdh/.local/share/uv/python/cpython-3.11.15-linux-x86_64-gnu/lib/python3.11/json/decoder.py", line 353, in raw_decode
    obj, end = self.scan_once(s, idx)
               ^^^^^^^^^^^^^^^^^^^^^^
json.decoder.JSONDecodeError: Expecting ',' delimiter: line 8 column 23 (char 359)

During handling of the above exception, another exception occurred:

Traceback (most recent call last):
  File "/home/tdh/Intern/rivals_crawl/.venv/lib/python3.11/site-packages/extruct/_extruct.py", line 131, in extract
    output[syntax] = list(extract(document, base_url=base_url))
                          ^^^^^^^^^^^^^^^^^^^^^^^^^^^^^^^^^^^^
  File "/home/tdh/Intern/rivals_crawl/.venv/lib/python3.11/site-packages/extruct/jsonld.py", line 27, in extract_items
    return [
           ^
  File "/home/tdh/Intern/rivals_crawl/.venv/lib/python3.11/site-packages/extruct/jsonld.py", line 27, in <listcomp>
    return [
           ^
  File "/home/tdh/Intern/rivals_crawl/.venv/lib/python3.11/site-packages/extruct/jsonld.py", line 42, in _extract_items
    data = jstyleson.loads(HTML_OR_JS_COMMENTLINE.sub("", script), strict=False)
           ^^^^^^^^^^^^^^^^^^^^^^^^^^^^^^^^^^^^^^^^^^^^^^^^^^^^^^^^^^^^^^^^^^^^^
  File "/home/tdh/Intern/rivals_crawl/.venv/lib/python3.11/site-packages/jstyleson.py", line 123, in loads
    return json.loads(dispose(text), **kwargs)
           ^^^^^^^^^^^^^^^^^^^^^^^^^^^^^^^^^^^
  File "/home/tdh/.local/share/uv/python/cpython-3.11.15-linux-x86_64-gnu/lib/python3.11/json/__init__.py", line 359, in loads
    return cls(**kw).decode(s)
           ^^^^^^^^^^^^^^^^^^^
  File "/home/tdh/.local/share/uv/python/cpython-3.11.15-linux-x86_64-gnu/lib/python3.11/json/decoder.py", line 337, in decode
    obj, end = self.raw_decode(s, idx=_w(s, 0).end())
               ^^^^^^^^^^^^^^^^^^^^^^^^^^^^^^^^^^^^^^
  File "/home/tdh/.local/share/uv/python/cpython-3.11.15-linux-x86_64-gnu/lib/python3.11/json/decoder.py", line 353, in raw_decode
    obj, end = self.scan_once(s, idx)
               ^^^^^^^^^^^^^^^^^^^^^^
json.decoder.JSONDecodeError: Expecting ',' delimiter: line 8 column 23 (char 359)
2026-09-07 21:45:09,636 INFO crawler.llm.fallback: Gọi LLM provider: vertex-ai
2026-09-07 21:45:09,636 INFO google_genai.models: AFC is enabled with max remote calls: 10.
2026-09-07 21:45:10,847 INFO httpx: HTTP Request: POST https://us-central1-aiplatform.googleapis.com/v1beta1/projects/project-bf21b155-6b73-4230-8ef/locations/us-central1/publishers/google/models/gemini-2.5-flash:generateContent "HTTP/1.1 200 OK"
2026-09-07 21:45:10,982 INFO crawler.llm.fallback: Gọi LLM provider: vertex-ai
2026-09-07 21:45:10,982 INFO google_genai.models: AFC is enabled with max remote calls: 10.
2026-09-07 21:45:12,258 INFO crawler.fetch.stealth_fetch: https://duhal.com.vn/den-pin-doi-dau-dse104.html -> 429, retry lan 1
2026-09-07 21:45:12,258 INFO crawler.fetch.stealth_fetch: Server phản ứng chậm/từ chối - giãn nhịp fetch lên 1.0s
2026-09-07 21:45:12,360 INFO httpx: HTTP Request: POST https://us-central1-aiplatform.googleapis.com/v1beta1/projects/project-bf21b155-6b73-4230-8ef/locations/us-central1/publishers/google/models/gemini-2.5-flash:generateContent "HTTP/1.1 200 OK"
2026-09-07 21:45:12,694 INFO crawler.llm.fallback: Gọi LLM provider: vertex-ai
2026-09-07 21:45:12,695 INFO google_genai.models: AFC is enabled with max remote calls: 10.
2026-09-07 21:45:13,013 INFO httpx: HTTP Request: POST https://us-central1-aiplatform.googleapis.com/v1beta1/projects/project-bf21b155-6b73-4230-8ef/locations/us-central1/publishers/google/models/gemini-2.5-flash:generateContent "HTTP/1.1 429 Too Many Requests"
2026-09-07 21:45:13,015 WARNING crawler.llm.vertex_provider: Vertex AI lỗi tạm thời (lần 1/6), đợi 2.3s rồi thử lại: 429 RESOURCE_EXHAUSTED. {'error': {'code': 429, 'message': 'Resource exhausted. Please try again later. Please refer to 
2026-09-07 21:45:14,083 INFO crawler.fetch.stealth_fetch: https://duhal.com.vn/den-pin-doi-dau-dse104.html -> 429, retry lan 2
2026-09-07 21:45:14,083 INFO crawler.fetch.stealth_fetch: Server phản ứng chậm/từ chối - giãn nhịp fetch lên 2.0s
2026-09-07 21:45:15,094 INFO google_genai.models: AFC is enabled with max remote calls: 10.
2026-09-07 21:45:15,297 INFO google_genai.models: AFC is enabled with max remote calls: 10.
2026-09-07 21:45:16,496 INFO httpx: HTTP Request: POST https://us-central1-aiplatform.googleapis.com/v1beta1/projects/project-bf21b155-6b73-4230-8ef/locations/us-central1/publishers/google/models/gemini-2.5-flash:generateContent "HTTP/1.1 200 OK"
2026-09-07 21:45:16,614 INFO crawler.llm.fallback: Gọi LLM provider: vertex-ai
2026-09-07 21:45:16,614 INFO google_genai.models: AFC is enabled with max remote calls: 10.
2026-09-07 21:45:17,007 INFO httpx: HTTP Request: POST https://us-central1-aiplatform.googleapis.com/v1beta1/projects/project-bf21b155-6b73-4230-8ef/locations/us-central1/publishers/google/models/gemini-2.5-flash:generateContent "HTTP/1.1 429 Too Many Requests"
2026-09-07 21:45:17,009 WARNING crawler.llm.vertex_provider: Vertex AI lỗi tạm thời (lần 1/6), đợi 2.4s rồi thử lại: 429 RESOURCE_EXHAUSTED. {'error': {'code': 429, 'message': 'Resource exhausted. Please try again later. Please refer to 
2026-09-07 21:45:17,578 INFO google_genai.models: AFC is enabled with max remote calls: 10.
2026-09-07 21:45:17,805 INFO httpx: HTTP Request: POST https://us-central1-aiplatform.googleapis.com/v1beta1/projects/project-bf21b155-6b73-4230-8ef/locations/us-central1/publishers/google/models/gemini-2.5-flash:generateContent "HTTP/1.1 200 OK"
2026-09-07 21:45:17,888 INFO httpx: HTTP Request: POST https://us-central1-aiplatform.googleapis.com/v1beta1/projects/project-bf21b155-6b73-4230-8ef/locations/us-central1/publishers/google/models/gemini-2.5-flash:generateContent "HTTP/1.1 429 Too Many Requests"
2026-09-07 21:45:17,892 WARNING crawler.llm.fallback: Provider vertex-ai thất bại (Vertex AI lỗi: 429 RESOURCE_EXHAUSTED. {'error': {'code': 429, 'message': 'Resource exhausted. Please try again later. Please refer to https://cloud.google.com/vertex-ai/generative-ai/docs/error-code-429 for more details.', 'status': 'RESOURCE_EXHAUSTED'}}), chuyển sang provider tiếp theo
2026-09-07 21:45:17,892 INFO crawler.llm.fallback: Gọi LLM provider: deepseek
2026-09-07 21:45:17,916 INFO crawler.llm.fallback: Gọi LLM provider: vertex-ai
2026-09-07 21:45:17,917 INFO google_genai.models: AFC is enabled with max remote calls: 10.
2026-09-07 21:45:18,236 INFO httpx: HTTP Request: POST https://us-central1-aiplatform.googleapis.com/v1beta1/projects/project-bf21b155-6b73-4230-8ef/locations/us-central1/publishers/google/models/gemini-2.5-flash:generateContent "HTTP/1.1 429 Too Many Requests"
2026-09-07 21:45:18,237 WARNING crawler.llm.vertex_provider: Vertex AI lỗi tạm thời (lần 1/6), đợi 2.9s rồi thử lại: 429 RESOURCE_EXHAUSTED. {'error': {'code': 429, 'message': 'Resource exhausted. Please try again later. Please refer to 
2026-09-07 21:45:18,440 INFO httpx2: HTTP Request: POST https://api.deepseek.com/chat/completions "HTTP/1.1 402 Payment Required"
2026-09-07 21:45:18,442 WARNING crawler.llm.fallback: Provider deepseek thất bại (DeepSeek lỗi: Error code: 402 - {'error': {'message': 'Insufficient Balance', 'type': 'unknown_error', 'param': None, 'code': 'invalid_request_error'}}), chuyển sang provider tiếp theo
2026-09-07 21:45:18,442 WARNING crawler.pipeline: Tầng 2 (LLM) thất bại cho https://duhal.com.vn/den-led-panel-vien-kinh-6w-dgv206.html: Tất cả LLM provider đều thất bại: DeepSeek lỗi: Error code: 402 - {'error': {'message': 'Insufficient Balance', 'type': 'unknown_error', 'param': None, 'code': 'invalid_request_error'}}
2026-09-07 21:45:18,556 INFO crawler.llm.fallback: Gọi LLM provider: vertex-ai
2026-09-07 21:45:18,556 INFO google_genai.models: AFC is enabled with max remote calls: 10.
2026-09-07 21:45:18,843 INFO httpx: HTTP Request: POST https://us-central1-aiplatform.googleapis.com/v1beta1/projects/project-bf21b155-6b73-4230-8ef/locations/us-central1/publishers/google/models/gemini-2.5-flash:generateContent "HTTP/1.1 429 Too Many Requests"
2026-09-07 21:45:18,847 WARNING crawler.llm.vertex_provider: Vertex AI lỗi tạm thời (lần 1/6), đợi 2.6s rồi thử lại: 429 RESOURCE_EXHAUSTED. {'error': {'code': 429, 'message': 'Resource exhausted. Please try again later. Please refer to 
2026-09-07 21:45:19,405 INFO crawler.fetch.stealth_fetch: https://duhal.com.vn/den-pin-doi-dau-dse105.html -> 429, retry lan 1
2026-09-07 21:45:19,405 INFO crawler.fetch.stealth_fetch: Server phản ứng chậm/từ chối - giãn nhịp fetch lên 4.0s
2026-09-07 21:45:19,455 INFO google_genai.models: AFC is enabled with max remote calls: 10.
2026-09-07 21:45:19,772 INFO httpx: HTTP Request: POST https://us-central1-aiplatform.googleapis.com/v1beta1/projects/project-bf21b155-6b73-4230-8ef/locations/us-central1/publishers/google/models/gemini-2.5-flash:generateContent "HTTP/1.1 429 Too Many Requests"
2026-09-07 21:45:19,774 WARNING crawler.llm.vertex_provider: Vertex AI lỗi tạm thời (lần 2/6), đợi 4.3s rồi thử lại: 429 RESOURCE_EXHAUSTED. {'error': {'code': 429, 'message': 'Resource exhausted. Please try again later. Please refer to 
2026-09-07 21:45:21,113 INFO google_genai.models: AFC is enabled with max remote calls: 10.
2026-09-07 21:45:21,479 INFO google_genai.models: AFC is enabled with max remote calls: 10.
2026-09-07 21:45:21,488 INFO httpx: HTTP Request: POST https://us-central1-aiplatform.googleapis.com/v1beta1/projects/project-bf21b155-6b73-4230-8ef/locations/us-central1/publishers/google/models/gemini-2.5-flash:generateContent "HTTP/1.1 429 Too Many Requests"
2026-09-07 21:45:21,489 WARNING crawler.llm.vertex_provider: Vertex AI lỗi tạm thời (lần 2/6), đợi 4.2s rồi thử lại: 429 RESOURCE_EXHAUSTED. {'error': {'code': 429, 'message': 'Resource exhausted. Please try again later. Please refer to 
2026-09-07 21:45:21,820 INFO httpx: HTTP Request: POST https://us-central1-aiplatform.googleapis.com/v1beta1/projects/project-bf21b155-6b73-4230-8ef/locations/us-central1/publishers/google/models/gemini-2.5-flash:generateContent "HTTP/1.1 429 Too Many Requests"
2026-09-07 21:45:21,822 WARNING crawler.llm.vertex_provider: Vertex AI lỗi tạm thời (lần 2/6), đợi 4.2s rồi thử lại: 429 RESOURCE_EXHAUSTED. {'error': {'code': 429, 'message': 'Resource exhausted. Please try again later. Please refer to 
2026-09-07 21:45:23,412 INFO crawler.fetch.stealth_fetch: https://duhal.com.vn/den-pin-doi-dau-dse105.html -> 429, retry lan 2
2026-09-07 21:45:23,412 INFO crawler.fetch.stealth_fetch: Server phản ứng chậm/từ chối - giãn nhịp fetch lên 8.0s
2026-09-07 21:45:24,116 INFO google_genai.models: AFC is enabled with max remote calls: 10.
2026-09-07 21:45:24,483 INFO httpx: HTTP Request: POST https://us-central1-aiplatform.googleapis.com/v1beta1/projects/project-bf21b155-6b73-4230-8ef/locations/us-central1/publishers/google/models/gemini-2.5-flash:generateContent "HTTP/1.1 429 Too Many Requests"
2026-09-07 21:45:24,485 WARNING crawler.llm.vertex_provider: Vertex AI lỗi tạm thời (lần 3/6), đợi 8.6s rồi thử lại: 429 RESOURCE_EXHAUSTED. {'error': {'code': 429, 'message': 'Resource exhausted. Please try again later. Please refer to 
2026-09-07 21:45:25,645 INFO google_genai.models: AFC is enabled with max remote calls: 10.
2026-09-07 21:45:25,997 INFO httpx: HTTP Request: POST https://us-central1-aiplatform.googleapis.com/v1beta1/projects/project-bf21b155-6b73-4230-8ef/locations/us-central1/publishers/google/models/gemini-2.5-flash:generateContent "HTTP/1.1 429 Too Many Requests"
2026-09-07 21:45:26,002 WARNING crawler.llm.vertex_provider: Vertex AI lỗi tạm thời (lần 3/6), đợi 8.2s rồi thử lại: 429 RESOURCE_EXHAUSTED. {'error': {'code': 429, 'message': 'Resource exhausted. Please try again later. Please refer to 
2026-09-07 21:45:26,058 INFO google_genai.models: AFC is enabled with max remote calls: 10.
2026-09-07 21:45:26,428 INFO httpx: HTTP Request: POST https://us-central1-aiplatform.googleapis.com/v1beta1/projects/project-bf21b155-6b73-4230-8ef/locations/us-central1/publishers/google/models/gemini-2.5-flash:generateContent "HTTP/1.1 429 Too Many Requests"
2026-09-07 21:45:26,430 WARNING crawler.llm.vertex_provider: Vertex AI lỗi tạm thời (lần 3/6), đợi 8.6s rồi thử lại: 429 RESOURCE_EXHAUSTED. {'error': {'code': 429, 'message': 'Resource exhausted. Please try again later. Please refer to 
2026-09-07 21:45:33,062 INFO google_genai.models: AFC is enabled with max remote calls: 10.
2026-09-07 21:45:34,229 INFO google_genai.models: AFC is enabled with max remote calls: 10.
2026-09-07 21:45:35,008 INFO google_genai.models: AFC is enabled with max remote calls: 10.
2026-09-07 21:45:35,542 INFO httpx: HTTP Request: POST https://us-central1-aiplatform.googleapis.com/v1beta1/projects/project-bf21b155-6b73-4230-8ef/locations/us-central1/publishers/google/models/gemini-2.5-flash:generateContent "HTTP/1.1 200 OK"
2026-09-07 21:45:35,543 INFO httpx: HTTP Request: POST https://us-central1-aiplatform.googleapis.com/v1beta1/projects/project-bf21b155-6b73-4230-8ef/locations/us-central1/publishers/google/models/gemini-2.5-flash:generateContent "HTTP/1.1 429 Too Many Requests"
2026-09-07 21:45:35,544 WARNING crawler.llm.vertex_provider: Vertex AI lỗi tạm thời (lần 4/6), đợi 16.2s rồi thử lại: 429 RESOURCE_EXHAUSTED. {'error': {'code': 429, 'message': 'Resource exhausted. Please try again later. Please refer to 
2026-09-07 21:45:35,648 INFO crawler.llm.fallback: Gọi LLM provider: vertex-ai
2026-09-07 21:45:35,649 INFO google_genai.models: AFC is enabled with max remote calls: 10.
2026-09-07 21:45:36,053 INFO httpx: HTTP Request: POST https://us-central1-aiplatform.googleapis.com/v1beta1/projects/project-bf21b155-6b73-4230-8ef/locations/us-central1/publishers/google/models/gemini-2.5-flash:generateContent "HTTP/1.1 429 Too Many Requests"
2026-09-07 21:45:36,055 WARNING crawler.llm.vertex_provider: Vertex AI lỗi tạm thời (lần 1/6), đợi 2.1s rồi thử lại: 429 RESOURCE_EXHAUSTED. {'error': {'code': 429, 'message': 'Resource exhausted. Please try again later. Please refer to 
2026-09-07 21:45:36,272 INFO httpx: HTTP Request: POST https://us-central1-aiplatform.googleapis.com/v1beta1/projects/project-bf21b155-6b73-4230-8ef/locations/us-central1/publishers/google/models/gemini-2.5-flash:generateContent "HTTP/1.1 429 Too Many Requests"
2026-09-07 21:45:36,273 WARNING crawler.llm.vertex_provider: Vertex AI lỗi tạm thời (lần 4/6), đợi 17.0s rồi thử lại: 429 RESOURCE_EXHAUSTED. {'error': {'code': 429, 'message': 'Resource exhausted. Please try again later. Please refer to 
2026-09-07 21:45:38,200 INFO google_genai.models: AFC is enabled with max remote calls: 10.
2026-09-07 21:45:38,613 INFO httpx: HTTP Request: POST https://us-central1-aiplatform.googleapis.com/v1beta1/projects/project-bf21b155-6b73-4230-8ef/locations/us-central1/publishers/google/models/gemini-2.5-flash:generateContent "HTTP/1.1 429 Too Many Requests"
2026-09-07 21:45:38,614 WARNING crawler.llm.vertex_provider: Vertex AI lỗi tạm thời (lần 2/6), đợi 4.6s rồi thử lại: 429 RESOURCE_EXHAUSTED. {'error': {'code': 429, 'message': 'Resource exhausted. Please try again later. Please refer to 
2026-09-07 21:45:39,405 INFO crawler.fetch.stealth_fetch: https://duhal.com.vn/den-pin-doi-dau-dse107.html -> 429, retry lan 1
2026-09-07 21:45:39,405 INFO crawler.fetch.stealth_fetch: Server phản ứng chậm/từ chối - giãn nhịp fetch lên 15.0s
2026-09-07 21:45:43,198 INFO google_genai.models: AFC is enabled with max remote calls: 10.
2026-09-07 21:45:43,542 INFO httpx: HTTP Request: POST https://us-central1-aiplatform.googleapis.com/v1beta1/projects/project-bf21b155-6b73-4230-8ef/locations/us-central1/publishers/google/models/gemini-2.5-flash:generateContent "HTTP/1.1 429 Too Many Requests"
2026-09-07 21:45:43,544 WARNING crawler.llm.vertex_provider: Vertex AI lỗi tạm thời (lần 3/6), đợi 8.0s rồi thử lại: 429 RESOURCE_EXHAUSTED. {'error': {'code': 429, 'message': 'Resource exhausted. Please try again later. Please refer to 
2026-09-07 21:45:51,582 INFO google_genai.models: AFC is enabled with max remote calls: 10.
2026-09-07 21:45:51,766 INFO google_genai.models: AFC is enabled with max remote calls: 10.
2026-09-07 21:45:53,052 INFO httpx: HTTP Request: POST https://us-central1-aiplatform.googleapis.com/v1beta1/projects/project-bf21b155-6b73-4230-8ef/locations/us-central1/publishers/google/models/gemini-2.5-flash:generateContent "HTTP/1.1 429 Too Many Requests"
2026-09-07 21:45:53,053 WARNING crawler.llm.vertex_provider: Vertex AI lỗi tạm thời (lần 5/6), đợi 32.9s rồi thử lại: 429 RESOURCE_EXHAUSTED. {'error': {'code': 429, 'message': 'Resource exhausted. Please try again later. Please refer to 
2026-09-07 21:45:53,242 INFO google_genai.models: AFC is enabled with max remote calls: 10.
2026-09-07 21:45:53,649 INFO httpx: HTTP Request: POST https://us-central1-aiplatform.googleapis.com/v1beta1/projects/project-bf21b155-6b73-4230-8ef/locations/us-central1/publishers/google/models/gemini-2.5-flash:generateContent "HTTP/1.1 429 Too Many Requests"
2026-09-07 21:45:53,650 WARNING crawler.llm.vertex_provider: Vertex AI lỗi tạm thời (lần 5/6), đợi 32.7s rồi thử lại: 429 RESOURCE_EXHAUSTED. {'error': {'code': 429, 'message': 'Resource exhausted. Please try again later. Please refer to 
2026-09-07 21:45:53,716 INFO httpx: HTTP Request: POST https://us-central1-aiplatform.googleapis.com/v1beta1/projects/project-bf21b155-6b73-4230-8ef/locations/us-central1/publishers/google/models/gemini-2.5-flash:generateContent "HTTP/1.1 200 OK"
2026-09-07 21:45:53,840 INFO crawler.llm.fallback: Gọi LLM provider: vertex-ai
2026-09-07 21:45:53,841 INFO google_genai.models: AFC is enabled with max remote calls: 10.
2026-09-07 21:45:55,169 INFO httpx: HTTP Request: POST https://us-central1-aiplatform.googleapis.com/v1beta1/projects/project-bf21b155-6b73-4230-8ef/locations/us-central1/publishers/google/models/gemini-2.5-flash:generateContent "HTTP/1.1 200 OK"
2026-09-07 21:45:55,281 INFO crawler.llm.fallback: Gọi LLM provider: vertex-ai
2026-09-07 21:45:55,281 INFO google_genai.models: AFC is enabled with max remote calls: 10.
2026-09-07 21:45:56,738 INFO httpx: HTTP Request: POST https://us-central1-aiplatform.googleapis.com/v1beta1/projects/project-bf21b155-6b73-4230-8ef/locations/us-central1/publishers/google/models/gemini-2.5-flash:generateContent "HTTP/1.1 200 OK"
2026-09-07 21:45:56,847 INFO crawler.llm.fallback: Gọi LLM provider: vertex-ai
2026-09-07 21:45:56,847 INFO google_genai.models: AFC is enabled with max remote calls: 10.
2026-09-07 21:45:58,480 INFO httpx: HTTP Request: POST https://us-central1-aiplatform.googleapis.com/v1beta1/projects/project-bf21b155-6b73-4230-8ef/locations/us-central1/publishers/google/models/gemini-2.5-flash:generateContent "HTTP/1.1 200 OK"
2026-09-07 21:45:58,598 INFO crawler.llm.fallback: Gọi LLM provider: vertex-ai
2026-09-07 21:45:58,599 INFO google_genai.models: AFC is enabled with max remote calls: 10.
2026-09-07 21:46:00,220 INFO httpx: HTTP Request: POST https://us-central1-aiplatform.googleapis.com/v1beta1/projects/project-bf21b155-6b73-4230-8ef/locations/us-central1/publishers/google/models/gemini-2.5-flash:generateContent "HTTP/1.1 200 OK"
2026-09-07 21:46:00,327 INFO crawler.llm.fallback: Gọi LLM provider: vertex-ai
2026-09-07 21:46:00,328 INFO google_genai.models: AFC is enabled with max remote calls: 10.
2026-09-07 21:46:02,321 INFO httpx: HTTP Request: POST https://us-central1-aiplatform.googleapis.com/v1beta1/projects/project-bf21b155-6b73-4230-8ef/locations/us-central1/publishers/google/models/gemini-2.5-flash:generateContent "HTTP/1.1 200 OK"
2026-09-07 21:46:02,521 INFO crawler.llm.fallback: Gọi LLM provider: vertex-ai
2026-09-07 21:46:02,521 INFO google_genai.models: AFC is enabled with max remote calls: 10.
2026-09-07 21:46:03,907 INFO httpx: HTTP Request: POST https://us-central1-aiplatform.googleapis.com/v1beta1/projects/project-bf21b155-6b73-4230-8ef/locations/us-central1/publishers/google/models/gemini-2.5-flash:generateContent "HTTP/1.1 200 OK"
2026-09-07 21:46:04,172 WARNING crawler.pipeline: Fetch thất bại cho https://duhal.com.vn/den-led-soi-guong-chong-tham-9w-lse0091: None
2026-09-07 21:46:04,172 WARNING crawler.pipeline: Fetch thất bại cho https://duhal.com.vn/den-led-soi-guong-chong-tham-doi-mau-9w-lse0091n: None
2026-09-07 21:46:04,236 INFO crawler.llm.fallback: Gọi LLM provider: vertex-ai
2026-09-07 21:46:04,236 INFO google_genai.models: AFC is enabled with max remote calls: 10.
2026-09-07 21:46:05,571 INFO httpx: HTTP Request: POST https://us-central1-aiplatform.googleapis.com/v1beta1/projects/project-bf21b155-6b73-4230-8ef/locations/us-central1/publishers/google/models/gemini-2.5-flash:generateContent "HTTP/1.1 200 OK"
2026-09-07 21:46:05,681 INFO crawler.llm.fallback: Gọi LLM provider: vertex-ai
2026-09-07 21:46:05,682 INFO google_genai.models: AFC is enabled with max remote calls: 10.
2026-09-07 21:46:06,979 INFO httpx: HTTP Request: POST https://us-central1-aiplatform.googleapis.com/v1beta1/projects/project-bf21b155-6b73-4230-8ef/locations/us-central1/publishers/google/models/gemini-2.5-flash:generateContent "HTTP/1.1 200 OK"
2026-09-07 21:46:07,085 INFO crawler.llm.fallback: Gọi LLM provider: vertex-ai
2026-09-07 21:46:07,085 INFO google_genai.models: AFC is enabled with max remote calls: 10.
2026-09-07 21:46:08,339 INFO httpx: HTTP Request: POST https://us-central1-aiplatform.googleapis.com/v1beta1/projects/project-bf21b155-6b73-4230-8ef/locations/us-central1/publishers/google/models/gemini-2.5-flash:generateContent "HTTP/1.1 200 OK"
2026-09-07 21:46:08,470 INFO crawler.llm.fallback: Gọi LLM provider: vertex-ai
2026-09-07 21:46:08,471 INFO google_genai.models: AFC is enabled with max remote calls: 10.
2026-09-07 21:46:10,111 INFO httpx: HTTP Request: POST https://us-central1-aiplatform.googleapis.com/v1beta1/projects/project-bf21b155-6b73-4230-8ef/locations/us-central1/publishers/google/models/gemini-2.5-flash:generateContent "HTTP/1.1 200 OK"
2026-09-07 21:46:10,286 INFO crawler.llm.fallback: Gọi LLM provider: vertex-ai
2026-09-07 21:46:10,287 INFO google_genai.models: AFC is enabled with max remote calls: 10.
2026-09-07 21:46:16,993 INFO httpx: HTTP Request: POST https://us-central1-aiplatform.googleapis.com/v1beta1/projects/project-bf21b155-6b73-4230-8ef/locations/us-central1/publishers/google/models/gemini-2.5-flash:generateContent "HTTP/1.1 429 Too Many Requests"
2026-09-07 21:46:16,995 WARNING crawler.llm.vertex_provider: Vertex AI lỗi tạm thời (lần 1/6), đợi 2.7s rồi thử lại: 429 RESOURCE_EXHAUSTED. {'error': {'code': 429, 'message': 'Resource exhausted. Please try again later. Please refer to 
2026-09-07 21:46:19,733 INFO google_genai.models: AFC is enabled with max remote calls: 10.
2026-09-07 21:46:20,086 INFO httpx: HTTP Request: POST https://us-central1-aiplatform.googleapis.com/v1beta1/projects/project-bf21b155-6b73-4230-8ef/locations/us-central1/publishers/google/models/gemini-2.5-flash:generateContent "HTTP/1.1 429 Too Many Requests"
2026-09-07 21:46:20,088 WARNING crawler.llm.vertex_provider: Vertex AI lỗi tạm thời (lần 2/6), đợi 4.0s rồi thử lại: 429 RESOURCE_EXHAUSTED. {'error': {'code': 429, 'message': 'Resource exhausted. Please try again later. Please refer to 
2026-09-07 21:46:24,126 INFO google_genai.models: AFC is enabled with max remote calls: 10.
2026-09-07 21:46:24,406 INFO httpx: HTTP Request: POST https://us-central1-aiplatform.googleapis.com/v1beta1/projects/project-bf21b155-6b73-4230-8ef/locations/us-central1/publishers/google/models/gemini-2.5-flash:generateContent "HTTP/1.1 429 Too Many Requests"
2026-09-07 21:46:24,410 WARNING crawler.llm.vertex_provider: Vertex AI lỗi tạm thời (lần 3/6), đợi 8.9s rồi thử lại: 429 RESOURCE_EXHAUSTED. {'error': {'code': 429, 'message': 'Resource exhausted. Please try again later. Please refer to 
2026-09-07 21:46:25,949 INFO google_genai.models: AFC is enabled with max remote calls: 10.
2026-09-07 21:46:26,267 INFO httpx: HTTP Request: POST https://us-central1-aiplatform.googleapis.com/v1beta1/projects/project-bf21b155-6b73-4230-8ef/locations/us-central1/publishers/google/models/gemini-2.5-flash:generateContent "HTTP/1.1 429 Too Many Requests"
2026-09-07 21:46:26,272 WARNING crawler.llm.fallback: Provider vertex-ai thất bại (Vertex AI lỗi: 429 RESOURCE_EXHAUSTED. {'error': {'code': 429, 'message': 'Resource exhausted. Please try again later. Please refer to https://cloud.google.com/vertex-ai/generative-ai/docs/error-code-429 for more details.', 'status': 'RESOURCE_EXHAUSTED'}}), chuyển sang provider tiếp theo
2026-09-07 21:46:26,272 INFO crawler.llm.fallback: Gọi LLM provider: deepseek
2026-09-07 21:46:26,353 INFO google_genai.models: AFC is enabled with max remote calls: 10.
2026-09-07 21:46:26,623 INFO crawler.fetch.stealth_fetch: https://duhal.com.vn/den-thoat-hiem-dang-trang-tri-1w-lsb001 -> 429, retry lan 1
2026-09-07 21:46:26,623 INFO crawler.fetch.stealth_fetch: Server phản ứng chậm/từ chối - giãn nhịp fetch lên 1.0s
2026-09-07 21:46:26,675 INFO httpx: HTTP Request: POST https://us-central1-aiplatform.googleapis.com/v1beta1/projects/project-bf21b155-6b73-4230-8ef/locations/us-central1/publishers/google/models/gemini-2.5-flash:generateContent "HTTP/1.1 429 Too Many Requests"
2026-09-07 21:46:26,679 WARNING crawler.llm.fallback: Provider vertex-ai thất bại (Vertex AI lỗi: 429 RESOURCE_EXHAUSTED. {'error': {'code': 429, 'message': 'Resource exhausted. Please try again later. Please refer to https://cloud.google.com/vertex-ai/generative-ai/docs/error-code-429 for more details.', 'status': 'RESOURCE_EXHAUSTED'}}), chuyển sang provider tiếp theo
2026-09-07 21:46:26,679 INFO crawler.llm.fallback: Gọi LLM provider: deepseek
2026-09-07 21:46:26,787 INFO httpx2: HTTP Request: POST https://api.deepseek.com/chat/completions "HTTP/1.1 402 Payment Required"
2026-09-07 21:46:26,788 WARNING crawler.llm.fallback: Provider deepseek thất bại (DeepSeek lỗi: Error code: 402 - {'error': {'message': 'Insufficient Balance', 'type': 'unknown_error', 'param': None, 'code': 'invalid_request_error'}}), chuyển sang provider tiếp theo
2026-09-07 21:46:26,788 WARNING crawler.pipeline: Tầng 2 (LLM) thất bại cho https://duhal.com.vn/den-led-san-vuon-6w-dva802: Tất cả LLM provider đều thất bại: DeepSeek lỗi: Error code: 402 - {'error': {'message': 'Insufficient Balance', 'type': 'unknown_error', 'param': None, 'code': 'invalid_request_error'}}
2026-09-07 21:46:26,892 INFO crawler.llm.fallback: Gọi LLM provider: vertex-ai
2026-09-07 21:46:26,892 INFO google_genai.models: AFC is enabled with max remote calls: 10.
2026-09-07 21:46:27,165 INFO httpx2: HTTP Request: POST https://api.deepseek.com/chat/completions "HTTP/1.1 402 Payment Required"
2026-09-07 21:46:27,166 WARNING crawler.llm.fallback: Provider deepseek thất bại (DeepSeek lỗi: Error code: 402 - {'error': {'message': 'Insufficient Balance', 'type': 'unknown_error', 'param': None, 'code': 'invalid_request_error'}}), chuyển sang provider tiếp theo
2026-09-07 21:46:27,166 WARNING crawler.pipeline: Tầng 2 (LLM) thất bại cho https://duhal.com.vn/den-led-san-vuon-6w-dva803: Tất cả LLM provider đều thất bại: DeepSeek lỗi: Error code: 402 - {'error': {'message': 'Insufficient Balance', 'type': 'unknown_error', 'param': None, 'code': 'invalid_request_error'}}
2026-09-07 21:46:27,201 INFO httpx: HTTP Request: POST https://us-central1-aiplatform.googleapis.com/v1beta1/projects/project-bf21b155-6b73-4230-8ef/locations/us-central1/publishers/google/models/gemini-2.5-flash:generateContent "HTTP/1.1 429 Too Many Requests"
2026-09-07 21:46:27,201 WARNING crawler.llm.vertex_provider: Vertex AI lỗi tạm thời (lần 1/6), đợi 2.3s rồi thử lại: 429 RESOURCE_EXHAUSTED. {'error': {'code': 429, 'message': 'Resource exhausted. Please try again later. Please refer to 
2026-09-07 21:46:27,268 INFO crawler.llm.fallback: Gọi LLM provider: vertex-ai
2026-09-07 21:46:27,269 INFO google_genai.models: AFC is enabled with max remote calls: 10.
2026-09-07 21:46:27,459 INFO httpx: HTTP Request: POST https://us-central1-aiplatform.googleapis.com/v1beta1/projects/project-bf21b155-6b73-4230-8ef/locations/us-central1/publishers/google/models/gemini-2.5-flash:generateContent "HTTP/1.1 200 OK"
2026-09-07 21:46:27,590 INFO crawler.llm.fallback: Gọi LLM provider: vertex-ai
2026-09-07 21:46:27,591 INFO google_genai.models: AFC is enabled with max remote calls: 10.
2026-09-07 21:46:27,596 INFO httpx: HTTP Request: POST https://us-central1-aiplatform.googleapis.com/v1beta1/projects/project-bf21b155-6b73-4230-8ef/locations/us-central1/publishers/google/models/gemini-2.5-flash:generateContent "HTTP/1.1 429 Too Many Requests"
2026-09-07 21:46:27,596 WARNING crawler.llm.vertex_provider: Vertex AI lỗi tạm thời (lần 1/6), đợi 2.8s rồi thử lại: 429 RESOURCE_EXHAUSTED. {'error': {'code': 429, 'message': 'Resource exhausted. Please try again later. Please refer to 
2026-09-07 21:46:28,451 INFO crawler.fetch.stealth_fetch: https://duhal.com.vn/den-thoat-hiem-dang-trang-tri-1w-lsb001 -> 429, retry lan 2
2026-09-07 21:46:28,451 INFO crawler.fetch.stealth_fetch: Server phản ứng chậm/từ chối - giãn nhịp fetch lên 2.0s
2026-09-07 21:46:28,995 INFO httpx: HTTP Request: POST https://us-central1-aiplatform.googleapis.com/v1beta1/projects/project-bf21b155-6b73-4230-8ef/locations/us-central1/publishers/google/models/gemini-2.5-flash:generateContent "HTTP/1.1 200 OK"
2026-09-07 21:46:29,104 INFO crawler.llm.fallback: Gọi LLM provider: vertex-ai
2026-09-07 21:46:29,104 INFO google_genai.models: AFC is enabled with max remote calls: 10.
2026-09-07 21:46:29,507 INFO httpx: HTTP Request: POST https://us-central1-aiplatform.googleapis.com/v1beta1/projects/project-bf21b155-6b73-4230-8ef/locations/us-central1/publishers/google/models/gemini-2.5-flash:generateContent "HTTP/1.1 429 Too Many Requests"
2026-09-07 21:46:29,508 WARNING crawler.llm.vertex_provider: Vertex AI lỗi tạm thời (lần 1/6), đợi 2.6s rồi thử lại: 429 RESOURCE_EXHAUSTED. {'error': {'code': 429, 'message': 'Resource exhausted. Please try again later. Please refer to 
2026-09-07 21:46:29,544 INFO google_genai.models: AFC is enabled with max remote calls: 10.
2026-09-07 21:46:29,917 INFO httpx: HTTP Request: POST https://us-central1-aiplatform.googleapis.com/v1beta1/projects/project-bf21b155-6b73-4230-8ef/locations/us-central1/publishers/google/models/gemini-2.5-flash:generateContent "HTTP/1.1 429 Too Many Requests"
2026-09-07 21:46:29,919 WARNING crawler.llm.vertex_provider: Vertex AI lỗi tạm thời (lần 2/6), đợi 4.4s rồi thử lại: 429 RESOURCE_EXHAUSTED. {'error': {'code': 429, 'message': 'Resource exhausted. Please try again later. Please refer to 
2026-09-07 21:46:30,428 INFO google_genai.models: AFC is enabled with max remote calls: 10.
2026-09-07 21:46:30,742 INFO httpx: HTTP Request: POST https://us-central1-aiplatform.googleapis.com/v1beta1/projects/project-bf21b155-6b73-4230-8ef/locations/us-central1/publishers/google/models/gemini-2.5-flash:generateContent "HTTP/1.1 429 Too Many Requests"
2026-09-07 21:46:30,747 WARNING crawler.llm.vertex_provider: Vertex AI lỗi tạm thời (lần 2/6), đợi 4.7s rồi thử lại: 429 RESOURCE_EXHAUSTED. {'error': {'code': 429, 'message': 'Resource exhausted. Please try again later. Please refer to 
2026-09-07 21:46:32,153 INFO google_genai.models: AFC is enabled with max remote calls: 10.
2026-09-07 21:46:32,477 INFO httpx: HTTP Request: POST https://us-central1-aiplatform.googleapis.com/v1beta1/projects/project-bf21b155-6b73-4230-8ef/locations/us-central1/publishers/google/models/gemini-2.5-flash:generateContent "HTTP/1.1 429 Too Many Requests"
2026-09-07 21:46:32,479 WARNING crawler.llm.vertex_provider: Vertex AI lỗi tạm thời (lần 2/6), đợi 4.8s rồi thử lại: 429 RESOURCE_EXHAUSTED. {'error': {'code': 429, 'message': 'Resource exhausted. Please try again later. Please refer to 
2026-09-07 21:46:33,333 INFO google_genai.models: AFC is enabled with max remote calls: 10.
2026-09-07 21:46:33,655 INFO httpx: HTTP Request: POST https://us-central1-aiplatform.googleapis.com/v1beta1/projects/project-bf21b155-6b73-4230-8ef/locations/us-central1/publishers/google/models/gemini-2.5-flash:generateContent "HTTP/1.1 429 Too Many Requests"
2026-09-07 21:46:33,660 WARNING crawler.llm.vertex_provider: Vertex AI lỗi tạm thời (lần 4/6), đợi 16.5s rồi thử lại: 429 RESOURCE_EXHAUSTED. {'error': {'code': 429, 'message': 'Resource exhausted. Please try again later. Please refer to 
2026-09-07 21:46:33,802 INFO crawler.fetch.stealth_fetch: https://duhal.com.vn/den-thoat-hiem-dang-trang-tri-1w-lsb002 -> 429, retry lan 1
2026-09-07 21:46:33,802 INFO crawler.fetch.stealth_fetch: Server phản ứng chậm/từ chối - giãn nhịp fetch lên 4.0s
2026-09-07 21:46:34,329 INFO google_genai.models: AFC is enabled with max remote calls: 10.
2026-09-07 21:46:34,623 INFO httpx: HTTP Request: POST https://us-central1-aiplatform.googleapis.com/v1beta1/projects/project-bf21b155-6b73-4230-8ef/locations/us-central1/publishers/google/models/gemini-2.5-flash:generateContent "HTTP/1.1 429 Too Many Requests"
2026-09-07 21:46:34,628 WARNING crawler.llm.vertex_provider: Vertex AI lỗi tạm thời (lần 3/6), đợi 8.5s rồi thử lại: 429 RESOURCE_EXHAUSTED. {'error': {'code': 429, 'message': 'Resource exhausted. Please try again later. Please refer to 
2026-09-07 21:46:35,444 INFO google_genai.models: AFC is enabled with max remote calls: 10.
2026-09-07 21:46:35,855 INFO httpx: HTTP Request: POST https://us-central1-aiplatform.googleapis.com/v1beta1/projects/project-bf21b155-6b73-4230-8ef/locations/us-central1/publishers/google/models/gemini-2.5-flash:generateContent "HTTP/1.1 429 Too Many Requests"
2026-09-07 21:46:35,857 WARNING crawler.llm.vertex_provider: Vertex AI lỗi tạm thời (lần 3/6), đợi 8.6s rồi thử lại: 429 RESOURCE_EXHAUSTED. {'error': {'code': 429, 'message': 'Resource exhausted. Please try again later. Please refer to 
2026-09-07 21:46:37,278 INFO google_genai.models: AFC is enabled with max remote calls: 10.
2026-09-07 21:46:37,566 INFO httpx: HTTP Request: POST https://us-central1-aiplatform.googleapis.com/v1beta1/projects/project-bf21b155-6b73-4230-8ef/locations/us-central1/publishers/google/models/gemini-2.5-flash:generateContent "HTTP/1.1 429 Too Many Requests"
2026-09-07 21:46:37,571 WARNING crawler.llm.vertex_provider: Vertex AI lỗi tạm thời (lần 3/6), đợi 8.9s rồi thử lại: 429 RESOURCE_EXHAUSTED. {'error': {'code': 429, 'message': 'Resource exhausted. Please try again later. Please refer to 
2026-09-07 21:46:37,783 INFO crawler.fetch.stealth_fetch: https://duhal.com.vn/den-thoat-hiem-dang-trang-tri-1w-lsb002 -> 429, retry lan 2
2026-09-07 21:46:37,783 INFO crawler.fetch.stealth_fetch: Server phản ứng chậm/từ chối - giãn nhịp fetch lên 8.0s
2026-09-07 21:46:43,163 INFO google_genai.models: AFC is enabled with max remote calls: 10.
2026-09-07 21:46:44,435 INFO google_genai.models: AFC is enabled with max remote calls: 10.
2026-09-07 21:46:45,598 INFO httpx: HTTP Request: POST https://us-central1-aiplatform.googleapis.com/v1beta1/projects/project-bf21b155-6b73-4230-8ef/locations/us-central1/publishers/google/models/gemini-2.5-flash:generateContent "HTTP/1.1 200 OK"
2026-09-07 21:46:45,689 INFO httpx: HTTP Request: POST https://us-central1-aiplatform.googleapis.com/v1beta1/projects/project-bf21b155-6b73-4230-8ef/locations/us-central1/publishers/google/models/gemini-2.5-flash:generateContent "HTTP/1.1 429 Too Many Requests"
2026-09-07 21:46:45,695 WARNING crawler.llm.vertex_provider: Vertex AI lỗi tạm thời (lần 4/6), đợi 16.8s rồi thử lại: 429 RESOURCE_EXHAUSTED. {'error': {'code': 429, 'message': 'Resource exhausted. Please try again later. Please refer to 
2026-09-07 21:46:45,717 INFO crawler.llm.fallback: Gọi LLM provider: vertex-ai
2026-09-07 21:46:45,717 INFO google_genai.models: AFC is enabled with max remote calls: 10.
2026-09-07 21:46:46,189 INFO httpx: HTTP Request: POST https://us-central1-aiplatform.googleapis.com/v1beta1/projects/project-bf21b155-6b73-4230-8ef/locations/us-central1/publishers/google/models/gemini-2.5-flash:generateContent "HTTP/1.1 429 Too Many Requests"
2026-09-07 21:46:46,191 WARNING crawler.llm.vertex_provider: Vertex AI lỗi tạm thời (lần 1/6), đợi 2.0s rồi thử lại: 429 RESOURCE_EXHAUSTED. {'error': {'code': 429, 'message': 'Resource exhausted. Please try again later. Please refer to 
2026-09-07 21:46:46,480 INFO google_genai.models: AFC is enabled with max remote calls: 10.
2026-09-07 21:46:47,018 INFO httpx: HTTP Request: POST https://us-central1-aiplatform.googleapis.com/v1beta1/projects/project-bf21b155-6b73-4230-8ef/locations/us-central1/publishers/google/models/gemini-2.5-flash:generateContent "HTTP/1.1 429 Too Many Requests"
2026-09-07 21:46:47,020 WARNING crawler.llm.vertex_provider: Vertex AI lỗi tạm thời (lần 4/6), đợi 16.4s rồi thử lại: 429 RESOURCE_EXHAUSTED. {'error': {'code': 429, 'message': 'Resource exhausted. Please try again later. Please refer to 
2026-09-07 21:46:48,233 INFO google_genai.models: AFC is enabled with max remote calls: 10.
2026-09-07 21:46:48,657 INFO httpx: HTTP Request: POST https://us-central1-aiplatform.googleapis.com/v1beta1/projects/project-bf21b155-6b73-4230-8ef/locations/us-central1/publishers/google/models/gemini-2.5-flash:generateContent "HTTP/1.1 429 Too Many Requests"
2026-09-07 21:46:48,658 WARNING crawler.llm.vertex_provider: Vertex AI lỗi tạm thời (lần 2/6), đợi 5.0s rồi thử lại: 429 RESOURCE_EXHAUSTED. {'error': {'code': 429, 'message': 'Resource exhausted. Please try again later. Please refer to 
2026-09-07 21:46:50,143 INFO google_genai.models: AFC is enabled with max remote calls: 10.
2026-09-07 21:46:53,629 INFO google_genai.models: AFC is enabled with max remote calls: 10.
2026-09-07 21:46:53,795 INFO crawler.fetch.stealth_fetch: https://duhal.com.vn/den-thoat-hiem-dang-trang-tri-3w-lsb001 -> 429, retry lan 1
2026-09-07 21:46:53,795 INFO crawler.fetch.stealth_fetch: Server phản ứng chậm/từ chối - giãn nhịp fetch lên 15.0s
2026-09-07 21:46:55,927 INFO httpx: HTTP Request: POST https://us-central1-aiplatform.googleapis.com/v1beta1/projects/project-bf21b155-6b73-4230-8ef/locations/us-central1/publishers/google/models/gemini-2.5-flash:generateContent "HTTP/1.1 200 OK"
2026-09-07 21:46:56,248 INFO crawler.llm.fallback: Gọi LLM provider: vertex-ai
2026-09-07 21:46:56,248 INFO google_genai.models: AFC is enabled with max remote calls: 10.
2026-09-07 21:46:57,769 INFO httpx: HTTP Request: POST https://us-central1-aiplatform.googleapis.com/v1beta1/projects/project-bf21b155-6b73-4230-8ef/locations/us-central1/publishers/google/models/gemini-2.5-flash:generateContent "HTTP/1.1 200 OK"
2026-09-07 21:46:57,882 INFO crawler.llm.fallback: Gọi LLM provider: vertex-ai
2026-09-07 21:46:57,882 INFO google_genai.models: AFC is enabled with max remote calls: 10.
2026-09-07 21:46:58,282 INFO httpx: HTTP Request: POST https://us-central1-aiplatform.googleapis.com/v1beta1/projects/project-bf21b155-6b73-4230-8ef/locations/us-central1/publishers/google/models/gemini-2.5-flash:generateContent "HTTP/1.1 429 Too Many Requests"
2026-09-07 21:46:58,283 WARNING crawler.llm.vertex_provider: Vertex AI lỗi tạm thời (lần 1/6), đợi 2.6s rồi thử lại: 429 RESOURCE_EXHAUSTED. {'error': {'code': 429, 'message': 'Resource exhausted. Please try again later. Please refer to 
2026-09-07 21:47:00,854 INFO google_genai.models: AFC is enabled with max remote calls: 10.
2026-09-07 21:47:02,377 INFO httpx: HTTP Request: POST https://us-central1-aiplatform.googleapis.com/v1beta1/projects/project-bf21b155-6b73-4230-8ef/locations/us-central1/publishers/google/models/gemini-2.5-flash:generateContent "HTTP/1.1 200 OK"
2026-09-07 21:47:02,498 INFO crawler.llm.fallback: Gọi LLM provider: vertex-ai
2026-09-07 21:47:02,498 INFO google_genai.models: AFC is enabled with max remote calls: 10.
2026-09-07 21:47:02,547 INFO google_genai.models: AFC is enabled with max remote calls: 10.
2026-09-07 21:47:03,428 INFO google_genai.models: AFC is enabled with max remote calls: 10.
2026-09-07 21:47:04,016 INFO httpx: HTTP Request: POST https://us-central1-aiplatform.googleapis.com/v1beta1/projects/project-bf21b155-6b73-4230-8ef/locations/us-central1/publishers/google/models/gemini-2.5-flash:generateContent "HTTP/1.1 200 OK"
2026-09-07 21:47:04,123 INFO crawler.llm.fallback: Gọi LLM provider: vertex-ai
2026-09-07 21:47:04,123 INFO google_genai.models: AFC is enabled with max remote calls: 10.
2026-09-07 21:47:04,666 INFO httpx: HTTP Request: POST https://us-central1-aiplatform.googleapis.com/v1beta1/projects/project-bf21b155-6b73-4230-8ef/locations/us-central1/publishers/google/models/gemini-2.5-flash:generateContent "HTTP/1.1 429 Too Many Requests"
2026-09-07 21:47:04,668 WARNING crawler.llm.vertex_provider: Vertex AI lỗi tạm thời (lần 5/6), đợi 32.7s rồi thử lại: 429 RESOURCE_EXHAUSTED. {'error': {'code': 429, 'message': 'Resource exhausted. Please try again later. Please refer to 
2026-09-07 21:47:05,143 INFO httpx: HTTP Request: POST https://us-central1-aiplatform.googleapis.com/v1beta1/projects/project-bf21b155-6b73-4230-8ef/locations/us-central1/publishers/google/models/gemini-2.5-flash:generateContent "HTTP/1.1 200 OK"
2026-09-07 21:47:05,248 INFO crawler.llm.fallback: Gọi LLM provider: vertex-ai
2026-09-07 21:47:05,248 INFO google_genai.models: AFC is enabled with max remote calls: 10.
2026-09-07 21:47:05,690 INFO httpx: HTTP Request: POST https://us-central1-aiplatform.googleapis.com/v1beta1/projects/project-bf21b155-6b73-4230-8ef/locations/us-central1/publishers/google/models/gemini-2.5-flash:generateContent "HTTP/1.1 200 OK"
2026-09-07 21:47:05,811 INFO crawler.llm.fallback: Gọi LLM provider: vertex-ai
2026-09-07 21:47:05,811 INFO google_genai.models: AFC is enabled with max remote calls: 10.
2026-09-07 21:47:06,671 INFO httpx: HTTP Request: POST https://us-central1-aiplatform.googleapis.com/v1beta1/projects/project-bf21b155-6b73-4230-8ef/locations/us-central1/publishers/google/models/gemini-2.5-flash:generateContent "HTTP/1.1 200 OK"
2026-09-07 21:47:06,795 INFO crawler.llm.fallback: Gọi LLM provider: vertex-ai
2026-09-07 21:47:06,795 INFO google_genai.models: AFC is enabled with max remote calls: 10.
2026-09-07 21:47:07,703 INFO httpx: HTTP Request: POST https://us-central1-aiplatform.googleapis.com/v1beta1/projects/project-bf21b155-6b73-4230-8ef/locations/us-central1/publishers/google/models/gemini-2.5-flash:generateContent "HTTP/1.1 200 OK"
2026-09-07 21:47:07,824 INFO crawler.llm.fallback: Gọi LLM provider: vertex-ai
2026-09-07 21:47:07,824 INFO google_genai.models: AFC is enabled with max remote calls: 10.
2026-09-07 21:47:08,317 INFO httpx: HTTP Request: POST https://us-central1-aiplatform.googleapis.com/v1beta1/projects/project-bf21b155-6b73-4230-8ef/locations/us-central1/publishers/google/models/gemini-2.5-flash:generateContent "HTTP/1.1 200 OK"
2026-09-07 21:47:08,441 INFO crawler.llm.fallback: Gọi LLM provider: vertex-ai
2026-09-07 21:47:08,442 INFO google_genai.models: AFC is enabled with max remote calls: 10.
2026-09-07 21:47:09,139 INFO httpx: HTTP Request: POST https://us-central1-aiplatform.googleapis.com/v1beta1/projects/project-bf21b155-6b73-4230-8ef/locations/us-central1/publishers/google/models/gemini-2.5-flash:generateContent "HTTP/1.1 200 OK"
2026-09-07 21:47:09,617 INFO crawler.llm.fallback: Gọi LLM provider: vertex-ai
2026-09-07 21:47:09,618 INFO google_genai.models: AFC is enabled with max remote calls: 10.
2026-09-07 21:47:09,865 INFO httpx: HTTP Request: POST https://us-central1-aiplatform.googleapis.com/v1beta1/projects/project-bf21b155-6b73-4230-8ef/locations/us-central1/publishers/google/models/gemini-2.5-flash:generateContent "HTTP/1.1 200 OK"
2026-09-07 21:47:09,919 WARNING crawler.pipeline: Fetch thất bại cho https://duhal.com.vn/den-led-treo-tha-9w-sdtt907: None
2026-09-07 21:47:09,919 WARNING crawler.pipeline: Fetch thất bại cho https://duhal.com.vn/den-led-treo-tha-phong-hop-10w-dtd0101: None
2026-09-07 21:47:09,973 INFO crawler.llm.fallback: Gọi LLM provider: vertex-ai
2026-09-07 21:47:09,973 INFO google_genai.models: AFC is enabled with max remote calls: 10.
2026-09-07 21:47:10,851 INFO httpx: HTTP Request: POST https://us-central1-aiplatform.googleapis.com/v1beta1/projects/project-bf21b155-6b73-4230-8ef/locations/us-central1/publishers/google/models/gemini-2.5-flash:generateContent "HTTP/1.1 200 OK"
2026-09-07 21:47:10,966 INFO crawler.llm.fallback: Gọi LLM provider: vertex-ai
2026-09-07 21:47:10,966 INFO google_genai.models: AFC is enabled with max remote calls: 10.
2026-09-07 21:47:11,118 INFO httpx: HTTP Request: POST https://us-central1-aiplatform.googleapis.com/v1beta1/projects/project-bf21b155-6b73-4230-8ef/locations/us-central1/publishers/google/models/gemini-2.5-flash:generateContent "HTTP/1.1 200 OK"
2026-09-07 21:47:11,127 INFO crawler.llm.validate: Bỏ tag không có căn cứ trong nguồn: quy_cach='null'
2026-09-07 21:47:11,223 INFO crawler.llm.fallback: Gọi LLM provider: vertex-ai
2026-09-07 21:47:11,224 INFO google_genai.models: AFC is enabled with max remote calls: 10.
2026-09-07 21:47:11,519 INFO httpx: HTTP Request: POST https://us-central1-aiplatform.googleapis.com/v1beta1/projects/project-bf21b155-6b73-4230-8ef/locations/us-central1/publishers/google/models/gemini-2.5-flash:generateContent "HTTP/1.1 429 Too Many Requests"
2026-09-07 21:47:11,529 WARNING crawler.llm.vertex_provider: Vertex AI lỗi tạm thời (lần 1/6), đợi 2.3s rồi thử lại: 429 RESOURCE_EXHAUSTED. {'error': {'code': 429, 'message': 'Resource exhausted. Please try again later. Please refer to 
2026-09-07 21:47:12,208 INFO httpx: HTTP Request: POST https://us-central1-aiplatform.googleapis.com/v1beta1/projects/project-bf21b155-6b73-4230-8ef/locations/us-central1/publishers/google/models/gemini-2.5-flash:generateContent "HTTP/1.1 200 OK"
2026-09-07 21:47:12,314 INFO crawler.llm.fallback: Gọi LLM provider: vertex-ai
2026-09-07 21:47:12,314 INFO google_genai.models: AFC is enabled with max remote calls: 10.
2026-09-07 21:47:12,720 INFO httpx: HTTP Request: POST https://us-central1-aiplatform.googleapis.com/v1beta1/projects/project-bf21b155-6b73-4230-8ef/locations/us-central1/publishers/google/models/gemini-2.5-flash:generateContent "HTTP/1.1 429 Too Many Requests"
2026-09-07 21:47:12,722 WARNING crawler.llm.vertex_provider: Vertex AI lỗi tạm thời (lần 1/6), đợi 2.1s rồi thử lại: 429 RESOURCE_EXHAUSTED. {'error': {'code': 429, 'message': 'Resource exhausted. Please try again later. Please refer to 
2026-09-07 21:47:13,872 INFO google_genai.models: AFC is enabled with max remote calls: 10.
2026-09-07 21:47:14,256 INFO httpx: HTTP Request: POST https://us-central1-aiplatform.googleapis.com/v1beta1/projects/project-bf21b155-6b73-4230-8ef/locations/us-central1/publishers/google/models/gemini-2.5-flash:generateContent "HTTP/1.1 429 Too Many Requests"
2026-09-07 21:47:14,257 WARNING crawler.llm.vertex_provider: Vertex AI lỗi tạm thời (lần 2/6), đợi 4.1s rồi thử lại: 429 RESOURCE_EXHAUSTED. {'error': {'code': 429, 'message': 'Resource exhausted. Please try again later. Please refer to 
2026-09-07 21:47:14,856 INFO google_genai.models: AFC is enabled with max remote calls: 10.
2026-09-07 21:47:15,280 INFO httpx: HTTP Request: POST https://us-central1-aiplatform.googleapis.com/v1beta1/projects/project-bf21b155-6b73-4230-8ef/locations/us-central1/publishers/google/models/gemini-2.5-flash:generateContent "HTTP/1.1 429 Too Many Requests"
2026-09-07 21:47:15,281 WARNING crawler.llm.vertex_provider: Vertex AI lỗi tạm thời (lần 2/6), đợi 4.4s rồi thử lại: 429 RESOURCE_EXHAUSTED. {'error': {'code': 429, 'message': 'Resource exhausted. Please try again later. Please refer to 
2026-09-07 21:47:18,393 INFO google_genai.models: AFC is enabled with max remote calls: 10.
2026-09-07 21:47:18,693 INFO httpx: HTTP Request: POST https://us-central1-aiplatform.googleapis.com/v1beta1/projects/project-bf21b155-6b73-4230-8ef/locations/us-central1/publishers/google/models/gemini-2.5-flash:generateContent "HTTP/1.1 429 Too Many Requests"
2026-09-07 21:47:18,697 WARNING crawler.llm.vertex_provider: Vertex AI lỗi tạm thời (lần 3/6), đợi 8.8s rồi thử lại: 429 RESOURCE_EXHAUSTED. {'error': {'code': 429, 'message': 'Resource exhausted. Please try again later. Please refer to 
2026-09-07 21:47:19,731 INFO google_genai.models: AFC is enabled with max remote calls: 10.
2026-09-07 21:47:19,856 INFO httpx: HTTP Request: POST https://us-central1-aiplatform.googleapis.com/v1beta1/projects/project-bf21b155-6b73-4230-8ef/locations/us-central1/publishers/google/models/gemini-2.5-flash:generateContent "HTTP/1.1 200 OK"
2026-09-07 21:47:19,971 INFO crawler.llm.fallback: Gọi LLM provider: vertex-ai
2026-09-07 21:47:19,972 INFO google_genai.models: AFC is enabled with max remote calls: 10.
2026-09-07 21:47:20,032 INFO httpx: HTTP Request: POST https://us-central1-aiplatform.googleapis.com/v1beta1/projects/project-bf21b155-6b73-4230-8ef/locations/us-central1/publishers/google/models/gemini-2.5-flash:generateContent "HTTP/1.1 429 Too Many Requests"
2026-09-07 21:47:20,036 WARNING crawler.llm.vertex_provider: Vertex AI lỗi tạm thời (lần 3/6), đợi 8.5s rồi thử lại: 429 RESOURCE_EXHAUSTED. {'error': {'code': 429, 'message': 'Resource exhausted. Please try again later. Please refer to 
2026-09-07 21:47:21,703 INFO httpx: HTTP Request: POST https://us-central1-aiplatform.googleapis.com/v1beta1/projects/project-bf21b155-6b73-4230-8ef/locations/us-central1/publishers/google/models/gemini-2.5-flash:generateContent "HTTP/1.1 200 OK"
2026-09-07 21:47:21,824 INFO crawler.llm.fallback: Gọi LLM provider: vertex-ai
2026-09-07 21:47:21,824 INFO google_genai.models: AFC is enabled with max remote calls: 10.
2026-09-07 21:47:23,731 INFO httpx: HTTP Request: POST https://us-central1-aiplatform.googleapis.com/v1beta1/projects/project-bf21b155-6b73-4230-8ef/locations/us-central1/publishers/google/models/gemini-2.5-flash:generateContent "HTTP/1.1 200 OK"
2026-09-07 21:47:23,885 INFO crawler.llm.fallback: Gọi LLM provider: vertex-ai
2026-09-07 21:47:23,885 INFO google_genai.models: AFC is enabled with max remote calls: 10.
2026-09-07 21:47:24,265 INFO httpx: HTTP Request: POST https://us-central1-aiplatform.googleapis.com/v1beta1/projects/project-bf21b155-6b73-4230-8ef/locations/us-central1/publishers/google/models/gemini-2.5-flash:generateContent "HTTP/1.1 429 Too Many Requests"
2026-09-07 21:47:24,266 WARNING crawler.llm.vertex_provider: Vertex AI lỗi tạm thời (lần 1/6), đợi 2.4s rồi thử lại: 429 RESOURCE_EXHAUSTED. {'error': {'code': 429, 'message': 'Resource exhausted. Please try again later. Please refer to 
2026-09-07 21:47:26,638 INFO google_genai.models: AFC is enabled with max remote calls: 10.
2026-09-07 21:47:27,516 INFO google_genai.models: AFC is enabled with max remote calls: 10.
2026-09-07 21:47:27,824 INFO httpx: HTTP Request: POST https://us-central1-aiplatform.googleapis.com/v1beta1/projects/project-bf21b155-6b73-4230-8ef/locations/us-central1/publishers/google/models/gemini-2.5-flash:generateContent "HTTP/1.1 429 Too Many Requests"
2026-09-07 21:47:27,826 WARNING crawler.llm.vertex_provider: Vertex AI lỗi tạm thời (lần 2/6), đợi 4.3s rồi thử lại: 429 RESOURCE_EXHAUSTED. {'error': {'code': 429, 'message': 'Resource exhausted. Please try again later. Please refer to 
2026-09-07 21:47:28,586 INFO google_genai.models: AFC is enabled with max remote calls: 10.
2026-09-07 21:47:28,910 INFO httpx: HTTP Request: POST https://us-central1-aiplatform.googleapis.com/v1beta1/projects/project-bf21b155-6b73-4230-8ef/locations/us-central1/publishers/google/models/gemini-2.5-flash:generateContent "HTTP/1.1 429 Too Many Requests"
2026-09-07 21:47:28,912 WARNING crawler.llm.vertex_provider: Vertex AI lỗi tạm thời (lần 4/6), đợi 16.6s rồi thử lại: 429 RESOURCE_EXHAUSTED. {'error': {'code': 429, 'message': 'Resource exhausted. Please try again later. Please refer to 
2026-09-07 21:47:29,666 INFO httpx: HTTP Request: POST https://us-central1-aiplatform.googleapis.com/v1beta1/projects/project-bf21b155-6b73-4230-8ef/locations/us-central1/publishers/google/models/gemini-2.5-flash:generateContent "HTTP/1.1 200 OK"
2026-09-07 21:47:29,788 INFO crawler.llm.fallback: Gọi LLM provider: vertex-ai
2026-09-07 21:47:29,788 INFO google_genai.models: AFC is enabled with max remote calls: 10.
2026-09-07 21:47:30,109 INFO httpx: HTTP Request: POST https://us-central1-aiplatform.googleapis.com/v1beta1/projects/project-bf21b155-6b73-4230-8ef/locations/us-central1/publishers/google/models/gemini-2.5-flash:generateContent "HTTP/1.1 429 Too Many Requests"
2026-09-07 21:47:30,110 WARNING crawler.llm.vertex_provider: Vertex AI lỗi tạm thời (lần 1/6), đợi 2.8s rồi thử lại: 429 RESOURCE_EXHAUSTED. {'error': {'code': 429, 'message': 'Resource exhausted. Please try again later. Please refer to 
2026-09-07 21:47:32,093 INFO google_genai.models: AFC is enabled with max remote calls: 10.
2026-09-07 21:47:32,413 INFO httpx: HTTP Request: POST https://us-central1-aiplatform.googleapis.com/v1beta1/projects/project-bf21b155-6b73-4230-8ef/locations/us-central1/publishers/google/models/gemini-2.5-flash:generateContent "HTTP/1.1 429 Too Many Requests"
2026-09-07 21:47:32,414 WARNING crawler.llm.vertex_provider: Vertex AI lỗi tạm thời (lần 3/6), đợi 8.5s rồi thử lại: 429 RESOURCE_EXHAUSTED. {'error': {'code': 429, 'message': 'Resource exhausted. Please try again later. Please refer to 
2026-09-07 21:47:32,925 INFO google_genai.models: AFC is enabled with max remote calls: 10.
2026-09-07 21:47:33,276 INFO httpx: HTTP Request: POST https://us-central1-aiplatform.googleapis.com/v1beta1/projects/project-bf21b155-6b73-4230-8ef/locations/us-central1/publishers/google/models/gemini-2.5-flash:generateContent "HTTP/1.1 429 Too Many Requests"
2026-09-07 21:47:33,278 WARNING crawler.llm.vertex_provider: Vertex AI lỗi tạm thời (lần 2/6), đợi 4.2s rồi thử lại: 429 RESOURCE_EXHAUSTED. {'error': {'code': 429, 'message': 'Resource exhausted. Please try again later. Please refer to 
2026-09-07 21:47:37,319 INFO google_genai.models: AFC is enabled with max remote calls: 10.
2026-09-07 21:47:37,473 INFO google_genai.models: AFC is enabled with max remote calls: 10.
2026-09-07 21:47:37,686 INFO httpx: HTTP Request: POST https://us-central1-aiplatform.googleapis.com/v1beta1/projects/project-bf21b155-6b73-4230-8ef/locations/us-central1/publishers/google/models/gemini-2.5-flash:generateContent "HTTP/1.1 429 Too Many Requests"
2026-09-07 21:47:37,688 WARNING crawler.llm.fallback: Provider vertex-ai thất bại (Vertex AI lỗi: 429 RESOURCE_EXHAUSTED. {'error': {'code': 429, 'message': 'Resource exhausted. Please try again later. Please refer to https://cloud.google.com/vertex-ai/generative-ai/docs/error-code-429 for more details.', 'status': 'RESOURCE_EXHAUSTED'}}), chuyển sang provider tiếp theo
2026-09-07 21:47:37,688 INFO crawler.llm.fallback: Gọi LLM provider: deepseek
2026-09-07 21:47:38,218 INFO httpx2: HTTP Request: POST https://api.deepseek.com/chat/completions "HTTP/1.1 402 Payment Required"
2026-09-07 21:47:38,219 WARNING crawler.llm.fallback: Provider deepseek thất bại (DeepSeek lỗi: Error code: 402 - {'error': {'message': 'Insufficient Balance', 'type': 'unknown_error', 'param': None, 'code': 'invalid_request_error'}}), chuyển sang provider tiếp theo
2026-09-07 21:47:38,219 WARNING crawler.pipeline: Tầng 2 (LLM) thất bại cho https://duhal.com.vn/den-led-thanh-ray-chieu-diem-30w-dia1030.html: Tất cả LLM provider đều thất bại: DeepSeek lỗi: Error code: 402 - {'error': {'message': 'Insufficient Balance', 'type': 'unknown_error', 'param': None, 'code': 'invalid_request_error'}}
2026-09-07 21:47:38,318 INFO crawler.llm.fallback: Gọi LLM provider: vertex-ai
2026-09-07 21:47:38,318 INFO google_genai.models: AFC is enabled with max remote calls: 10.
2026-09-07 21:47:38,731 INFO httpx: HTTP Request: POST https://us-central1-aiplatform.googleapis.com/v1beta1/projects/project-bf21b155-6b73-4230-8ef/locations/us-central1/publishers/google/models/gemini-2.5-flash:generateContent "HTTP/1.1 429 Too Many Requests"
2026-09-07 21:47:38,732 INFO httpx: HTTP Request: POST https://us-central1-aiplatform.googleapis.com/v1beta1/projects/project-bf21b155-6b73-4230-8ef/locations/us-central1/publishers/google/models/gemini-2.5-flash:generateContent "HTTP/1.1 429 Too Many Requests"
2026-09-07 21:47:38,734 WARNING crawler.llm.vertex_provider: Vertex AI lỗi tạm thời (lần 3/6), đợi 8.5s rồi thử lại: 429 RESOURCE_EXHAUSTED. {'error': {'code': 429, 'message': 'Resource exhausted. Please try again later. Please refer to 
2026-09-07 21:47:38,735 WARNING crawler.llm.vertex_provider: Vertex AI lỗi tạm thời (lần 1/6), đợi 2.8s rồi thử lại: 429 RESOURCE_EXHAUSTED. {'error': {'code': 429, 'message': 'Resource exhausted. Please try again later. Please refer to 
2026-09-07 21:47:40,910 INFO google_genai.models: AFC is enabled with max remote calls: 10.
2026-09-07 21:47:41,290 INFO httpx: HTTP Request: POST https://us-central1-aiplatform.googleapis.com/v1beta1/projects/project-bf21b155-6b73-4230-8ef/locations/us-central1/publishers/google/models/gemini-2.5-flash:generateContent "HTTP/1.1 429 Too Many Requests"
2026-09-07 21:47:41,292 WARNING crawler.llm.vertex_provider: Vertex AI lỗi tạm thời (lần 4/6), đợi 16.9s rồi thử lại: 429 RESOURCE_EXHAUSTED. {'error': {'code': 429, 'message': 'Resource exhausted. Please try again later. Please refer to 
2026-09-07 21:47:41,551 INFO google_genai.models: AFC is enabled with max remote calls: 10.
2026-09-07 21:47:42,127 INFO httpx: HTTP Request: POST https://us-central1-aiplatform.googleapis.com/v1beta1/projects/project-bf21b155-6b73-4230-8ef/locations/us-central1/publishers/google/models/gemini-2.5-flash:generateContent "HTTP/1.1 429 Too Many Requests"
2026-09-07 21:47:42,129 WARNING crawler.llm.vertex_provider: Vertex AI lỗi tạm thời (lần 2/6), đợi 4.4s rồi thử lại: 429 RESOURCE_EXHAUSTED. {'error': {'code': 429, 'message': 'Resource exhausted. Please try again later. Please refer to 
2026-09-07 21:47:45,483 INFO google_genai.models: AFC is enabled with max remote calls: 10.
2026-09-07 21:47:45,842 INFO httpx: HTTP Request: POST https://us-central1-aiplatform.googleapis.com/v1beta1/projects/project-bf21b155-6b73-4230-8ef/locations/us-central1/publishers/google/models/gemini-2.5-flash:generateContent "HTTP/1.1 429 Too Many Requests"
2026-09-07 21:47:45,843 WARNING crawler.llm.vertex_provider: Vertex AI lỗi tạm thời (lần 5/6), đợi 32.9s rồi thử lại: 429 RESOURCE_EXHAUSTED. {'error': {'code': 429, 'message': 'Resource exhausted. Please try again later. Please refer to 
2026-09-07 21:47:46,499 INFO google_genai.models: AFC is enabled with max remote calls: 10.
2026-09-07 21:47:46,857 INFO httpx: HTTP Request: POST https://us-central1-aiplatform.googleapis.com/v1beta1/projects/project-bf21b155-6b73-4230-8ef/locations/us-central1/publishers/google/models/gemini-2.5-flash:generateContent "HTTP/1.1 429 Too Many Requests"
2026-09-07 21:47:46,859 WARNING crawler.llm.vertex_provider: Vertex AI lỗi tạm thời (lần 3/6), đợi 8.5s rồi thử lại: 429 RESOURCE_EXHAUSTED. {'error': {'code': 429, 'message': 'Resource exhausted. Please try again later. Please refer to 
2026-09-07 21:47:47,185 INFO google_genai.models: AFC is enabled with max remote calls: 10.
2026-09-07 21:47:47,742 INFO httpx: HTTP Request: POST https://us-central1-aiplatform.googleapis.com/v1beta1/projects/project-bf21b155-6b73-4230-8ef/locations/us-central1/publishers/google/models/gemini-2.5-flash:generateContent "HTTP/1.1 429 Too Many Requests"
2026-09-07 21:47:47,744 WARNING crawler.llm.vertex_provider: Vertex AI lỗi tạm thời (lần 4/6), đợi 16.4s rồi thử lại: 429 RESOURCE_EXHAUSTED. {'error': {'code': 429, 'message': 'Resource exhausted. Please try again later. Please refer to 
2026-09-07 21:47:55,370 INFO google_genai.models: AFC is enabled with max remote calls: 10.
2026-09-07 21:47:57,777 INFO httpx: HTTP Request: POST https://us-central1-aiplatform.googleapis.com/v1beta1/projects/project-bf21b155-6b73-4230-8ef/locations/us-central1/publishers/google/models/gemini-2.5-flash:generateContent "HTTP/1.1 200 OK"
2026-09-07 21:47:58,083 INFO crawler.llm.fallback: Gọi LLM provider: vertex-ai
2026-09-07 21:47:58,083 INFO google_genai.models: AFC is enabled with max remote calls: 10.
2026-09-07 21:47:58,212 INFO google_genai.models: AFC is enabled with max remote calls: 10.
2026-09-07 21:47:58,403 INFO httpx: HTTP Request: POST https://us-central1-aiplatform.googleapis.com/v1beta1/projects/project-bf21b155-6b73-4230-8ef/locations/us-central1/publishers/google/models/gemini-2.5-flash:generateContent "HTTP/1.1 429 Too Many Requests"
2026-09-07 21:47:58,409 WARNING crawler.llm.vertex_provider: Vertex AI lỗi tạm thời (lần 1/6), đợi 2.9s rồi thử lại: 429 RESOURCE_EXHAUSTED. {'error': {'code': 429, 'message': 'Resource exhausted. Please try again later. Please refer to 
2026-09-07 21:48:00,473 INFO httpx: HTTP Request: POST https://us-central1-aiplatform.googleapis.com/v1beta1/projects/project-bf21b155-6b73-4230-8ef/locations/us-central1/publishers/google/models/gemini-2.5-flash:generateContent "HTTP/1.1 200 OK"
2026-09-07 21:48:00,586 INFO crawler.llm.fallback: Gọi LLM provider: vertex-ai
2026-09-07 21:48:00,587 INFO google_genai.models: AFC is enabled with max remote calls: 10.
2026-09-07 21:48:00,891 INFO httpx: HTTP Request: POST https://us-central1-aiplatform.googleapis.com/v1beta1/projects/project-bf21b155-6b73-4230-8ef/locations/us-central1/publishers/google/models/gemini-2.5-flash:generateContent "HTTP/1.1 429 Too Many Requests"
2026-09-07 21:48:00,893 WARNING crawler.llm.vertex_provider: Vertex AI lỗi tạm thời (lần 1/6), đợi 2.9s rồi thử lại: 429 RESOURCE_EXHAUSTED. {'error': {'code': 429, 'message': 'Resource exhausted. Please try again later. Please refer to 
2026-09-07 21:48:01,340 INFO google_genai.models: AFC is enabled with max remote calls: 10.
2026-09-07 21:48:01,770 INFO httpx: HTTP Request: POST https://us-central1-aiplatform.googleapis.com/v1beta1/projects/project-bf21b155-6b73-4230-8ef/locations/us-central1/publishers/google/models/gemini-2.5-flash:generateContent "HTTP/1.1 429 Too Many Requests"
2026-09-07 21:48:01,771 WARNING crawler.llm.vertex_provider: Vertex AI lỗi tạm thời (lần 2/6), đợi 4.2s rồi thử lại: 429 RESOURCE_EXHAUSTED. {'error': {'code': 429, 'message': 'Resource exhausted. Please try again later. Please refer to 
2026-09-07 21:48:03,752 INFO google_genai.models: AFC is enabled with max remote calls: 10.
2026-09-07 21:48:04,014 INFO crawler.fetch.stealth_fetch: Server phản ứng chậm/từ chối - giãn nhịp fetch lên 1.0s
2026-09-07 21:48:04,062 INFO httpx: HTTP Request: POST https://us-central1-aiplatform.googleapis.com/v1beta1/projects/project-bf21b155-6b73-4230-8ef/locations/us-central1/publishers/google/models/gemini-2.5-flash:generateContent "HTTP/1.1 429 Too Many Requests"
2026-09-07 21:48:04,064 WARNING crawler.llm.vertex_provider: Vertex AI lỗi tạm thời (lần 2/6), đợi 4.8s rồi thử lại: 429 RESOURCE_EXHAUSTED. {'error': {'code': 429, 'message': 'Resource exhausted. Please try again later. Please refer to 
2026-09-07 21:48:04,110 INFO google_genai.models: AFC is enabled with max remote calls: 10.
2026-09-07 21:48:05,604 INFO httpx: HTTP Request: POST https://us-central1-aiplatform.googleapis.com/v1beta1/projects/project-bf21b155-6b73-4230-8ef/locations/us-central1/publishers/google/models/gemini-2.5-flash:generateContent "HTTP/1.1 200 OK"
2026-09-07 21:48:05,738 INFO crawler.llm.fallback: Gọi LLM provider: vertex-ai
2026-09-07 21:48:05,738 INFO google_genai.models: AFC is enabled with max remote calls: 10.
2026-09-07 21:48:05,936 INFO google_genai.models: AFC is enabled with max remote calls: 10.
2026-09-07 21:48:07,180 INFO httpx: HTTP Request: POST https://us-central1-aiplatform.googleapis.com/v1beta1/projects/project-bf21b155-6b73-4230-8ef/locations/us-central1/publishers/google/models/gemini-2.5-flash:generateContent "HTTP/1.1 429 Too Many Requests"
2026-09-07 21:48:07,182 WARNING crawler.llm.vertex_provider: Vertex AI lỗi tạm thời (lần 3/6), đợi 8.7s rồi thử lại: 429 RESOURCE_EXHAUSTED. {'error': {'code': 429, 'message': 'Resource exhausted. Please try again later. Please refer to 
2026-09-07 21:48:08,821 INFO google_genai.models: AFC is enabled with max remote calls: 10.
2026-09-07 21:48:10,342 INFO httpx: HTTP Request: POST https://us-central1-aiplatform.googleapis.com/v1beta1/projects/project-bf21b155-6b73-4230-8ef/locations/us-central1/publishers/google/models/gemini-2.5-flash:generateContent "HTTP/1.1 200 OK"
2026-09-07 21:48:10,451 INFO crawler.llm.fallback: Gọi LLM provider: vertex-ai
2026-09-07 21:48:10,452 INFO google_genai.models: AFC is enabled with max remote calls: 10.
2026-09-07 21:48:12,122 INFO httpx: HTTP Request: POST https://us-central1-aiplatform.googleapis.com/v1beta1/projects/project-bf21b155-6b73-4230-8ef/locations/us-central1/publishers/google/models/gemini-2.5-flash:generateContent "HTTP/1.1 200 OK"
2026-09-07 21:48:12,239 INFO crawler.llm.fallback: Gọi LLM provider: vertex-ai
2026-09-07 21:48:12,239 INFO google_genai.models: AFC is enabled with max remote calls: 10.
2026-09-07 21:48:12,562 INFO httpx: HTTP Request: POST https://us-central1-aiplatform.googleapis.com/v1beta1/projects/project-bf21b155-6b73-4230-8ef/locations/us-central1/publishers/google/models/gemini-2.5-flash:generateContent "HTTP/1.1 429 Too Many Requests"
2026-09-07 21:48:12,563 WARNING crawler.llm.vertex_provider: Vertex AI lỗi tạm thời (lần 1/6), đợi 2.3s rồi thử lại: 429 RESOURCE_EXHAUSTED. {'error': {'code': 429, 'message': 'Resource exhausted. Please try again later. Please refer to 
2026-09-07 21:48:14,832 INFO google_genai.models: AFC is enabled with max remote calls: 10.
2026-09-07 21:48:15,155 INFO httpx: HTTP Request: POST https://us-central1-aiplatform.googleapis.com/v1beta1/projects/project-bf21b155-6b73-4230-8ef/locations/us-central1/publishers/google/models/gemini-2.5-flash:generateContent "HTTP/1.1 429 Too Many Requests"
2026-09-07 21:48:15,160 WARNING crawler.llm.vertex_provider: Vertex AI lỗi tạm thời (lần 2/6), đợi 5.0s rồi thử lại: 429 RESOURCE_EXHAUSTED. {'error': {'code': 429, 'message': 'Resource exhausted. Please try again later. Please refer to 
2026-09-07 21:48:15,859 INFO google_genai.models: AFC is enabled with max remote calls: 10.
2026-09-07 21:48:16,190 INFO httpx: HTTP Request: POST https://us-central1-aiplatform.googleapis.com/v1beta1/projects/project-bf21b155-6b73-4230-8ef/locations/us-central1/publishers/google/models/gemini-2.5-flash:generateContent "HTTP/1.1 200 OK"
2026-09-07 21:48:16,304 INFO crawler.llm.fallback: Gọi LLM provider: vertex-ai
2026-09-07 21:48:16,305 INFO google_genai.models: AFC is enabled with max remote calls: 10.
2026-09-07 21:48:17,644 INFO httpx: HTTP Request: POST https://us-central1-aiplatform.googleapis.com/v1beta1/projects/project-bf21b155-6b73-4230-8ef/locations/us-central1/publishers/google/models/gemini-2.5-flash:generateContent "HTTP/1.1 200 OK"
2026-09-07 21:48:17,657 INFO httpx: HTTP Request: POST https://us-central1-aiplatform.googleapis.com/v1beta1/projects/project-bf21b155-6b73-4230-8ef/locations/us-central1/publishers/google/models/gemini-2.5-flash:generateContent "HTTP/1.1 200 OK"
2026-09-07 21:48:17,885 INFO crawler.llm.fallback: Gọi LLM provider: vertex-ai
2026-09-07 21:48:17,885 INFO google_genai.models: AFC is enabled with max remote calls: 10.
2026-09-07 21:48:17,905 INFO crawler.llm.fallback: Gọi LLM provider: vertex-ai
2026-09-07 21:48:17,905 INFO google_genai.models: AFC is enabled with max remote calls: 10.
2026-09-07 21:48:18,257 INFO httpx: HTTP Request: POST https://us-central1-aiplatform.googleapis.com/v1beta1/projects/project-bf21b155-6b73-4230-8ef/locations/us-central1/publishers/google/models/gemini-2.5-flash:generateContent "HTTP/1.1 429 Too Many Requests"
2026-09-07 21:48:18,259 WARNING crawler.llm.vertex_provider: Vertex AI lỗi tạm thời (lần 1/6), đợi 2.9s rồi thử lại: 429 RESOURCE_EXHAUSTED. {'error': {'code': 429, 'message': 'Resource exhausted. Please try again later. Please refer to 
2026-09-07 21:48:18,763 INFO google_genai.models: AFC is enabled with max remote calls: 10.
2026-09-07 21:48:19,072 INFO httpx: HTTP Request: POST https://us-central1-aiplatform.googleapis.com/v1beta1/projects/project-bf21b155-6b73-4230-8ef/locations/us-central1/publishers/google/models/gemini-2.5-flash:generateContent "HTTP/1.1 429 Too Many Requests"
2026-09-07 21:48:19,073 WARNING crawler.llm.fallback: Provider vertex-ai thất bại (Vertex AI lỗi: 429 RESOURCE_EXHAUSTED. {'error': {'code': 429, 'message': 'Resource exhausted. Please try again later. Please refer to https://cloud.google.com/vertex-ai/generative-ai/docs/error-code-429 for more details.', 'status': 'RESOURCE_EXHAUSTED'}}), chuyển sang provider tiếp theo
2026-09-07 21:48:19,073 INFO crawler.llm.fallback: Gọi LLM provider: deepseek
2026-09-07 21:48:19,317 INFO httpx: HTTP Request: POST https://us-central1-aiplatform.googleapis.com/v1beta1/projects/project-bf21b155-6b73-4230-8ef/locations/us-central1/publishers/google/models/gemini-2.5-flash:generateContent "HTTP/1.1 200 OK"
2026-09-07 21:48:19,424 INFO crawler.llm.fallback: Gọi LLM provider: vertex-ai
2026-09-07 21:48:19,425 INFO google_genai.models: AFC is enabled with max remote calls: 10.
2026-09-07 21:48:19,561 INFO httpx2: HTTP Request: POST https://api.deepseek.com/chat/completions "HTTP/1.1 402 Payment Required"
2026-09-07 21:48:19,563 WARNING crawler.llm.fallback: Provider deepseek thất bại (DeepSeek lỗi: Error code: 402 - {'error': {'message': 'Insufficient Balance', 'type': 'unknown_error', 'param': None, 'code': 'invalid_request_error'}}), chuyển sang provider tiếp theo
2026-09-07 21:48:19,563 WARNING crawler.pipeline: Tầng 2 (LLM) thất bại cho https://duhal.com.vn/den-led-treo-tha-trang-tri-5w-dtt008: Tất cả LLM provider đều thất bại: DeepSeek lỗi: Error code: 402 - {'error': {'message': 'Insufficient Balance', 'type': 'unknown_error', 'param': None, 'code': 'invalid_request_error'}}
2026-09-07 21:48:19,883 INFO crawler.llm.fallback: Gọi LLM provider: vertex-ai
2026-09-07 21:48:19,883 INFO google_genai.models: AFC is enabled with max remote calls: 10.
2026-09-07 21:48:20,155 INFO google_genai.models: AFC is enabled with max remote calls: 10.
2026-09-07 21:48:20,173 INFO httpx: HTTP Request: POST https://us-central1-aiplatform.googleapis.com/v1beta1/projects/project-bf21b155-6b73-4230-8ef/locations/us-central1/publishers/google/models/gemini-2.5-flash:generateContent "HTTP/1.1 429 Too Many Requests"
2026-09-07 21:48:20,178 WARNING crawler.llm.vertex_provider: Vertex AI lỗi tạm thời (lần 1/6), đợi 2.2s rồi thử lại: 429 RESOURCE_EXHAUSTED. {'error': {'code': 429, 'message': 'Resource exhausted. Please try again later. Please refer to 
2026-09-07 21:48:20,819 INFO httpx: HTTP Request: POST https://us-central1-aiplatform.googleapis.com/v1beta1/projects/project-bf21b155-6b73-4230-8ef/locations/us-central1/publishers/google/models/gemini-2.5-flash:generateContent "HTTP/1.1 200 OK"
2026-09-07 21:48:20,930 INFO crawler.llm.fallback: Gọi LLM provider: vertex-ai
2026-09-07 21:48:20,930 INFO google_genai.models: AFC is enabled with max remote calls: 10.
2026-09-07 21:48:21,131 INFO google_genai.models: AFC is enabled with max remote calls: 10.
2026-09-07 21:48:21,431 INFO httpx: HTTP Request: POST https://us-central1-aiplatform.googleapis.com/v1beta1/projects/project-bf21b155-6b73-4230-8ef/locations/us-central1/publishers/google/models/gemini-2.5-flash:generateContent "HTTP/1.1 429 Too Many Requests"
2026-09-07 21:48:21,434 WARNING crawler.llm.vertex_provider: Vertex AI lỗi tạm thời (lần 3/6), đợi 8.1s rồi thử lại: 429 RESOURCE_EXHAUSTED. {'error': {'code': 429, 'message': 'Resource exhausted. Please try again later. Please refer to 
2026-09-07 21:48:21,445 INFO httpx: HTTP Request: POST https://us-central1-aiplatform.googleapis.com/v1beta1/projects/project-bf21b155-6b73-4230-8ef/locations/us-central1/publishers/google/models/gemini-2.5-flash:generateContent "HTTP/1.1 429 Too Many Requests"
2026-09-07 21:48:21,448 WARNING crawler.llm.vertex_provider: Vertex AI lỗi tạm thời (lần 2/6), đợi 4.6s rồi thử lại: 429 RESOURCE_EXHAUSTED. {'error': {'code': 429, 'message': 'Resource exhausted. Please try again later. Please refer to 
2026-09-07 21:48:22,149 INFO httpx: HTTP Request: POST https://us-central1-aiplatform.googleapis.com/v1beta1/projects/project-bf21b155-6b73-4230-8ef/locations/us-central1/publishers/google/models/gemini-2.5-flash:generateContent "HTTP/1.1 200 OK"
2026-09-07 21:48:22,254 INFO crawler.llm.fallback: Gọi LLM provider: vertex-ai
2026-09-07 21:48:22,255 INFO google_genai.models: AFC is enabled with max remote calls: 10.
2026-09-07 21:48:22,426 INFO google_genai.models: AFC is enabled with max remote calls: 10.
2026-09-07 21:48:22,543 INFO httpx: HTTP Request: POST https://us-central1-aiplatform.googleapis.com/v1beta1/projects/project-bf21b155-6b73-4230-8ef/locations/us-central1/publishers/google/models/gemini-2.5-flash:generateContent "HTTP/1.1 429 Too Many Requests"
2026-09-07 21:48:22,548 WARNING crawler.llm.vertex_provider: Vertex AI lỗi tạm thời (lần 1/6), đợi 2.6s rồi thử lại: 429 RESOURCE_EXHAUSTED. {'error': {'code': 429, 'message': 'Resource exhausted. Please try again later. Please refer to 
2026-09-07 21:48:22,762 INFO httpx: HTTP Request: POST https://us-central1-aiplatform.googleapis.com/v1beta1/projects/project-bf21b155-6b73-4230-8ef/locations/us-central1/publishers/google/models/gemini-2.5-flash:generateContent "HTTP/1.1 429 Too Many Requests"
2026-09-07 21:48:22,763 WARNING crawler.llm.vertex_provider: Vertex AI lỗi tạm thời (lần 2/6), đợi 4.1s rồi thử lại: 429 RESOURCE_EXHAUSTED. {'error': {'code': 429, 'message': 'Resource exhausted. Please try again later. Please refer to 
2026-09-07 21:48:25,123 INFO google_genai.models: AFC is enabled with max remote calls: 10.
2026-09-07 21:48:25,425 INFO httpx: HTTP Request: POST https://us-central1-aiplatform.googleapis.com/v1beta1/projects/project-bf21b155-6b73-4230-8ef/locations/us-central1/publishers/google/models/gemini-2.5-flash:generateContent "HTTP/1.1 429 Too Many Requests"
2026-09-07 21:48:25,426 WARNING crawler.llm.vertex_provider: Vertex AI lỗi tạm thời (lần 2/6), đợi 4.6s rồi thử lại: 429 RESOURCE_EXHAUSTED. {'error': {'code': 429, 'message': 'Resource exhausted. Please try again later. Please refer to 
2026-09-07 21:48:26,005 INFO google_genai.models: AFC is enabled with max remote calls: 10.
2026-09-07 21:48:26,346 INFO httpx: HTTP Request: POST https://us-central1-aiplatform.googleapis.com/v1beta1/projects/project-bf21b155-6b73-4230-8ef/locations/us-central1/publishers/google/models/gemini-2.5-flash:generateContent "HTTP/1.1 429 Too Many Requests"
2026-09-07 21:48:26,348 WARNING crawler.llm.vertex_provider: Vertex AI lỗi tạm thời (lần 3/6), đợi 8.3s rồi thử lại: 429 RESOURCE_EXHAUSTED. {'error': {'code': 429, 'message': 'Resource exhausted. Please try again later. Please refer to 
2026-09-07 21:48:26,816 INFO google_genai.models: AFC is enabled with max remote calls: 10.
2026-09-07 21:48:27,119 INFO httpx: HTTP Request: POST https://us-central1-aiplatform.googleapis.com/v1beta1/projects/project-bf21b155-6b73-4230-8ef/locations/us-central1/publishers/google/models/gemini-2.5-flash:generateContent "HTTP/1.1 429 Too Many Requests"
2026-09-07 21:48:27,124 WARNING crawler.llm.vertex_provider: Vertex AI lỗi tạm thời (lần 3/6), đợi 8.5s rồi thử lại: 429 RESOURCE_EXHAUSTED. {'error': {'code': 429, 'message': 'Resource exhausted. Please try again later. Please refer to 
2026-09-07 21:48:29,535 INFO google_genai.models: AFC is enabled with max remote calls: 10.
2026-09-07 21:48:29,982 INFO google_genai.models: AFC is enabled with max remote calls: 10.
2026-09-07 21:48:31,212 INFO httpx: HTTP Request: POST https://us-central1-aiplatform.googleapis.com/v1beta1/projects/project-bf21b155-6b73-4230-8ef/locations/us-central1/publishers/google/models/gemini-2.5-flash:generateContent "HTTP/1.1 200 OK"
2026-09-07 21:48:31,315 INFO crawler.llm.fallback: Gọi LLM provider: vertex-ai
2026-09-07 21:48:31,315 INFO google_genai.models: AFC is enabled with max remote calls: 10.
2026-09-07 21:48:32,491 INFO httpx: HTTP Request: POST https://us-central1-aiplatform.googleapis.com/v1beta1/projects/project-bf21b155-6b73-4230-8ef/locations/us-central1/publishers/google/models/gemini-2.5-flash:generateContent "HTTP/1.1 200 OK"
2026-09-07 21:48:32,608 INFO crawler.llm.fallback: Gọi LLM provider: vertex-ai
2026-09-07 21:48:32,608 INFO google_genai.models: AFC is enabled with max remote calls: 10.
2026-09-07 21:48:32,798 INFO httpx: HTTP Request: POST https://us-central1-aiplatform.googleapis.com/v1beta1/projects/project-bf21b155-6b73-4230-8ef/locations/us-central1/publishers/google/models/gemini-2.5-flash:generateContent "HTTP/1.1 200 OK"
2026-09-07 21:48:32,907 INFO crawler.llm.fallback: Gọi LLM provider: vertex-ai
2026-09-07 21:48:32,908 INFO google_genai.models: AFC is enabled with max remote calls: 10.
2026-09-07 21:48:32,935 INFO httpx: HTTP Request: POST https://us-central1-aiplatform.googleapis.com/v1beta1/projects/project-bf21b155-6b73-4230-8ef/locations/us-central1/publishers/google/models/gemini-2.5-flash:generateContent "HTTP/1.1 429 Too Many Requests"
2026-09-07 21:48:32,937 WARNING crawler.llm.vertex_provider: Vertex AI lỗi tạm thời (lần 1/6), đợi 2.3s rồi thử lại: 429 RESOURCE_EXHAUSTED. {'error': {'code': 429, 'message': 'Resource exhausted. Please try again later. Please refer to 
2026-09-07 21:48:33,207 INFO httpx: HTTP Request: POST https://us-central1-aiplatform.googleapis.com/v1beta1/projects/project-bf21b155-6b73-4230-8ef/locations/us-central1/publishers/google/models/gemini-2.5-flash:generateContent "HTTP/1.1 429 Too Many Requests"
2026-09-07 21:48:33,209 WARNING crawler.llm.vertex_provider: Vertex AI lỗi tạm thời (lần 1/6), đợi 2.5s rồi thử lại: 429 RESOURCE_EXHAUSTED. {'error': {'code': 429, 'message': 'Resource exhausted. Please try again later. Please refer to 
2026-09-07 21:48:34,621 INFO google_genai.models: AFC is enabled with max remote calls: 10.
2026-09-07 21:48:34,948 INFO httpx: HTTP Request: POST https://us-central1-aiplatform.googleapis.com/v1beta1/projects/project-bf21b155-6b73-4230-8ef/locations/us-central1/publishers/google/models/gemini-2.5-flash:generateContent "HTTP/1.1 429 Too Many Requests"
2026-09-07 21:48:34,950 WARNING crawler.llm.vertex_provider: Vertex AI lỗi tạm thời (lần 4/6), đợi 16.9s rồi thử lại: 429 RESOURCE_EXHAUSTED. {'error': {'code': 429, 'message': 'Resource exhausted. Please try again later. Please refer to 
2026-09-07 21:48:35,257 INFO google_genai.models: AFC is enabled with max remote calls: 10.
2026-09-07 21:48:35,563 INFO httpx: HTTP Request: POST https://us-central1-aiplatform.googleapis.com/v1beta1/projects/project-bf21b155-6b73-4230-8ef/locations/us-central1/publishers/google/models/gemini-2.5-flash:generateContent "HTTP/1.1 429 Too Many Requests"
2026-09-07 21:48:35,569 WARNING crawler.llm.vertex_provider: Vertex AI lỗi tạm thời (lần 2/6), đợi 4.1s rồi thử lại: 429 RESOURCE_EXHAUSTED. {'error': {'code': 429, 'message': 'Resource exhausted. Please try again later. Please refer to 
2026-09-07 21:48:35,600 INFO google_genai.models: AFC is enabled with max remote calls: 10.
2026-09-07 21:48:35,688 INFO google_genai.models: AFC is enabled with max remote calls: 10.
2026-09-07 21:48:35,902 INFO httpx: HTTP Request: POST https://us-central1-aiplatform.googleapis.com/v1beta1/projects/project-bf21b155-6b73-4230-8ef/locations/us-central1/publishers/google/models/gemini-2.5-flash:generateContent "HTTP/1.1 429 Too Many Requests"
2026-09-07 21:48:35,907 WARNING crawler.llm.vertex_provider: Vertex AI lỗi tạm thời (lần 4/6), đợi 16.0s rồi thử lại: 429 RESOURCE_EXHAUSTED. {'error': {'code': 429, 'message': 'Resource exhausted. Please try again later. Please refer to 
2026-09-07 21:48:36,074 INFO httpx: HTTP Request: POST https://us-central1-aiplatform.googleapis.com/v1beta1/projects/project-bf21b155-6b73-4230-8ef/locations/us-central1/publishers/google/models/gemini-2.5-flash:generateContent "HTTP/1.1 429 Too Many Requests"
2026-09-07 21:48:36,075 WARNING crawler.llm.vertex_provider: Vertex AI lỗi tạm thời (lần 2/6), đợi 4.1s rồi thử lại: 429 RESOURCE_EXHAUSTED. {'error': {'code': 429, 'message': 'Resource exhausted. Please try again later. Please refer to 
2026-09-07 21:48:37,718 INFO crawler.fetch.stealth_fetch: Server phản ứng chậm/từ chối - giãn nhịp fetch lên 1.0s
2026-09-07 21:48:39,653 INFO google_genai.models: AFC is enabled with max remote calls: 10.
2026-09-07 21:48:39,939 INFO httpx: HTTP Request: POST https://us-central1-aiplatform.googleapis.com/v1beta1/projects/project-bf21b155-6b73-4230-8ef/locations/us-central1/publishers/google/models/gemini-2.5-flash:generateContent "HTTP/1.1 429 Too Many Requests"
2026-09-07 21:48:39,942 WARNING crawler.llm.vertex_provider: Vertex AI lỗi tạm thời (lần 3/6), đợi 8.1s rồi thử lại: 429 RESOURCE_EXHAUSTED. {'error': {'code': 429, 'message': 'Resource exhausted. Please try again later. Please refer to 
2026-09-07 21:48:40,223 INFO google_genai.models: AFC is enabled with max remote calls: 10.
2026-09-07 21:48:40,533 INFO httpx: HTTP Request: POST https://us-central1-aiplatform.googleapis.com/v1beta1/projects/project-bf21b155-6b73-4230-8ef/locations/us-central1/publishers/google/models/gemini-2.5-flash:generateContent "HTTP/1.1 429 Too Many Requests"
2026-09-07 21:48:40,538 WARNING crawler.llm.vertex_provider: Vertex AI lỗi tạm thời (lần 3/6), đợi 8.2s rồi thử lại: 429 RESOURCE_EXHAUSTED. {'error': {'code': 429, 'message': 'Resource exhausted. Please try again later. Please refer to 
2026-09-07 21:48:48,081 INFO google_genai.models: AFC is enabled with max remote calls: 10.
2026-09-07 21:48:48,743 INFO google_genai.models: AFC is enabled with max remote calls: 10.
2026-09-07 21:48:49,323 INFO httpx: HTTP Request: POST https://us-central1-aiplatform.googleapis.com/v1beta1/projects/project-bf21b155-6b73-4230-8ef/locations/us-central1/publishers/google/models/gemini-2.5-flash:generateContent "HTTP/1.1 429 Too Many Requests"
2026-09-07 21:48:49,324 WARNING crawler.llm.vertex_provider: Vertex AI lỗi tạm thời (lần 4/6), đợi 16.3s rồi thử lại: 429 RESOURCE_EXHAUSTED. {'error': {'code': 429, 'message': 'Resource exhausted. Please try again later. Please refer to 
2026-09-07 21:48:50,041 INFO httpx: HTTP Request: POST https://us-central1-aiplatform.googleapis.com/v1beta1/projects/project-bf21b155-6b73-4230-8ef/locations/us-central1/publishers/google/models/gemini-2.5-flash:generateContent "HTTP/1.1 429 Too Many Requests"
2026-09-07 21:48:50,042 WARNING crawler.llm.vertex_provider: Vertex AI lỗi tạm thời (lần 4/6), đợi 16.7s rồi thử lại: 429 RESOURCE_EXHAUSTED. {'error': {'code': 429, 'message': 'Resource exhausted. Please try again later. Please refer to 
2026-09-07 21:48:51,837 INFO google_genai.models: AFC is enabled with max remote calls: 10.
2026-09-07 21:48:51,920 INFO google_genai.models: AFC is enabled with max remote calls: 10.
2026-09-07 21:48:53,278 INFO httpx: HTTP Request: POST https://us-central1-aiplatform.googleapis.com/v1beta1/projects/project-bf21b155-6b73-4230-8ef/locations/us-central1/publishers/google/models/gemini-2.5-flash:generateContent "HTTP/1.1 200 OK"
2026-09-07 21:48:53,280 INFO httpx: HTTP Request: POST https://us-central1-aiplatform.googleapis.com/v1beta1/projects/project-bf21b155-6b73-4230-8ef/locations/us-central1/publishers/google/models/gemini-2.5-flash:generateContent "HTTP/1.1 200 OK"
2026-09-07 21:48:53,513 INFO crawler.llm.fallback: Gọi LLM provider: vertex-ai
2026-09-07 21:48:53,513 INFO google_genai.models: AFC is enabled with max remote calls: 10.
2026-09-07 21:48:53,521 INFO crawler.llm.fallback: Gọi LLM provider: vertex-ai
2026-09-07 21:48:53,521 INFO google_genai.models: AFC is enabled with max remote calls: 10.
2026-09-07 21:48:54,978 INFO httpx: HTTP Request: POST https://us-central1-aiplatform.googleapis.com/v1beta1/projects/project-bf21b155-6b73-4230-8ef/locations/us-central1/publishers/google/models/gemini-2.5-flash:generateContent "HTTP/1.1 200 OK"
2026-09-07 21:48:54,980 INFO httpx: HTTP Request: POST https://us-central1-aiplatform.googleapis.com/v1beta1/projects/project-bf21b155-6b73-4230-8ef/locations/us-central1/publishers/google/models/gemini-2.5-flash:generateContent "HTTP/1.1 200 OK"
2026-09-07 21:48:55,427 INFO crawler.llm.fallback: Gọi LLM provider: vertex-ai
2026-09-07 21:48:55,428 INFO google_genai.models: AFC is enabled with max remote calls: 10.
2026-09-07 21:48:55,435 INFO crawler.llm.fallback: Gọi LLM provider: vertex-ai
2026-09-07 21:48:55,435 INFO google_genai.models: AFC is enabled with max remote calls: 10.
2026-09-07 21:48:56,760 INFO httpx: HTTP Request: POST https://us-central1-aiplatform.googleapis.com/v1beta1/projects/project-bf21b155-6b73-4230-8ef/locations/us-central1/publishers/google/models/gemini-2.5-flash:generateContent "HTTP/1.1 200 OK"
2026-09-07 21:48:56,886 INFO crawler.llm.fallback: Gọi LLM provider: vertex-ai
2026-09-07 21:48:56,886 INFO google_genai.models: AFC is enabled with max remote calls: 10.
2026-09-07 21:48:57,148 INFO httpx: HTTP Request: POST https://us-central1-aiplatform.googleapis.com/v1beta1/projects/project-bf21b155-6b73-4230-8ef/locations/us-central1/publishers/google/models/gemini-2.5-flash:generateContent "HTTP/1.1 200 OK"
2026-09-07 21:48:57,188 INFO httpx: HTTP Request: POST https://us-central1-aiplatform.googleapis.com/v1beta1/projects/project-bf21b155-6b73-4230-8ef/locations/us-central1/publishers/google/models/gemini-2.5-flash:generateContent "HTTP/1.1 429 Too Many Requests"
2026-09-07 21:48:57,190 WARNING crawler.llm.vertex_provider: Vertex AI lỗi tạm thời (lần 1/6), đợi 2.9s rồi thử lại: 429 RESOURCE_EXHAUSTED. {'error': {'code': 429, 'message': 'Resource exhausted. Please try again later. Please refer to 
2026-09-07 21:48:57,264 INFO crawler.llm.fallback: Gọi LLM provider: vertex-ai
2026-09-07 21:48:57,265 INFO google_genai.models: AFC is enabled with max remote calls: 10.
2026-09-07 21:48:58,928 INFO httpx: HTTP Request: POST https://us-central1-aiplatform.googleapis.com/v1beta1/projects/project-bf21b155-6b73-4230-8ef/locations/us-central1/publishers/google/models/gemini-2.5-flash:generateContent "HTTP/1.1 200 OK"
2026-09-07 21:48:59,035 INFO crawler.llm.fallback: Gọi LLM provider: vertex-ai
2026-09-07 21:48:59,035 INFO google_genai.models: AFC is enabled with max remote calls: 10.
2026-09-07 21:48:59,324 INFO httpx: HTTP Request: POST https://us-central1-aiplatform.googleapis.com/v1beta1/projects/project-bf21b155-6b73-4230-8ef/locations/us-central1/publishers/google/models/gemini-2.5-flash:generateContent "HTTP/1.1 429 Too Many Requests"
2026-09-07 21:48:59,330 WARNING crawler.llm.vertex_provider: Vertex AI lỗi tạm thời (lần 1/6), đợi 2.9s rồi thử lại: 429 RESOURCE_EXHAUSTED. {'error': {'code': 429, 'message': 'Resource exhausted. Please try again later. Please refer to 
2026-09-07 21:49:00,056 INFO google_genai.models: AFC is enabled with max remote calls: 10.
2026-09-07 21:49:01,368 INFO httpx: HTTP Request: POST https://us-central1-aiplatform.googleapis.com/v1beta1/projects/project-bf21b155-6b73-4230-8ef/locations/us-central1/publishers/google/models/gemini-2.5-flash:generateContent "HTTP/1.1 200 OK"
2026-09-07 21:49:01,475 INFO crawler.llm.fallback: Gọi LLM provider: vertex-ai
2026-09-07 21:49:01,476 INFO google_genai.models: AFC is enabled with max remote calls: 10.
2026-09-07 21:49:02,240 INFO google_genai.models: AFC is enabled with max remote calls: 10.
2026-09-07 21:49:04,850 INFO httpx: HTTP Request: POST https://us-central1-aiplatform.googleapis.com/v1beta1/projects/project-bf21b155-6b73-4230-8ef/locations/us-central1/publishers/google/models/gemini-2.5-flash:generateContent "HTTP/1.1 200 OK"
2026-09-07 21:49:04,958 INFO crawler.llm.fallback: Gọi LLM provider: vertex-ai
2026-09-07 21:49:04,958 INFO google_genai.models: AFC is enabled with max remote calls: 10.
2026-09-07 21:49:05,662 INFO google_genai.models: AFC is enabled with max remote calls: 10.
2026-09-07 21:49:06,128 INFO httpx: HTTP Request: POST https://us-central1-aiplatform.googleapis.com/v1beta1/projects/project-bf21b155-6b73-4230-8ef/locations/us-central1/publishers/google/models/gemini-2.5-flash:generateContent "HTTP/1.1 429 Too Many Requests"
2026-09-07 21:49:06,133 WARNING crawler.llm.vertex_provider: Vertex AI lỗi tạm thời (lần 1/6), đợi 2.3s rồi thử lại: 429 RESOURCE_EXHAUSTED. {'error': {'code': 429, 'message': 'Resource exhausted. Please try again later. Please refer to 
2026-09-07 21:49:06,733 INFO google_genai.models: AFC is enabled with max remote calls: 10.
2026-09-07 21:49:07,000 INFO httpx: HTTP Request: POST https://us-central1-aiplatform.googleapis.com/v1beta1/projects/project-bf21b155-6b73-4230-8ef/locations/us-central1/publishers/google/models/gemini-2.5-flash:generateContent "HTTP/1.1 429 Too Many Requests"
2026-09-07 21:49:07,001 WARNING crawler.llm.vertex_provider: Vertex AI lỗi tạm thời (lần 5/6), đợi 32.7s rồi thử lại: 429 RESOURCE_EXHAUSTED. {'error': {'code': 429, 'message': 'Resource exhausted. Please try again later. Please refer to 
2026-09-07 21:49:07,048 INFO httpx: HTTP Request: POST https://us-central1-aiplatform.googleapis.com/v1beta1/projects/project-bf21b155-6b73-4230-8ef/locations/us-central1/publishers/google/models/gemini-2.5-flash:generateContent "HTTP/1.1 429 Too Many Requests"
2026-09-07 21:49:07,052 WARNING crawler.llm.vertex_provider: Vertex AI lỗi tạm thời (lần 5/6), đợi 32.2s rồi thử lại: 429 RESOURCE_EXHAUSTED. {'error': {'code': 429, 'message': 'Resource exhausted. Please try again later. Please refer to 
2026-09-07 21:49:08,464 INFO google_genai.models: AFC is enabled with max remote calls: 10.
2026-09-07 21:49:08,789 INFO httpx: HTTP Request: POST https://us-central1-aiplatform.googleapis.com/v1beta1/projects/project-bf21b155-6b73-4230-8ef/locations/us-central1/publishers/google/models/gemini-2.5-flash:generateContent "HTTP/1.1 429 Too Many Requests"
2026-09-07 21:49:08,790 WARNING crawler.llm.vertex_provider: Vertex AI lỗi tạm thời (lần 2/6), đợi 4.6s rồi thử lại: 429 RESOURCE_EXHAUSTED. {'error': {'code': 429, 'message': 'Resource exhausted. Please try again later. Please refer to 
2026-09-07 21:49:12,237 INFO httpx: HTTP Request: POST https://us-central1-aiplatform.googleapis.com/v1beta1/projects/project-bf21b155-6b73-4230-8ef/locations/us-central1/publishers/google/models/gemini-2.5-flash:generateContent "HTTP/1.1 200 OK"
2026-09-07 21:49:12,352 INFO crawler.llm.fallback: Gọi LLM provider: vertex-ai
2026-09-07 21:49:12,352 INFO google_genai.models: AFC is enabled with max remote calls: 10.
2026-09-07 21:49:12,662 INFO httpx: HTTP Request: POST https://us-central1-aiplatform.googleapis.com/v1beta1/projects/project-bf21b155-6b73-4230-8ef/locations/us-central1/publishers/google/models/gemini-2.5-flash:generateContent "HTTP/1.1 429 Too Many Requests"
2026-09-07 21:49:12,666 WARNING crawler.llm.vertex_provider: Vertex AI lỗi tạm thời (lần 1/6), đợi 2.3s rồi thử lại: 429 RESOURCE_EXHAUSTED. {'error': {'code': 429, 'message': 'Resource exhausted. Please try again later. Please refer to 
2026-09-07 21:49:13,344 INFO google_genai.models: AFC is enabled with max remote calls: 10.
2026-09-07 21:49:13,758 INFO httpx: HTTP Request: POST https://us-central1-aiplatform.googleapis.com/v1beta1/projects/project-bf21b155-6b73-4230-8ef/locations/us-central1/publishers/google/models/gemini-2.5-flash:generateContent "HTTP/1.1 429 Too Many Requests"
2026-09-07 21:49:13,759 WARNING crawler.llm.vertex_provider: Vertex AI lỗi tạm thời (lần 3/6), đợi 8.1s rồi thử lại: 429 RESOURCE_EXHAUSTED. {'error': {'code': 429, 'message': 'Resource exhausted. Please try again later. Please refer to 
2026-09-07 21:49:14,935 INFO google_genai.models: AFC is enabled with max remote calls: 10.
2026-09-07 21:49:17,302 INFO httpx: HTTP Request: POST https://us-central1-aiplatform.googleapis.com/v1beta1/projects/project-bf21b155-6b73-4230-8ef/locations/us-central1/publishers/google/models/gemini-2.5-flash:generateContent "HTTP/1.1 200 OK"
2026-09-07 21:49:17,415 INFO crawler.llm.fallback: Gọi LLM provider: vertex-ai
2026-09-07 21:49:17,415 INFO google_genai.models: AFC is enabled with max remote calls: 10.
2026-09-07 21:49:18,965 INFO httpx: HTTP Request: POST https://us-central1-aiplatform.googleapis.com/v1beta1/projects/project-bf21b155-6b73-4230-8ef/locations/us-central1/publishers/google/models/gemini-2.5-flash:generateContent "HTTP/1.1 200 OK"
2026-09-07 21:49:19,271 INFO crawler.llm.fallback: Gọi LLM provider: vertex-ai
2026-09-07 21:49:19,271 INFO google_genai.models: AFC is enabled with max remote calls: 10.
2026-09-07 21:49:20,848 INFO httpx: HTTP Request: POST https://us-central1-aiplatform.googleapis.com/v1beta1/projects/project-bf21b155-6b73-4230-8ef/locations/us-central1/publishers/google/models/gemini-2.5-flash:generateContent "HTTP/1.1 200 OK"
2026-09-07 21:49:20,954 INFO crawler.llm.fallback: Gọi LLM provider: vertex-ai
2026-09-07 21:49:20,955 INFO google_genai.models: AFC is enabled with max remote calls: 10.
2026-09-07 21:49:20,976 INFO crawler.fetch.stealth_fetch: Server phản ứng chậm/từ chối - giãn nhịp fetch lên 1.0s
2026-09-07 21:49:21,902 INFO google_genai.models: AFC is enabled with max remote calls: 10.
2026-09-07 21:49:22,047 INFO httpx: HTTP Request: POST https://us-central1-aiplatform.googleapis.com/v1beta1/projects/project-bf21b155-6b73-4230-8ef/locations/us-central1/publishers/google/models/gemini-2.5-flash:generateContent "HTTP/1.1 200 OK"
2026-09-07 21:49:22,052 INFO crawler.llm.validate: Bỏ tag không có căn cứ trong nguồn: quy_cach='null'
2026-09-07 21:49:22,152 INFO crawler.llm.fallback: Gọi LLM provider: vertex-ai
2026-09-07 21:49:22,152 INFO google_genai.models: AFC is enabled with max remote calls: 10.
2026-09-07 21:49:22,538 INFO httpx: HTTP Request: POST https://us-central1-aiplatform.googleapis.com/v1beta1/projects/project-bf21b155-6b73-4230-8ef/locations/us-central1/publishers/google/models/gemini-2.5-flash:generateContent "HTTP/1.1 429 Too Many Requests"
2026-09-07 21:49:22,539 WARNING crawler.llm.vertex_provider: Vertex AI lỗi tạm thời (lần 1/6), đợi 2.3s rồi thử lại: 429 RESOURCE_EXHAUSTED. {'error': {'code': 429, 'message': 'Resource exhausted. Please try again later. Please refer to 
2026-09-07 21:49:23,153 INFO httpx: HTTP Request: POST https://us-central1-aiplatform.googleapis.com/v1beta1/projects/project-bf21b155-6b73-4230-8ef/locations/us-central1/publishers/google/models/gemini-2.5-flash:generateContent "HTTP/1.1 429 Too Many Requests"
2026-09-07 21:49:23,154 WARNING crawler.llm.vertex_provider: Vertex AI lỗi tạm thời (lần 4/6), đợi 16.9s rồi thử lại: 429 RESOURCE_EXHAUSTED. {'error': {'code': 429, 'message': 'Resource exhausted. Please try again later. Please refer to 
2026-09-07 21:49:24,885 INFO google_genai.models: AFC is enabled with max remote calls: 10.
2026-09-07 21:49:25,187 INFO httpx: HTTP Request: POST https://us-central1-aiplatform.googleapis.com/v1beta1/projects/project-bf21b155-6b73-4230-8ef/locations/us-central1/publishers/google/models/gemini-2.5-flash:generateContent "HTTP/1.1 429 Too Many Requests"
2026-09-07 21:49:25,192 WARNING crawler.llm.vertex_provider: Vertex AI lỗi tạm thời (lần 2/6), đợi 4.1s rồi thử lại: 429 RESOURCE_EXHAUSTED. {'error': {'code': 429, 'message': 'Resource exhausted. Please try again later. Please refer to 
2026-09-07 21:49:29,253 INFO google_genai.models: AFC is enabled with max remote calls: 10.
2026-09-07 21:49:29,553 INFO httpx: HTTP Request: POST https://us-central1-aiplatform.googleapis.com/v1beta1/projects/project-bf21b155-6b73-4230-8ef/locations/us-central1/publishers/google/models/gemini-2.5-flash:generateContent "HTTP/1.1 429 Too Many Requests"
2026-09-07 21:49:29,557 WARNING crawler.llm.vertex_provider: Vertex AI lỗi tạm thời (lần 3/6), đợi 8.9s rồi thử lại: 429 RESOURCE_EXHAUSTED. {'error': {'code': 429, 'message': 'Resource exhausted. Please try again later. Please refer to 
2026-09-07 21:49:31,392 INFO crawler.fetch.stealth_fetch: https://duhal.com.vn/mang-den-phan-quang-lap-noi-2x9w-tdn6209 -> 429, retry lan 1
2026-09-07 21:49:31,392 INFO crawler.fetch.stealth_fetch: Server phản ứng chậm/từ chối - giãn nhịp fetch lên 1.0s
2026-09-07 21:49:33,220 INFO crawler.fetch.stealth_fetch: https://duhal.com.vn/mang-den-phan-quang-lap-noi-2x9w-tdn6209 -> 429, retry lan 2
2026-09-07 21:49:33,220 INFO crawler.fetch.stealth_fetch: Server phản ứng chậm/từ chối - giãn nhịp fetch lên 2.0s
2026-09-07 21:49:38,488 INFO google_genai.models: AFC is enabled with max remote calls: 10.
2026-09-07 21:49:38,556 INFO crawler.fetch.stealth_fetch: https://duhal.com.vn/mang-den-phan-quang-lap-noi-3x18w-tdn318 -> 429, retry lan 1
2026-09-07 21:49:38,556 INFO crawler.fetch.stealth_fetch: Server phản ứng chậm/từ chối - giãn nhịp fetch lên 4.0s
2026-09-07 21:49:39,273 INFO google_genai.models: AFC is enabled with max remote calls: 10.
2026-09-07 21:49:39,688 INFO google_genai.models: AFC is enabled with max remote calls: 10.
2026-09-07 21:49:39,722 INFO httpx: HTTP Request: POST https://us-central1-aiplatform.googleapis.com/v1beta1/projects/project-bf21b155-6b73-4230-8ef/locations/us-central1/publishers/google/models/gemini-2.5-flash:generateContent "HTTP/1.1 429 Too Many Requests"
2026-09-07 21:49:39,723 WARNING crawler.llm.vertex_provider: Vertex AI lỗi tạm thời (lần 4/6), đợi 16.3s rồi thử lại: 429 RESOURCE_EXHAUSTED. {'error': {'code': 429, 'message': 'Resource exhausted. Please try again later. Please refer to 
2026-09-07 21:49:40,092 INFO google_genai.models: AFC is enabled with max remote calls: 10.
2026-09-07 21:49:40,406 INFO httpx: HTTP Request: POST https://us-central1-aiplatform.googleapis.com/v1beta1/projects/project-bf21b155-6b73-4230-8ef/locations/us-central1/publishers/google/models/gemini-2.5-flash:generateContent "HTTP/1.1 429 Too Many Requests"
2026-09-07 21:49:40,408 WARNING crawler.llm.vertex_provider: Vertex AI lỗi tạm thời (lần 5/6), đợi 32.6s rồi thử lại: 429 RESOURCE_EXHAUSTED. {'error': {'code': 429, 'message': 'Resource exhausted. Please try again later. Please refer to 
2026-09-07 21:49:40,494 INFO httpx: HTTP Request: POST https://us-central1-aiplatform.googleapis.com/v1beta1/projects/project-bf21b155-6b73-4230-8ef/locations/us-central1/publishers/google/models/gemini-2.5-flash:generateContent "HTTP/1.1 429 Too Many Requests"
2026-09-07 21:49:40,496 WARNING crawler.llm.fallback: Provider vertex-ai thất bại (Vertex AI lỗi: 429 RESOURCE_EXHAUSTED. {'error': {'code': 429, 'message': 'Resource exhausted. Please try again later. Please refer to https://cloud.google.com/vertex-ai/generative-ai/docs/error-code-429 for more details.', 'status': 'RESOURCE_EXHAUSTED'}}), chuyển sang provider tiếp theo
2026-09-07 21:49:40,496 INFO crawler.llm.fallback: Gọi LLM provider: deepseek
2026-09-07 21:49:40,996 INFO httpx2: HTTP Request: POST https://api.deepseek.com/chat/completions "HTTP/1.1 402 Payment Required"
2026-09-07 21:49:40,997 INFO httpx: HTTP Request: POST https://us-central1-aiplatform.googleapis.com/v1beta1/projects/project-bf21b155-6b73-4230-8ef/locations/us-central1/publishers/google/models/gemini-2.5-flash:generateContent "HTTP/1.1 429 Too Many Requests"
2026-09-07 21:49:40,998 WARNING crawler.llm.fallback: Provider deepseek thất bại (DeepSeek lỗi: Error code: 402 - {'error': {'message': 'Insufficient Balance', 'type': 'unknown_error', 'param': None, 'code': 'invalid_request_error'}}), chuyển sang provider tiếp theo
2026-09-07 21:49:40,999 WARNING crawler.pipeline: Tầng 2 (LLM) thất bại cho https://duhal.com.vn/den-mang-led-am-tran-36w-sdla0361: Tất cả LLM provider đều thất bại: DeepSeek lỗi: Error code: 402 - {'error': {'message': 'Insufficient Balance', 'type': 'unknown_error', 'param': None, 'code': 'invalid_request_error'}}
2026-09-07 21:49:41,001 WARNING crawler.llm.fallback: Provider vertex-ai thất bại (Vertex AI lỗi: 429 RESOURCE_EXHAUSTED. {'error': {'code': 429, 'message': 'Resource exhausted. Please try again later. Please refer to https://cloud.google.com/vertex-ai/generative-ai/docs/error-code-429 for more details.', 'status': 'RESOURCE_EXHAUSTED'}}), chuyển sang provider tiếp theo
2026-09-07 21:49:41,001 INFO crawler.llm.fallback: Gọi LLM provider: deepseek
2026-09-07 21:49:41,050 WARNING crawler.pipeline: Fetch thất bại cho https://duhal.com.vn/den-pha-led-100w-kdj2100.html: None
2026-09-07 21:49:41,050 WARNING crawler.pipeline: Fetch thất bại cho https://duhal.com.vn/den-pha-led-150w-kdj2150.html: None
2026-09-07 21:49:41,052 ERROR extruct._extruct: Failed to extract json-ld, raises Expecting ',' delimiter: line 7 column 74 (char 350)
Traceback (most recent call last):
  File "/home/tdh/Intern/rivals_crawl/.venv/lib/python3.11/site-packages/extruct/jsonld.py", line 39, in _extract_items
    data = json.loads(script, strict=False)
           ^^^^^^^^^^^^^^^^^^^^^^^^^^^^^^^^
  File "/home/tdh/.local/share/uv/python/cpython-3.11.15-linux-x86_64-gnu/lib/python3.11/json/__init__.py", line 359, in loads
    return cls(**kw).decode(s)
           ^^^^^^^^^^^^^^^^^^^
  File "/home/tdh/.local/share/uv/python/cpython-3.11.15-linux-x86_64-gnu/lib/python3.11/json/decoder.py", line 337, in decode
    obj, end = self.raw_decode(s, idx=_w(s, 0).end())
               ^^^^^^^^^^^^^^^^^^^^^^^^^^^^^^^^^^^^^^
  File "/home/tdh/.local/share/uv/python/cpython-3.11.15-linux-x86_64-gnu/lib/python3.11/json/decoder.py", line 353, in raw_decode
    obj, end = self.scan_once(s, idx)
               ^^^^^^^^^^^^^^^^^^^^^^
json.decoder.JSONDecodeError: Expecting ',' delimiter: line 7 column 74 (char 350)

During handling of the above exception, another exception occurred:

Traceback (most recent call last):
  File "/home/tdh/Intern/rivals_crawl/.venv/lib/python3.11/site-packages/extruct/_extruct.py", line 131, in extract
    output[syntax] = list(extract(document, base_url=base_url))
                          ^^^^^^^^^^^^^^^^^^^^^^^^^^^^^^^^^^^^
  File "/home/tdh/Intern/rivals_crawl/.venv/lib/python3.11/site-packages/extruct/jsonld.py", line 27, in extract_items
    return [
           ^
  File "/home/tdh/Intern/rivals_crawl/.venv/lib/python3.11/site-packages/extruct/jsonld.py", line 27, in <listcomp>
    return [
           ^
  File "/home/tdh/Intern/rivals_crawl/.venv/lib/python3.11/site-packages/extruct/jsonld.py", line 42, in _extract_items
    data = jstyleson.loads(HTML_OR_JS_COMMENTLINE.sub("", script), strict=False)
           ^^^^^^^^^^^^^^^^^^^^^^^^^^^^^^^^^^^^^^^^^^^^^^^^^^^^^^^^^^^^^^^^^^^^^
  File "/home/tdh/Intern/rivals_crawl/.venv/lib/python3.11/site-packages/jstyleson.py", line 123, in loads
    return json.loads(dispose(text), **kwargs)
           ^^^^^^^^^^^^^^^^^^^^^^^^^^^^^^^^^^^
  File "/home/tdh/.local/share/uv/python/cpython-3.11.15-linux-x86_64-gnu/lib/python3.11/json/__init__.py", line 359, in loads
    return cls(**kw).decode(s)
           ^^^^^^^^^^^^^^^^^^^
  File "/home/tdh/.local/share/uv/python/cpython-3.11.15-linux-x86_64-gnu/lib/python3.11/json/decoder.py", line 337, in decode
    obj, end = self.raw_decode(s, idx=_w(s, 0).end())
               ^^^^^^^^^^^^^^^^^^^^^^^^^^^^^^^^^^^^^^
  File "/home/tdh/.local/share/uv/python/cpython-3.11.15-linux-x86_64-gnu/lib/python3.11/json/decoder.py", line 353, in raw_decode
    obj, end = self.scan_once(s, idx)
               ^^^^^^^^^^^^^^^^^^^^^^
json.decoder.JSONDecodeError: Expecting ',' delimiter: line 7 column 74 (char 350)
2026-09-07 21:49:41,105 INFO crawler.llm.fallback: Gọi LLM provider: vertex-ai
2026-09-07 21:49:41,106 INFO google_genai.models: AFC is enabled with max remote calls: 10.
2026-09-07 21:49:41,509 INFO httpx2: HTTP Request: POST https://api.deepseek.com/chat/completions "HTTP/1.1 402 Payment Required"
2026-09-07 21:49:41,510 WARNING crawler.llm.fallback: Provider deepseek thất bại (DeepSeek lỗi: Error code: 402 - {'error': {'message': 'Insufficient Balance', 'type': 'unknown_error', 'param': None, 'code': 'invalid_request_error'}}), chuyển sang provider tiếp theo
2026-09-07 21:49:41,510 WARNING crawler.pipeline: Tầng 2 (LLM) thất bại cho https://duhal.com.vn/den-mang-led-am-tran-30w-sla309: Tất cả LLM provider đều thất bại: DeepSeek lỗi: Error code: 402 - {'error': {'message': 'Insufficient Balance', 'type': 'unknown_error', 'param': None, 'code': 'invalid_request_error'}}
2026-09-07 21:49:41,567 ERROR extruct._extruct: Failed to extract json-ld, raises Expecting ',' delimiter: line 7 column 74 (char 349)
Traceback (most recent call last):
  File "/home/tdh/Intern/rivals_crawl/.venv/lib/python3.11/site-packages/extruct/jsonld.py", line 39, in _extract_items
    data = json.loads(script, strict=False)
           ^^^^^^^^^^^^^^^^^^^^^^^^^^^^^^^^
  File "/home/tdh/.local/share/uv/python/cpython-3.11.15-linux-x86_64-gnu/lib/python3.11/json/__init__.py", line 359, in loads
    return cls(**kw).decode(s)
           ^^^^^^^^^^^^^^^^^^^
  File "/home/tdh/.local/share/uv/python/cpython-3.11.15-linux-x86_64-gnu/lib/python3.11/json/decoder.py", line 337, in decode
    obj, end = self.raw_decode(s, idx=_w(s, 0).end())
               ^^^^^^^^^^^^^^^^^^^^^^^^^^^^^^^^^^^^^^
  File "/home/tdh/.local/share/uv/python/cpython-3.11.15-linux-x86_64-gnu/lib/python3.11/json/decoder.py", line 353, in raw_decode
    obj, end = self.scan_once(s, idx)
               ^^^^^^^^^^^^^^^^^^^^^^
json.decoder.JSONDecodeError: Expecting ',' delimiter: line 7 column 74 (char 349)

During handling of the above exception, another exception occurred:

Traceback (most recent call last):
  File "/home/tdh/Intern/rivals_crawl/.venv/lib/python3.11/site-packages/extruct/_extruct.py", line 131, in extract
    output[syntax] = list(extract(document, base_url=base_url))
                          ^^^^^^^^^^^^^^^^^^^^^^^^^^^^^^^^^^^^
  File "/home/tdh/Intern/rivals_crawl/.venv/lib/python3.11/site-packages/extruct/jsonld.py", line 27, in extract_items
    return [
           ^
  File "/home/tdh/Intern/rivals_crawl/.venv/lib/python3.11/site-packages/extruct/jsonld.py", line 27, in <listcomp>
    return [
           ^
  File "/home/tdh/Intern/rivals_crawl/.venv/lib/python3.11/site-packages/extruct/jsonld.py", line 42, in _extract_items
    data = jstyleson.loads(HTML_OR_JS_COMMENTLINE.sub("", script), strict=False)
           ^^^^^^^^^^^^^^^^^^^^^^^^^^^^^^^^^^^^^^^^^^^^^^^^^^^^^^^^^^^^^^^^^^^^^
  File "/home/tdh/Intern/rivals_crawl/.venv/lib/python3.11/site-packages/jstyleson.py", line 123, in loads
    return json.loads(dispose(text), **kwargs)
           ^^^^^^^^^^^^^^^^^^^^^^^^^^^^^^^^^^^
  File "/home/tdh/.local/share/uv/python/cpython-3.11.15-linux-x86_64-gnu/lib/python3.11/json/__init__.py", line 359, in loads
    return cls(**kw).decode(s)
           ^^^^^^^^^^^^^^^^^^^
  File "/home/tdh/.local/share/uv/python/cpython-3.11.15-linux-x86_64-gnu/lib/python3.11/json/decoder.py", line 337, in decode
    obj, end = self.raw_decode(s, idx=_w(s, 0).end())
               ^^^^^^^^^^^^^^^^^^^^^^^^^^^^^^^^^^^^^^
  File "/home/tdh/.local/share/uv/python/cpython-3.11.15-linux-x86_64-gnu/lib/python3.11/json/decoder.py", line 353, in raw_decode
    obj, end = self.scan_once(s, idx)
               ^^^^^^^^^^^^^^^^^^^^^^
json.decoder.JSONDecodeError: Expecting ',' delimiter: line 7 column 74 (char 349)
2026-09-07 21:49:41,625 INFO crawler.llm.fallback: Gọi LLM provider: vertex-ai
2026-09-07 21:49:41,626 INFO google_genai.models: AFC is enabled with max remote calls: 10.
2026-09-07 21:49:42,021 INFO httpx: HTTP Request: POST https://us-central1-aiplatform.googleapis.com/v1beta1/projects/project-bf21b155-6b73-4230-8ef/locations/us-central1/publishers/google/models/gemini-2.5-flash:generateContent "HTTP/1.1 429 Too Many Requests"
2026-09-07 21:49:42,023 WARNING crawler.llm.vertex_provider: Vertex AI lỗi tạm thời (lần 1/6), đợi 2.9s rồi thử lại: 429 RESOURCE_EXHAUSTED. {'error': {'code': 429, 'message': 'Resource exhausted. Please try again later. Please refer to 
2026-09-07 21:49:42,281 INFO httpx: HTTP Request: POST https://us-central1-aiplatform.googleapis.com/v1beta1/projects/project-bf21b155-6b73-4230-8ef/locations/us-central1/publishers/google/models/gemini-2.5-flash:generateContent "HTTP/1.1 429 Too Many Requests"
2026-09-07 21:49:42,283 WARNING crawler.llm.vertex_provider: Vertex AI lỗi tạm thời (lần 1/6), đợi 2.3s rồi thử lại: 429 RESOURCE_EXHAUSTED. {'error': {'code': 429, 'message': 'Resource exhausted. Please try again later. Please refer to 
2026-09-07 21:49:44,619 INFO google_genai.models: AFC is enabled with max remote calls: 10.
2026-09-07 21:49:44,923 INFO google_genai.models: AFC is enabled with max remote calls: 10.
2026-09-07 21:49:44,928 INFO httpx: HTTP Request: POST https://us-central1-aiplatform.googleapis.com/v1beta1/projects/project-bf21b155-6b73-4230-8ef/locations/us-central1/publishers/google/models/gemini-2.5-flash:generateContent "HTTP/1.1 429 Too Many Requests"
2026-09-07 21:49:44,933 WARNING crawler.llm.vertex_provider: Vertex AI lỗi tạm thời (lần 2/6), đợi 4.7s rồi thử lại: 429 RESOURCE_EXHAUSTED. {'error': {'code': 429, 'message': 'Resource exhausted. Please try again later. Please refer to 
2026-09-07 21:49:45,276 INFO httpx: HTTP Request: POST https://us-central1-aiplatform.googleapis.com/v1beta1/projects/project-bf21b155-6b73-4230-8ef/locations/us-central1/publishers/google/models/gemini-2.5-flash:generateContent "HTTP/1.1 429 Too Many Requests"
2026-09-07 21:49:45,277 WARNING crawler.llm.vertex_provider: Vertex AI lỗi tạm thời (lần 2/6), đợi 4.4s rồi thử lại: 429 RESOURCE_EXHAUSTED. {'error': {'code': 429, 'message': 'Resource exhausted. Please try again later. Please refer to 
2026-09-07 21:49:49,591 INFO google_genai.models: AFC is enabled with max remote calls: 10.
2026-09-07 21:49:49,668 INFO google_genai.models: AFC is enabled with max remote calls: 10.
2026-09-07 21:49:49,910 INFO httpx: HTTP Request: POST https://us-central1-aiplatform.googleapis.com/v1beta1/projects/project-bf21b155-6b73-4230-8ef/locations/us-central1/publishers/google/models/gemini-2.5-flash:generateContent "HTTP/1.1 429 Too Many Requests"
2026-09-07 21:49:49,910 WARNING crawler.llm.vertex_provider: Vertex AI lỗi tạm thời (lần 3/6), đợi 8.8s rồi thử lại: 429 RESOURCE_EXHAUSTED. {'error': {'code': 429, 'message': 'Resource exhausted. Please try again later. Please refer to 
2026-09-07 21:49:49,991 INFO httpx: HTTP Request: POST https://us-central1-aiplatform.googleapis.com/v1beta1/projects/project-bf21b155-6b73-4230-8ef/locations/us-central1/publishers/google/models/gemini-2.5-flash:generateContent "HTTP/1.1 429 Too Many Requests"
2026-09-07 21:49:49,993 WARNING crawler.llm.vertex_provider: Vertex AI lỗi tạm thời (lần 3/6), đợi 8.9s rồi thử lại: 429 RESOURCE_EXHAUSTED. {'error': {'code': 429, 'message': 'Resource exhausted. Please try again later. Please refer to 
2026-09-07 21:49:55,988 INFO google_genai.models: AFC is enabled with max remote calls: 10.
2026-09-07 21:49:57,261 INFO httpx: HTTP Request: POST https://us-central1-aiplatform.googleapis.com/v1beta1/projects/project-bf21b155-6b73-4230-8ef/locations/us-central1/publishers/google/models/gemini-2.5-flash:generateContent "HTTP/1.1 429 Too Many Requests"
2026-09-07 21:49:57,266 WARNING crawler.llm.vertex_provider: Vertex AI lỗi tạm thời (lần 5/6), đợi 32.4s rồi thử lại: 429 RESOURCE_EXHAUSTED. {'error': {'code': 429, 'message': 'Resource exhausted. Please try again later. Please refer to 
2026-09-07 21:49:58,665 INFO google_genai.models: AFC is enabled with max remote calls: 10.
2026-09-07 21:49:58,933 INFO google_genai.models: AFC is enabled with max remote calls: 10.
2026-09-07 21:49:58,994 INFO httpx: HTTP Request: POST https://us-central1-aiplatform.googleapis.com/v1beta1/projects/project-bf21b155-6b73-4230-8ef/locations/us-central1/publishers/google/models/gemini-2.5-flash:generateContent "HTTP/1.1 429 Too Many Requests"
2026-09-07 21:49:58,998 WARNING crawler.llm.vertex_provider: Vertex AI lỗi tạm thời (lần 4/6), đợi 16.1s rồi thử lại: 429 RESOURCE_EXHAUSTED. {'error': {'code': 429, 'message': 'Resource exhausted. Please try again later. Please refer to 
2026-09-07 21:50:01,285 INFO httpx: HTTP Request: POST https://us-central1-aiplatform.googleapis.com/v1beta1/projects/project-bf21b155-6b73-4230-8ef/locations/us-central1/publishers/google/models/gemini-2.5-flash:generateContent "HTTP/1.1 200 OK"
2026-09-07 21:50:01,292 INFO crawler.llm.validate: Bỏ tag không có căn cứ trong nguồn: quy_cach='null'
2026-09-07 21:50:01,345 ERROR extruct._extruct: Failed to extract json-ld, raises Expecting ',' delimiter: line 8 column 22 (char 352)
Traceback (most recent call last):
  File "/home/tdh/Intern/rivals_crawl/.venv/lib/python3.11/site-packages/extruct/jsonld.py", line 39, in _extract_items
    data = json.loads(script, strict=False)
           ^^^^^^^^^^^^^^^^^^^^^^^^^^^^^^^^
  File "/home/tdh/.local/share/uv/python/cpython-3.11.15-linux-x86_64-gnu/lib/python3.11/json/__init__.py", line 359, in loads
    return cls(**kw).decode(s)
           ^^^^^^^^^^^^^^^^^^^
  File "/home/tdh/.local/share/uv/python/cpython-3.11.15-linux-x86_64-gnu/lib/python3.11/json/decoder.py", line 337, in decode
    obj, end = self.raw_decode(s, idx=_w(s, 0).end())
               ^^^^^^^^^^^^^^^^^^^^^^^^^^^^^^^^^^^^^^
  File "/home/tdh/.local/share/uv/python/cpython-3.11.15-linux-x86_64-gnu/lib/python3.11/json/decoder.py", line 353, in raw_decode
    obj, end = self.scan_once(s, idx)
               ^^^^^^^^^^^^^^^^^^^^^^
json.decoder.JSONDecodeError: Expecting ',' delimiter: line 8 column 22 (char 352)

During handling of the above exception, another exception occurred:

Traceback (most recent call last):
  File "/home/tdh/Intern/rivals_crawl/.venv/lib/python3.11/site-packages/extruct/_extruct.py", line 131, in extract
    output[syntax] = list(extract(document, base_url=base_url))
                          ^^^^^^^^^^^^^^^^^^^^^^^^^^^^^^^^^^^^
  File "/home/tdh/Intern/rivals_crawl/.venv/lib/python3.11/site-packages/extruct/jsonld.py", line 27, in extract_items
    return [
           ^
  File "/home/tdh/Intern/rivals_crawl/.venv/lib/python3.11/site-packages/extruct/jsonld.py", line 27, in <listcomp>
    return [
           ^
  File "/home/tdh/Intern/rivals_crawl/.venv/lib/python3.11/site-packages/extruct/jsonld.py", line 42, in _extract_items
    data = jstyleson.loads(HTML_OR_JS_COMMENTLINE.sub("", script), strict=False)
           ^^^^^^^^^^^^^^^^^^^^^^^^^^^^^^^^^^^^^^^^^^^^^^^^^^^^^^^^^^^^^^^^^^^^^
  File "/home/tdh/Intern/rivals_crawl/.venv/lib/python3.11/site-packages/jstyleson.py", line 123, in loads
    return json.loads(dispose(text), **kwargs)
           ^^^^^^^^^^^^^^^^^^^^^^^^^^^^^^^^^^^
  File "/home/tdh/.local/share/uv/python/cpython-3.11.15-linux-x86_64-gnu/lib/python3.11/json/__init__.py", line 359, in loads
    return cls(**kw).decode(s)
           ^^^^^^^^^^^^^^^^^^^
  File "/home/tdh/.local/share/uv/python/cpython-3.11.15-linux-x86_64-gnu/lib/python3.11/json/decoder.py", line 337, in decode
    obj, end = self.raw_decode(s, idx=_w(s, 0).end())
               ^^^^^^^^^^^^^^^^^^^^^^^^^^^^^^^^^^^^^^
  File "/home/tdh/.local/share/uv/python/cpython-3.11.15-linux-x86_64-gnu/lib/python3.11/json/decoder.py", line 353, in raw_decode
    obj, end = self.scan_once(s, idx)
               ^^^^^^^^^^^^^^^^^^^^^^
json.decoder.JSONDecodeError: Expecting ',' delimiter: line 8 column 22 (char 352)
2026-09-07 21:50:01,404 INFO crawler.llm.fallback: Gọi LLM provider: vertex-ai
2026-09-07 21:50:01,404 INFO google_genai.models: AFC is enabled with max remote calls: 10.
2026-09-07 21:50:02,835 INFO httpx: HTTP Request: POST https://us-central1-aiplatform.googleapis.com/v1beta1/projects/project-bf21b155-6b73-4230-8ef/locations/us-central1/publishers/google/models/gemini-2.5-flash:generateContent "HTTP/1.1 200 OK"
2026-09-07 21:50:02,930 ERROR extruct._extruct: Failed to extract json-ld, raises Expecting ',' delimiter: line 7 column 74 (char 350)
Traceback (most recent call last):
  File "/home/tdh/Intern/rivals_crawl/.venv/lib/python3.11/site-packages/extruct/jsonld.py", line 39, in _extract_items
    data = json.loads(script, strict=False)
           ^^^^^^^^^^^^^^^^^^^^^^^^^^^^^^^^
  File "/home/tdh/.local/share/uv/python/cpython-3.11.15-linux-x86_64-gnu/lib/python3.11/json/__init__.py", line 359, in loads
    return cls(**kw).decode(s)
           ^^^^^^^^^^^^^^^^^^^
  File "/home/tdh/.local/share/uv/python/cpython-3.11.15-linux-x86_64-gnu/lib/python3.11/json/decoder.py", line 337, in decode
    obj, end = self.raw_decode(s, idx=_w(s, 0).end())
               ^^^^^^^^^^^^^^^^^^^^^^^^^^^^^^^^^^^^^^
  File "/home/tdh/.local/share/uv/python/cpython-3.11.15-linux-x86_64-gnu/lib/python3.11/json/decoder.py", line 353, in raw_decode
    obj, end = self.scan_once(s, idx)
               ^^^^^^^^^^^^^^^^^^^^^^
json.decoder.JSONDecodeError: Expecting ',' delimiter: line 7 column 74 (char 350)

During handling of the above exception, another exception occurred:

Traceback (most recent call last):
  File "/home/tdh/Intern/rivals_crawl/.venv/lib/python3.11/site-packages/extruct/_extruct.py", line 131, in extract
    output[syntax] = list(extract(document, base_url=base_url))
                          ^^^^^^^^^^^^^^^^^^^^^^^^^^^^^^^^^^^^
  File "/home/tdh/Intern/rivals_crawl/.venv/lib/python3.11/site-packages/extruct/jsonld.py", line 27, in extract_items
    return [
           ^
  File "/home/tdh/Intern/rivals_crawl/.venv/lib/python3.11/site-packages/extruct/jsonld.py", line 27, in <listcomp>
    return [
           ^
  File "/home/tdh/Intern/rivals_crawl/.venv/lib/python3.11/site-packages/extruct/jsonld.py", line 42, in _extract_items
    data = jstyleson.loads(HTML_OR_JS_COMMENTLINE.sub("", script), strict=False)
           ^^^^^^^^^^^^^^^^^^^^^^^^^^^^^^^^^^^^^^^^^^^^^^^^^^^^^^^^^^^^^^^^^^^^^
  File "/home/tdh/Intern/rivals_crawl/.venv/lib/python3.11/site-packages/jstyleson.py", line 123, in loads
    return json.loads(dispose(text), **kwargs)
           ^^^^^^^^^^^^^^^^^^^^^^^^^^^^^^^^^^^
  File "/home/tdh/.local/share/uv/python/cpython-3.11.15-linux-x86_64-gnu/lib/python3.11/json/__init__.py", line 359, in loads
    return cls(**kw).decode(s)
           ^^^^^^^^^^^^^^^^^^^
  File "/home/tdh/.local/share/uv/python/cpython-3.11.15-linux-x86_64-gnu/lib/python3.11/json/decoder.py", line 337, in decode
    obj, end = self.raw_decode(s, idx=_w(s, 0).end())
               ^^^^^^^^^^^^^^^^^^^^^^^^^^^^^^^^^^^^^^
  File "/home/tdh/.local/share/uv/python/cpython-3.11.15-linux-x86_64-gnu/lib/python3.11/json/decoder.py", line 353, in raw_decode
    obj, end = self.scan_once(s, idx)
               ^^^^^^^^^^^^^^^^^^^^^^
json.decoder.JSONDecodeError: Expecting ',' delimiter: line 7 column 74 (char 350)
2026-09-07 21:50:03,026 INFO crawler.llm.fallback: Gọi LLM provider: vertex-ai
2026-09-07 21:50:03,027 INFO google_genai.models: AFC is enabled with max remote calls: 10.
2026-09-07 21:50:03,339 INFO httpx: HTTP Request: POST https://us-central1-aiplatform.googleapis.com/v1beta1/projects/project-bf21b155-6b73-4230-8ef/locations/us-central1/publishers/google/models/gemini-2.5-flash:generateContent "HTTP/1.1 429 Too Many Requests"
2026-09-07 21:50:03,341 WARNING crawler.llm.vertex_provider: Vertex AI lỗi tạm thời (lần 1/6), đợi 2.3s rồi thử lại: 429 RESOURCE_EXHAUSTED. {'error': {'code': 429, 'message': 'Resource exhausted. Please try again later. Please refer to 
2026-09-07 21:50:04,562 INFO crawler.fetch.stealth_fetch: https://duhal.com.vn/mang-den-tan-quang-lap-noi-chup-mica-3x9w-lln309 -> 429, retry lan 1
2026-09-07 21:50:04,562 INFO crawler.fetch.stealth_fetch: Server phản ứng chậm/từ chối - giãn nhịp fetch lên 1.0s
2026-09-07 21:50:05,611 INFO google_genai.models: AFC is enabled with max remote calls: 10.
2026-09-07 21:50:06,387 INFO crawler.fetch.stealth_fetch: https://duhal.com.vn/mang-den-tan-quang-lap-noi-chup-mica-3x9w-lln309 -> 429, retry lan 2
2026-09-07 21:50:06,387 INFO crawler.fetch.stealth_fetch: Server phản ứng chậm/từ chối - giãn nhịp fetch lên 2.0s
2026-09-07 21:50:07,109 INFO httpx: HTTP Request: POST https://us-central1-aiplatform.googleapis.com/v1beta1/projects/project-bf21b155-6b73-4230-8ef/locations/us-central1/publishers/google/models/gemini-2.5-flash:generateContent "HTTP/1.1 200 OK"
2026-09-07 21:50:07,165 ERROR extruct._extruct: Failed to extract json-ld, raises Expecting ',' delimiter: line 7 column 74 (char 349)
Traceback (most recent call last):
  File "/home/tdh/Intern/rivals_crawl/.venv/lib/python3.11/site-packages/extruct/jsonld.py", line 39, in _extract_items
    data = json.loads(script, strict=False)
           ^^^^^^^^^^^^^^^^^^^^^^^^^^^^^^^^
  File "/home/tdh/.local/share/uv/python/cpython-3.11.15-linux-x86_64-gnu/lib/python3.11/json/__init__.py", line 359, in loads
    return cls(**kw).decode(s)
           ^^^^^^^^^^^^^^^^^^^
  File "/home/tdh/.local/share/uv/python/cpython-3.11.15-linux-x86_64-gnu/lib/python3.11/json/decoder.py", line 337, in decode
    obj, end = self.raw_decode(s, idx=_w(s, 0).end())
               ^^^^^^^^^^^^^^^^^^^^^^^^^^^^^^^^^^^^^^
  File "/home/tdh/.local/share/uv/python/cpython-3.11.15-linux-x86_64-gnu/lib/python3.11/json/decoder.py", line 353, in raw_decode
    obj, end = self.scan_once(s, idx)
               ^^^^^^^^^^^^^^^^^^^^^^
json.decoder.JSONDecodeError: Expecting ',' delimiter: line 7 column 74 (char 349)

During handling of the above exception, another exception occurred:

Traceback (most recent call last):
  File "/home/tdh/Intern/rivals_crawl/.venv/lib/python3.11/site-packages/extruct/_extruct.py", line 131, in extract
    output[syntax] = list(extract(document, base_url=base_url))
                          ^^^^^^^^^^^^^^^^^^^^^^^^^^^^^^^^^^^^
  File "/home/tdh/Intern/rivals_crawl/.venv/lib/python3.11/site-packages/extruct/jsonld.py", line 27, in extract_items
    return [
           ^
  File "/home/tdh/Intern/rivals_crawl/.venv/lib/python3.11/site-packages/extruct/jsonld.py", line 27, in <listcomp>
    return [
           ^
  File "/home/tdh/Intern/rivals_crawl/.venv/lib/python3.11/site-packages/extruct/jsonld.py", line 42, in _extract_items
    data = jstyleson.loads(HTML_OR_JS_COMMENTLINE.sub("", script), strict=False)
           ^^^^^^^^^^^^^^^^^^^^^^^^^^^^^^^^^^^^^^^^^^^^^^^^^^^^^^^^^^^^^^^^^^^^^
  File "/home/tdh/Intern/rivals_crawl/.venv/lib/python3.11/site-packages/jstyleson.py", line 123, in loads
    return json.loads(dispose(text), **kwargs)
           ^^^^^^^^^^^^^^^^^^^^^^^^^^^^^^^^^^^
  File "/home/tdh/.local/share/uv/python/cpython-3.11.15-linux-x86_64-gnu/lib/python3.11/json/__init__.py", line 359, in loads
    return cls(**kw).decode(s)
           ^^^^^^^^^^^^^^^^^^^
  File "/home/tdh/.local/share/uv/python/cpython-3.11.15-linux-x86_64-gnu/lib/python3.11/json/decoder.py", line 337, in decode
    obj, end = self.raw_decode(s, idx=_w(s, 0).end())
               ^^^^^^^^^^^^^^^^^^^^^^^^^^^^^^^^^^^^^^
  File "/home/tdh/.local/share/uv/python/cpython-3.11.15-linux-x86_64-gnu/lib/python3.11/json/decoder.py", line 353, in raw_decode
    obj, end = self.scan_once(s, idx)
               ^^^^^^^^^^^^^^^^^^^^^^
json.decoder.JSONDecodeError: Expecting ',' delimiter: line 7 column 74 (char 349)
2026-09-07 21:50:07,225 INFO crawler.llm.fallback: Gọi LLM provider: vertex-ai
2026-09-07 21:50:07,225 INFO google_genai.models: AFC is enabled with max remote calls: 10.
2026-09-07 21:50:09,078 INFO httpx: HTTP Request: POST https://us-central1-aiplatform.googleapis.com/v1beta1/projects/project-bf21b155-6b73-4230-8ef/locations/us-central1/publishers/google/models/gemini-2.5-flash:generateContent "HTTP/1.1 200 OK"
2026-09-07 21:50:09,243 INFO crawler.llm.fallback: Gọi LLM provider: vertex-ai
2026-09-07 21:50:09,243 INFO google_genai.models: AFC is enabled with max remote calls: 10.
2026-09-07 21:50:10,796 INFO httpx: HTTP Request: POST https://us-central1-aiplatform.googleapis.com/v1beta1/projects/project-bf21b155-6b73-4230-8ef/locations/us-central1/publishers/google/models/gemini-2.5-flash:generateContent "HTTP/1.1 200 OK"
2026-09-07 21:50:10,901 INFO crawler.llm.fallback: Gọi LLM provider: vertex-ai
2026-09-07 21:50:10,902 INFO google_genai.models: AFC is enabled with max remote calls: 10.
2026-09-07 21:50:11,729 INFO crawler.fetch.stealth_fetch: https://duhal.com.vn/mang-den-tan-quang-lap-noi-chup-mica-4x18w-lln418 -> 429, retry lan 1
2026-09-07 21:50:11,729 INFO crawler.fetch.stealth_fetch: Server phản ứng chậm/từ chối - giãn nhịp fetch lên 4.0s
2026-09-07 21:50:12,356 INFO httpx: HTTP Request: POST https://us-central1-aiplatform.googleapis.com/v1beta1/projects/project-bf21b155-6b73-4230-8ef/locations/us-central1/publishers/google/models/gemini-2.5-flash:generateContent "HTTP/1.1 200 OK"
2026-09-07 21:50:12,698 INFO crawler.llm.fallback: Gọi LLM provider: vertex-ai
2026-09-07 21:50:12,698 INFO google_genai.models: AFC is enabled with max remote calls: 10.
2026-09-07 21:50:13,011 INFO google_genai.models: AFC is enabled with max remote calls: 10.
2026-09-07 21:50:14,790 INFO httpx: HTTP Request: POST https://us-central1-aiplatform.googleapis.com/v1beta1/projects/project-bf21b155-6b73-4230-8ef/locations/us-central1/publishers/google/models/gemini-2.5-flash:generateContent "HTTP/1.1 200 OK"
2026-09-07 21:50:14,931 INFO crawler.llm.fallback: Gọi LLM provider: vertex-ai
2026-09-07 21:50:14,931 INFO google_genai.models: AFC is enabled with max remote calls: 10.
2026-09-07 21:50:15,060 INFO google_genai.models: AFC is enabled with max remote calls: 10.
2026-09-07 21:50:15,578 INFO httpx: HTTP Request: POST https://us-central1-aiplatform.googleapis.com/v1beta1/projects/project-bf21b155-6b73-4230-8ef/locations/us-central1/publishers/google/models/gemini-2.5-flash:generateContent "HTTP/1.1 200 OK"
2026-09-07 21:50:15,707 INFO crawler.fetch.stealth_fetch: https://duhal.com.vn/mang-den-tan-quang-lap-noi-chup-mica-4x18w-lln418 -> 429, retry lan 2
2026-09-07 21:50:15,707 INFO crawler.fetch.stealth_fetch: Server phản ứng chậm/từ chối - giãn nhịp fetch lên 8.0s
2026-09-07 21:50:15,737 INFO crawler.llm.fallback: Gọi LLM provider: vertex-ai
2026-09-07 21:50:15,737 INFO google_genai.models: AFC is enabled with max remote calls: 10.
2026-09-07 21:50:16,325 INFO httpx: HTTP Request: POST https://us-central1-aiplatform.googleapis.com/v1beta1/projects/project-bf21b155-6b73-4230-8ef/locations/us-central1/publishers/google/models/gemini-2.5-flash:generateContent "HTTP/1.1 429 Too Many Requests"
2026-09-07 21:50:16,325 WARNING crawler.llm.vertex_provider: Vertex AI lỗi tạm thời (lần 5/6), đợi 32.8s rồi thử lại: 429 RESOURCE_EXHAUSTED. {'error': {'code': 429, 'message': 'Resource exhausted. Please try again later. Please refer to 
2026-09-07 21:50:16,838 INFO httpx: HTTP Request: POST https://us-central1-aiplatform.googleapis.com/v1beta1/projects/project-bf21b155-6b73-4230-8ef/locations/us-central1/publishers/google/models/gemini-2.5-flash:generateContent "HTTP/1.1 200 OK"
2026-09-07 21:50:16,955 INFO httpx: HTTP Request: POST https://us-central1-aiplatform.googleapis.com/v1beta1/projects/project-bf21b155-6b73-4230-8ef/locations/us-central1/publishers/google/models/gemini-2.5-flash:generateContent "HTTP/1.1 200 OK"
2026-09-07 21:50:16,982 INFO crawler.llm.fallback: Gọi LLM provider: vertex-ai
2026-09-07 21:50:16,983 INFO google_genai.models: AFC is enabled with max remote calls: 10.
2026-09-07 21:50:17,111 INFO crawler.llm.fallback: Gọi LLM provider: vertex-ai
2026-09-07 21:50:17,111 INFO google_genai.models: AFC is enabled with max remote calls: 10.
2026-09-07 21:50:17,451 INFO httpx: HTTP Request: POST https://us-central1-aiplatform.googleapis.com/v1beta1/projects/project-bf21b155-6b73-4230-8ef/locations/us-central1/publishers/google/models/gemini-2.5-flash:generateContent "HTTP/1.1 429 Too Many Requests"
2026-09-07 21:50:17,452 WARNING crawler.llm.vertex_provider: Vertex AI lỗi tạm thời (lần 1/6), đợi 2.5s rồi thử lại: 429 RESOURCE_EXHAUSTED. {'error': {'code': 429, 'message': 'Resource exhausted. Please try again later. Please refer to 
2026-09-07 21:50:18,485 INFO httpx: HTTP Request: POST https://us-central1-aiplatform.googleapis.com/v1beta1/projects/project-bf21b155-6b73-4230-8ef/locations/us-central1/publishers/google/models/gemini-2.5-flash:generateContent "HTTP/1.1 200 OK"
2026-09-07 21:50:18,646 INFO crawler.llm.fallback: Gọi LLM provider: vertex-ai
2026-09-07 21:50:18,646 INFO google_genai.models: AFC is enabled with max remote calls: 10.
2026-09-07 21:50:19,909 INFO httpx: HTTP Request: POST https://us-central1-aiplatform.googleapis.com/v1beta1/projects/project-bf21b155-6b73-4230-8ef/locations/us-central1/publishers/google/models/gemini-2.5-flash:generateContent "HTTP/1.1 200 OK"
2026-09-07 21:50:19,948 INFO google_genai.models: AFC is enabled with max remote calls: 10.
2026-09-07 21:50:20,070 INFO crawler.llm.fallback: Gọi LLM provider: vertex-ai
2026-09-07 21:50:20,070 INFO google_genai.models: AFC is enabled with max remote calls: 10.
2026-09-07 21:50:20,422 INFO httpx: HTTP Request: POST https://us-central1-aiplatform.googleapis.com/v1beta1/projects/project-bf21b155-6b73-4230-8ef/locations/us-central1/publishers/google/models/gemini-2.5-flash:generateContent "HTTP/1.1 429 Too Many Requests"
2026-09-07 21:50:20,423 WARNING crawler.llm.vertex_provider: Vertex AI lỗi tạm thời (lần 1/6), đợi 2.8s rồi thử lại: 429 RESOURCE_EXHAUSTED. {'error': {'code': 429, 'message': 'Resource exhausted. Please try again later. Please refer to 
2026-09-07 21:50:21,342 INFO httpx: HTTP Request: POST https://us-central1-aiplatform.googleapis.com/v1beta1/projects/project-bf21b155-6b73-4230-8ef/locations/us-central1/publishers/google/models/gemini-2.5-flash:generateContent "HTTP/1.1 200 OK"
2026-09-07 21:50:21,460 INFO crawler.llm.fallback: Gọi LLM provider: vertex-ai
2026-09-07 21:50:21,460 INFO google_genai.models: AFC is enabled with max remote calls: 10.
2026-09-07 21:50:21,764 INFO httpx: HTTP Request: POST https://us-central1-aiplatform.googleapis.com/v1beta1/projects/project-bf21b155-6b73-4230-8ef/locations/us-central1/publishers/google/models/gemini-2.5-flash:generateContent "HTTP/1.1 429 Too Many Requests"
2026-09-07 21:50:21,769 WARNING crawler.llm.vertex_provider: Vertex AI lỗi tạm thời (lần 1/6), đợi 2.4s rồi thử lại: 429 RESOURCE_EXHAUSTED. {'error': {'code': 429, 'message': 'Resource exhausted. Please try again later. Please refer to 
2026-09-07 21:50:23,200 INFO google_genai.models: AFC is enabled with max remote calls: 10.
2026-09-07 21:50:23,486 INFO httpx: HTTP Request: POST https://us-central1-aiplatform.googleapis.com/v1beta1/projects/project-bf21b155-6b73-4230-8ef/locations/us-central1/publishers/google/models/gemini-2.5-flash:generateContent "HTTP/1.1 429 Too Many Requests"
2026-09-07 21:50:23,491 WARNING crawler.llm.vertex_provider: Vertex AI lỗi tạm thời (lần 2/6), đợi 5.0s rồi thử lại: 429 RESOURCE_EXHAUSTED. {'error': {'code': 429, 'message': 'Resource exhausted. Please try again later. Please refer to 
2026-09-07 21:50:24,197 INFO google_genai.models: AFC is enabled with max remote calls: 10.
2026-09-07 21:50:24,518 INFO httpx: HTTP Request: POST https://us-central1-aiplatform.googleapis.com/v1beta1/projects/project-bf21b155-6b73-4230-8ef/locations/us-central1/publishers/google/models/gemini-2.5-flash:generateContent "HTTP/1.1 429 Too Many Requests"
2026-09-07 21:50:24,519 WARNING crawler.llm.vertex_provider: Vertex AI lỗi tạm thời (lần 2/6), đợi 4.8s rồi thử lại: 429 RESOURCE_EXHAUSTED. {'error': {'code': 429, 'message': 'Resource exhausted. Please try again later. Please refer to 
2026-09-07 21:50:28,442 INFO google_genai.models: AFC is enabled with max remote calls: 10.
2026-09-07 21:50:28,746 INFO httpx: HTTP Request: POST https://us-central1-aiplatform.googleapis.com/v1beta1/projects/project-bf21b155-6b73-4230-8ef/locations/us-central1/publishers/google/models/gemini-2.5-flash:generateContent "HTTP/1.1 429 Too Many Requests"
2026-09-07 21:50:28,751 WARNING crawler.llm.vertex_provider: Vertex AI lỗi tạm thời (lần 3/6), đợi 8.2s rồi thử lại: 429 RESOURCE_EXHAUSTED. {'error': {'code': 429, 'message': 'Resource exhausted. Please try again later. Please refer to 
2026-09-07 21:50:29,344 INFO google_genai.models: AFC is enabled with max remote calls: 10.
2026-09-07 21:50:29,644 INFO google_genai.models: AFC is enabled with max remote calls: 10.
2026-09-07 21:50:29,650 INFO httpx: HTTP Request: POST https://us-central1-aiplatform.googleapis.com/v1beta1/projects/project-bf21b155-6b73-4230-8ef/locations/us-central1/publishers/google/models/gemini-2.5-flash:generateContent "HTTP/1.1 429 Too Many Requests"
2026-09-07 21:50:29,655 WARNING crawler.llm.vertex_provider: Vertex AI lỗi tạm thời (lần 3/6), đợi 8.1s rồi thử lại: 429 RESOURCE_EXHAUSTED. {'error': {'code': 429, 'message': 'Resource exhausted. Please try again later. Please refer to 
2026-09-07 21:50:30,969 INFO httpx: HTTP Request: POST https://us-central1-aiplatform.googleapis.com/v1beta1/projects/project-bf21b155-6b73-4230-8ef/locations/us-central1/publishers/google/models/gemini-2.5-flash:generateContent "HTTP/1.1 429 Too Many Requests"
2026-09-07 21:50:30,970 WARNING crawler.llm.fallback: Provider vertex-ai thất bại (Vertex AI lỗi: 429 RESOURCE_EXHAUSTED. {'error': {'code': 429, 'message': 'Resource exhausted. Please try again later. Please refer to https://cloud.google.com/vertex-ai/generative-ai/docs/error-code-429 for more details.', 'status': 'RESOURCE_EXHAUSTED'}}), chuyển sang provider tiếp theo
2026-09-07 21:50:30,970 INFO crawler.llm.fallback: Gọi LLM provider: deepseek
2026-09-07 21:50:31,451 INFO httpx2: HTTP Request: POST https://api.deepseek.com/chat/completions "HTTP/1.1 402 Payment Required"
2026-09-07 21:50:31,451 WARNING crawler.llm.fallback: Provider deepseek thất bại (DeepSeek lỗi: Error code: 402 - {'error': {'message': 'Insufficient Balance', 'type': 'unknown_error', 'param': None, 'code': 'invalid_request_error'}}), chuyển sang provider tiếp theo
2026-09-07 21:50:31,452 WARNING crawler.pipeline: Tầng 2 (LLM) thất bại cho https://duhal.com.vn/den-op-tran-vach-180-do-dau-tron-doi-mau-20w-dtq0209.html: Tất cả LLM provider đều thất bại: DeepSeek lỗi: Error code: 402 - {'error': {'message': 'Insufficient Balance', 'type': 'unknown_error', 'param': None, 'code': 'invalid_request_error'}}
2026-09-07 21:50:31,583 INFO crawler.llm.fallback: Gọi LLM provider: vertex-ai
2026-09-07 21:50:31,584 INFO google_genai.models: AFC is enabled with max remote calls: 10.
2026-09-07 21:50:31,721 INFO crawler.fetch.stealth_fetch: https://duhal.com.vn/mang-den-tan-quang-lap-noi-chup-mica-4x9w-lln409 -> 429, retry lan 1
2026-09-07 21:50:31,721 INFO crawler.fetch.stealth_fetch: Server phản ứng chậm/từ chối - giãn nhịp fetch lên 15.0s
2026-09-07 21:50:31,994 INFO httpx: HTTP Request: POST https://us-central1-aiplatform.googleapis.com/v1beta1/projects/project-bf21b155-6b73-4230-8ef/locations/us-central1/publishers/google/models/gemini-2.5-flash:generateContent "HTTP/1.1 429 Too Many Requests"
2026-09-07 21:50:31,995 WARNING crawler.llm.vertex_provider: Vertex AI lỗi tạm thời (lần 1/6), đợi 2.5s rồi thử lại: 429 RESOURCE_EXHAUSTED. {'error': {'code': 429, 'message': 'Resource exhausted. Please try again later. Please refer to 
2026-09-07 21:50:34,531 INFO google_genai.models: AFC is enabled with max remote calls: 10.
2026-09-07 21:50:34,860 INFO httpx: HTTP Request: POST https://us-central1-aiplatform.googleapis.com/v1beta1/projects/project-bf21b155-6b73-4230-8ef/locations/us-central1/publishers/google/models/gemini-2.5-flash:generateContent "HTTP/1.1 429 Too Many Requests"
2026-09-07 21:50:34,862 WARNING crawler.llm.vertex_provider: Vertex AI lỗi tạm thời (lần 2/6), đợi 4.2s rồi thử lại: 429 RESOURCE_EXHAUSTED. {'error': {'code': 429, 'message': 'Resource exhausted. Please try again later. Please refer to 
2026-09-07 21:50:36,952 INFO google_genai.models: AFC is enabled with max remote calls: 10.
2026-09-07 21:50:37,253 INFO httpx: HTTP Request: POST https://us-central1-aiplatform.googleapis.com/v1beta1/projects/project-bf21b155-6b73-4230-8ef/locations/us-central1/publishers/google/models/gemini-2.5-flash:generateContent "HTTP/1.1 429 Too Many Requests"
2026-09-07 21:50:37,258 WARNING crawler.llm.vertex_provider: Vertex AI lỗi tạm thời (lần 4/6), đợi 16.2s rồi thử lại: 429 RESOURCE_EXHAUSTED. {'error': {'code': 429, 'message': 'Resource exhausted. Please try again later. Please refer to 
2026-09-07 21:50:37,725 INFO google_genai.models: AFC is enabled with max remote calls: 10.
2026-09-07 21:50:38,137 INFO httpx: HTTP Request: POST https://us-central1-aiplatform.googleapis.com/v1beta1/projects/project-bf21b155-6b73-4230-8ef/locations/us-central1/publishers/google/models/gemini-2.5-flash:generateContent "HTTP/1.1 429 Too Many Requests"
2026-09-07 21:50:38,138 WARNING crawler.llm.vertex_provider: Vertex AI lỗi tạm thời (lần 4/6), đợi 16.0s rồi thử lại: 429 RESOURCE_EXHAUSTED. {'error': {'code': 429, 'message': 'Resource exhausted. Please try again later. Please refer to 
2026-09-07 21:50:39,061 INFO google_genai.models: AFC is enabled with max remote calls: 10.
2026-09-07 21:50:39,468 INFO httpx: HTTP Request: POST https://us-central1-aiplatform.googleapis.com/v1beta1/projects/project-bf21b155-6b73-4230-8ef/locations/us-central1/publishers/google/models/gemini-2.5-flash:generateContent "HTTP/1.1 429 Too Many Requests"
2026-09-07 21:50:39,470 WARNING crawler.llm.vertex_provider: Vertex AI lỗi tạm thời (lần 3/6), đợi 8.2s rồi thử lại: 429 RESOURCE_EXHAUSTED. {'error': {'code': 429, 'message': 'Resource exhausted. Please try again later. Please refer to 
2026-09-07 21:50:47,683 INFO google_genai.models: AFC is enabled with max remote calls: 10.
2026-09-07 21:50:49,172 INFO google_genai.models: AFC is enabled with max remote calls: 10.
2026-09-07 21:50:49,728 INFO httpx: HTTP Request: POST https://us-central1-aiplatform.googleapis.com/v1beta1/projects/project-bf21b155-6b73-4230-8ef/locations/us-central1/publishers/google/models/gemini-2.5-flash:generateContent "HTTP/1.1 200 OK"
2026-09-07 21:50:49,865 INFO crawler.llm.fallback: Gọi LLM provider: vertex-ai
2026-09-07 21:50:49,865 INFO google_genai.models: AFC is enabled with max remote calls: 10.
2026-09-07 21:50:50,401 INFO httpx: HTTP Request: POST https://us-central1-aiplatform.googleapis.com/v1beta1/projects/project-bf21b155-6b73-4230-8ef/locations/us-central1/publishers/google/models/gemini-2.5-flash:generateContent "HTTP/1.1 429 Too Many Requests"
2026-09-07 21:50:50,402 WARNING crawler.llm.fallback: Provider vertex-ai thất bại (Vertex AI lỗi: 429 RESOURCE_EXHAUSTED. {'error': {'code': 429, 'message': 'Resource exhausted. Please try again later. Please refer to https://cloud.google.com/vertex-ai/generative-ai/docs/error-code-429 for more details.', 'status': 'RESOURCE_EXHAUSTED'}}), chuyển sang provider tiếp theo
2026-09-07 21:50:50,402 INFO crawler.llm.fallback: Gọi LLM provider: deepseek
2026-09-07 21:50:50,880 INFO httpx2: HTTP Request: POST https://api.deepseek.com/chat/completions "HTTP/1.1 402 Payment Required"
2026-09-07 21:50:50,881 WARNING crawler.llm.fallback: Provider deepseek thất bại (DeepSeek lỗi: Error code: 402 - {'error': {'message': 'Insufficient Balance', 'type': 'unknown_error', 'param': None, 'code': 'invalid_request_error'}}), chuyển sang provider tiếp theo
2026-09-07 21:50:50,881 WARNING crawler.pipeline: Tầng 2 (LLM) thất bại cho https://duhal.com.vn/den-pha-led-200w-kdj2200.html: Tất cả LLM provider đều thất bại: DeepSeek lỗi: Error code: 402 - {'error': {'message': 'Insufficient Balance', 'type': 'unknown_error', 'param': None, 'code': 'invalid_request_error'}}
2026-09-07 21:50:50,988 INFO crawler.llm.fallback: Gọi LLM provider: vertex-ai
2026-09-07 21:50:50,988 INFO google_genai.models: AFC is enabled with max remote calls: 10.
2026-09-07 21:50:51,350 INFO httpx: HTTP Request: POST https://us-central1-aiplatform.googleapis.com/v1beta1/projects/project-bf21b155-6b73-4230-8ef/locations/us-central1/publishers/google/models/gemini-2.5-flash:generateContent "HTTP/1.1 429 Too Many Requests"
2026-09-07 21:50:51,352 WARNING crawler.llm.vertex_provider: Vertex AI lỗi tạm thời (lần 1/6), đợi 2.8s rồi thử lại: 429 RESOURCE_EXHAUSTED. {'error': {'code': 429, 'message': 'Resource exhausted. Please try again later. Please refer to 
2026-09-07 21:50:51,605 INFO httpx: HTTP Request: POST https://us-central1-aiplatform.googleapis.com/v1beta1/projects/project-bf21b155-6b73-4230-8ef/locations/us-central1/publishers/google/models/gemini-2.5-flash:generateContent "HTTP/1.1 200 OK"
2026-09-07 21:50:51,758 INFO crawler.llm.fallback: Gọi LLM provider: vertex-ai
2026-09-07 21:50:51,758 INFO google_genai.models: AFC is enabled with max remote calls: 10.
2026-09-07 21:50:53,324 INFO httpx: HTTP Request: POST https://us-central1-aiplatform.googleapis.com/v1beta1/projects/project-bf21b155-6b73-4230-8ef/locations/us-central1/publishers/google/models/gemini-2.5-flash:generateContent "HTTP/1.1 200 OK"
2026-09-07 21:50:53,595 INFO google_genai.models: AFC is enabled with max remote calls: 10.
2026-09-07 21:50:53,761 INFO crawler.llm.fallback: Gọi LLM provider: vertex-ai
2026-09-07 21:50:53,762 INFO google_genai.models: AFC is enabled with max remote calls: 10.
2026-09-07 21:50:54,063 INFO httpx: HTTP Request: POST https://us-central1-aiplatform.googleapis.com/v1beta1/projects/project-bf21b155-6b73-4230-8ef/locations/us-central1/publishers/google/models/gemini-2.5-flash:generateContent "HTTP/1.1 429 Too Many Requests"
2026-09-07 21:50:54,064 WARNING crawler.llm.vertex_provider: Vertex AI lỗi tạm thời (lần 1/6), đợi 2.2s rồi thử lại: 429 RESOURCE_EXHAUSTED. {'error': {'code': 429, 'message': 'Resource exhausted. Please try again later. Please refer to 
2026-09-07 21:50:54,146 INFO google_genai.models: AFC is enabled with max remote calls: 10.
2026-09-07 21:50:54,196 INFO google_genai.models: AFC is enabled with max remote calls: 10.
2026-09-07 21:50:54,925 INFO httpx: HTTP Request: POST https://us-central1-aiplatform.googleapis.com/v1beta1/projects/project-bf21b155-6b73-4230-8ef/locations/us-central1/publishers/google/models/gemini-2.5-flash:generateContent "HTTP/1.1 429 Too Many Requests"
2026-09-07 21:50:54,926 WARNING crawler.llm.vertex_provider: Vertex AI lỗi tạm thời (lần 5/6), đợi 32.8s rồi thử lại: 429 RESOURCE_EXHAUSTED. {'error': {'code': 429, 'message': 'Resource exhausted. Please try again later. Please refer to 
2026-09-07 21:50:55,037 INFO httpx: HTTP Request: POST https://us-central1-aiplatform.googleapis.com/v1beta1/projects/project-bf21b155-6b73-4230-8ef/locations/us-central1/publishers/google/models/gemini-2.5-flash:generateContent "HTTP/1.1 200 OK"
2026-09-07 21:50:55,117 WARNING crawler.pipeline: Fetch thất bại cho https://duhal.com.vn/den-pin-doi-dau-dse104.html: None
2026-09-07 21:50:55,117 WARNING crawler.pipeline: Fetch thất bại cho https://duhal.com.vn/den-pin-doi-dau-dse105.html: None
2026-09-07 21:50:55,206 INFO crawler.llm.fallback: Gọi LLM provider: vertex-ai
2026-09-07 21:50:55,206 INFO google_genai.models: AFC is enabled with max remote calls: 10.
2026-09-07 21:50:55,434 INFO httpx: HTTP Request: POST https://us-central1-aiplatform.googleapis.com/v1beta1/projects/project-bf21b155-6b73-4230-8ef/locations/us-central1/publishers/google/models/gemini-2.5-flash:generateContent "HTTP/1.1 429 Too Many Requests"
2026-09-07 21:50:55,435 WARNING crawler.llm.vertex_provider: Vertex AI lỗi tạm thời (lần 2/6), đợi 4.8s rồi thử lại: 429 RESOURCE_EXHAUSTED. {'error': {'code': 429, 'message': 'Resource exhausted. Please try again later. Please refer to 
2026-09-07 21:50:56,244 INFO google_genai.models: AFC is enabled with max remote calls: 10.
2026-09-07 21:50:56,672 INFO httpx: HTTP Request: POST https://us-central1-aiplatform.googleapis.com/v1beta1/projects/project-bf21b155-6b73-4230-8ef/locations/us-central1/publishers/google/models/gemini-2.5-flash:generateContent "HTTP/1.1 200 OK"
2026-09-07 21:50:56,797 INFO crawler.llm.fallback: Gọi LLM provider: vertex-ai
2026-09-07 21:50:56,797 INFO google_genai.models: AFC is enabled with max remote calls: 10.
2026-09-07 21:50:57,730 INFO httpx: HTTP Request: POST https://us-central1-aiplatform.googleapis.com/v1beta1/projects/project-bf21b155-6b73-4230-8ef/locations/us-central1/publishers/google/models/gemini-2.5-flash:generateContent "HTTP/1.1 200 OK"
2026-09-07 21:50:57,881 INFO crawler.llm.fallback: Gọi LLM provider: vertex-ai
2026-09-07 21:50:57,882 INFO google_genai.models: AFC is enabled with max remote calls: 10.
2026-09-07 21:50:57,971 INFO httpx: HTTP Request: POST https://us-central1-aiplatform.googleapis.com/v1beta1/projects/project-bf21b155-6b73-4230-8ef/locations/us-central1/publishers/google/models/gemini-2.5-flash:generateContent "HTTP/1.1 200 OK"
2026-09-07 21:50:58,087 INFO crawler.llm.fallback: Gọi LLM provider: vertex-ai
2026-09-07 21:50:58,087 INFO google_genai.models: AFC is enabled with max remote calls: 10.
2026-09-07 21:50:58,373 INFO httpx: HTTP Request: POST https://us-central1-aiplatform.googleapis.com/v1beta1/projects/project-bf21b155-6b73-4230-8ef/locations/us-central1/publishers/google/models/gemini-2.5-flash:generateContent "HTTP/1.1 429 Too Many Requests"
2026-09-07 21:50:58,379 WARNING crawler.llm.vertex_provider: Vertex AI lỗi tạm thời (lần 1/6), đợi 2.3s rồi thử lại: 429 RESOURCE_EXHAUSTED. {'error': {'code': 429, 'message': 'Resource exhausted. Please try again later. Please refer to 
2026-09-07 21:50:59,200 INFO httpx: HTTP Request: POST https://us-central1-aiplatform.googleapis.com/v1beta1/projects/project-bf21b155-6b73-4230-8ef/locations/us-central1/publishers/google/models/gemini-2.5-flash:generateContent "HTTP/1.1 200 OK"
2026-09-07 21:50:59,351 INFO crawler.llm.fallback: Gọi LLM provider: vertex-ai
2026-09-07 21:50:59,351 INFO google_genai.models: AFC is enabled with max remote calls: 10.
2026-09-07 21:51:00,212 INFO google_genai.models: AFC is enabled with max remote calls: 10.
2026-09-07 21:51:00,511 INFO httpx: HTTP Request: POST https://us-central1-aiplatform.googleapis.com/v1beta1/projects/project-bf21b155-6b73-4230-8ef/locations/us-central1/publishers/google/models/gemini-2.5-flash:generateContent "HTTP/1.1 429 Too Many Requests"
2026-09-07 21:51:00,515 WARNING crawler.llm.vertex_provider: Vertex AI lỗi tạm thời (lần 3/6), đợi 8.3s rồi thử lại: 429 RESOURCE_EXHAUSTED. {'error': {'code': 429, 'message': 'Resource exhausted. Please try again later. Please refer to 
2026-09-07 21:51:00,638 INFO google_genai.models: AFC is enabled with max remote calls: 10.
2026-09-07 21:51:01,181 INFO httpx: HTTP Request: POST https://us-central1-aiplatform.googleapis.com/v1beta1/projects/project-bf21b155-6b73-4230-8ef/locations/us-central1/publishers/google/models/gemini-2.5-flash:generateContent "HTTP/1.1 200 OK"
2026-09-07 21:51:01,354 INFO crawler.llm.fallback: Gọi LLM provider: vertex-ai
2026-09-07 21:51:01,355 INFO google_genai.models: AFC is enabled with max remote calls: 10.
2026-09-07 21:51:01,708 INFO httpx: HTTP Request: POST https://us-central1-aiplatform.googleapis.com/v1beta1/projects/project-bf21b155-6b73-4230-8ef/locations/us-central1/publishers/google/models/gemini-2.5-flash:generateContent "HTTP/1.1 429 Too Many Requests"
2026-09-07 21:51:01,709 WARNING crawler.llm.vertex_provider: Vertex AI lỗi tạm thời (lần 1/6), đợi 2.2s rồi thử lại: 429 RESOURCE_EXHAUSTED. {'error': {'code': 429, 'message': 'Resource exhausted. Please try again later. Please refer to 
2026-09-07 21:51:02,037 INFO httpx: HTTP Request: POST https://us-central1-aiplatform.googleapis.com/v1beta1/projects/project-bf21b155-6b73-4230-8ef/locations/us-central1/publishers/google/models/gemini-2.5-flash:generateContent "HTTP/1.1 200 OK"
2026-09-07 21:51:02,201 INFO crawler.llm.fallback: Gọi LLM provider: vertex-ai
2026-09-07 21:51:02,202 INFO google_genai.models: AFC is enabled with max remote calls: 10.
2026-09-07 21:51:02,564 INFO httpx: HTTP Request: POST https://us-central1-aiplatform.googleapis.com/v1beta1/projects/project-bf21b155-6b73-4230-8ef/locations/us-central1/publishers/google/models/gemini-2.5-flash:generateContent "HTTP/1.1 429 Too Many Requests"
2026-09-07 21:51:02,565 WARNING crawler.llm.vertex_provider: Vertex AI lỗi tạm thời (lần 1/6), đợi 2.8s rồi thử lại: 429 RESOURCE_EXHAUSTED. {'error': {'code': 429, 'message': 'Resource exhausted. Please try again later. Please refer to 
2026-09-07 21:51:03,883 INFO google_genai.models: AFC is enabled with max remote calls: 10.
2026-09-07 21:51:04,224 INFO httpx: HTTP Request: POST https://us-central1-aiplatform.googleapis.com/v1beta1/projects/project-bf21b155-6b73-4230-8ef/locations/us-central1/publishers/google/models/gemini-2.5-flash:generateContent "HTTP/1.1 429 Too Many Requests"
2026-09-07 21:51:04,226 WARNING crawler.llm.vertex_provider: Vertex AI lỗi tạm thời (lần 2/6), đợi 4.0s rồi thử lại: 429 RESOURCE_EXHAUSTED. {'error': {'code': 429, 'message': 'Resource exhausted. Please try again later. Please refer to 
2026-09-07 21:51:05,326 INFO google_genai.models: AFC is enabled with max remote calls: 10.
2026-09-07 21:51:05,669 INFO httpx: HTTP Request: POST https://us-central1-aiplatform.googleapis.com/v1beta1/projects/project-bf21b155-6b73-4230-8ef/locations/us-central1/publishers/google/models/gemini-2.5-flash:generateContent "HTTP/1.1 429 Too Many Requests"
2026-09-07 21:51:05,671 WARNING crawler.llm.vertex_provider: Vertex AI lỗi tạm thời (lần 2/6), đợi 4.7s rồi thử lại: 429 RESOURCE_EXHAUSTED. {'error': {'code': 429, 'message': 'Resource exhausted. Please try again later. Please refer to 
2026-09-07 21:51:08,241 INFO google_genai.models: AFC is enabled with max remote calls: 10.
2026-09-07 21:51:08,839 INFO google_genai.models: AFC is enabled with max remote calls: 10.
2026-09-07 21:51:10,234 INFO httpx: HTTP Request: POST https://us-central1-aiplatform.googleapis.com/v1beta1/projects/project-bf21b155-6b73-4230-8ef/locations/us-central1/publishers/google/models/gemini-2.5-flash:generateContent "HTTP/1.1 200 OK"
2026-09-07 21:51:10,343 INFO google_genai.models: AFC is enabled with max remote calls: 10.
2026-09-07 21:51:10,394 INFO crawler.llm.fallback: Gọi LLM provider: vertex-ai
2026-09-07 21:51:10,395 INFO google_genai.models: AFC is enabled with max remote calls: 10.
2026-09-07 21:51:10,631 INFO httpx: HTTP Request: POST https://us-central1-aiplatform.googleapis.com/v1beta1/projects/project-bf21b155-6b73-4230-8ef/locations/us-central1/publishers/google/models/gemini-2.5-flash:generateContent "HTTP/1.1 429 Too Many Requests"
2026-09-07 21:51:10,637 WARNING crawler.llm.vertex_provider: Vertex AI lỗi tạm thời (lần 3/6), đợi 8.8s rồi thử lại: 429 RESOURCE_EXHAUSTED. {'error': {'code': 429, 'message': 'Resource exhausted. Please try again later. Please refer to 
2026-09-07 21:51:11,445 INFO httpx: HTTP Request: POST https://us-central1-aiplatform.googleapis.com/v1beta1/projects/project-bf21b155-6b73-4230-8ef/locations/us-central1/publishers/google/models/gemini-2.5-flash:generateContent "HTTP/1.1 200 OK"
2026-09-07 21:51:11,640 INFO httpx: HTTP Request: POST https://us-central1-aiplatform.googleapis.com/v1beta1/projects/project-bf21b155-6b73-4230-8ef/locations/us-central1/publishers/google/models/gemini-2.5-flash:generateContent "HTTP/1.1 429 Too Many Requests"
2026-09-07 21:51:11,681 WARNING crawler.llm.vertex_provider: Vertex AI lỗi tạm thời (lần 1/6), đợi 2.0s rồi thử lại: 429 RESOURCE_EXHAUSTED. {'error': {'code': 429, 'message': 'Resource exhausted. Please try again later. Please refer to 
2026-09-07 21:51:11,779 INFO crawler.llm.fallback: Gọi LLM provider: vertex-ai
2026-09-07 21:51:11,780 INFO google_genai.models: AFC is enabled with max remote calls: 10.
2026-09-07 21:51:13,003 INFO httpx: HTTP Request: POST https://us-central1-aiplatform.googleapis.com/v1beta1/projects/project-bf21b155-6b73-4230-8ef/locations/us-central1/publishers/google/models/gemini-2.5-flash:generateContent "HTTP/1.1 200 OK"
2026-09-07 21:51:13,175 INFO crawler.llm.fallback: Gọi LLM provider: vertex-ai
2026-09-07 21:51:13,175 INFO google_genai.models: AFC is enabled with max remote calls: 10.
2026-09-07 21:51:13,490 INFO httpx: HTTP Request: POST https://us-central1-aiplatform.googleapis.com/v1beta1/projects/project-bf21b155-6b73-4230-8ef/locations/us-central1/publishers/google/models/gemini-2.5-flash:generateContent "HTTP/1.1 429 Too Many Requests"
2026-09-07 21:51:13,496 WARNING crawler.llm.vertex_provider: Vertex AI lỗi tạm thời (lần 1/6), đợi 2.9s rồi thử lại: 429 RESOURCE_EXHAUSTED. {'error': {'code': 429, 'message': 'Resource exhausted. Please try again later. Please refer to 
2026-09-07 21:51:13,724 INFO google_genai.models: AFC is enabled with max remote calls: 10.
2026-09-07 21:51:14,362 INFO httpx: HTTP Request: POST https://us-central1-aiplatform.googleapis.com/v1beta1/projects/project-bf21b155-6b73-4230-8ef/locations/us-central1/publishers/google/models/gemini-2.5-flash:generateContent "HTTP/1.1 429 Too Many Requests"
2026-09-07 21:51:14,363 WARNING crawler.llm.vertex_provider: Vertex AI lỗi tạm thời (lần 2/6), đợi 4.3s rồi thử lại: 429 RESOURCE_EXHAUSTED. {'error': {'code': 429, 'message': 'Resource exhausted. Please try again later. Please refer to 
2026-09-07 21:51:16,413 INFO google_genai.models: AFC is enabled with max remote calls: 10.
2026-09-07 21:51:16,754 INFO httpx: HTTP Request: POST https://us-central1-aiplatform.googleapis.com/v1beta1/projects/project-bf21b155-6b73-4230-8ef/locations/us-central1/publishers/google/models/gemini-2.5-flash:generateContent "HTTP/1.1 429 Too Many Requests"
2026-09-07 21:51:16,756 WARNING crawler.llm.vertex_provider: Vertex AI lỗi tạm thời (lần 2/6), đợi 4.5s rồi thử lại: 429 RESOURCE_EXHAUSTED. {'error': {'code': 429, 'message': 'Resource exhausted. Please try again later. Please refer to 
2026-09-07 21:51:18,661 INFO google_genai.models: AFC is enabled with max remote calls: 10.
2026-09-07 21:51:19,006 INFO httpx: HTTP Request: POST https://us-central1-aiplatform.googleapis.com/v1beta1/projects/project-bf21b155-6b73-4230-8ef/locations/us-central1/publishers/google/models/gemini-2.5-flash:generateContent "HTTP/1.1 429 Too Many Requests"
2026-09-07 21:51:19,007 WARNING crawler.llm.vertex_provider: Vertex AI lỗi tạm thời (lần 3/6), đợi 8.0s rồi thử lại: 429 RESOURCE_EXHAUSTED. {'error': {'code': 429, 'message': 'Resource exhausted. Please try again later. Please refer to 
2026-09-07 21:51:19,449 INFO google_genai.models: AFC is enabled with max remote calls: 10.
2026-09-07 21:51:19,831 INFO httpx: HTTP Request: POST https://us-central1-aiplatform.googleapis.com/v1beta1/projects/project-bf21b155-6b73-4230-8ef/locations/us-central1/publishers/google/models/gemini-2.5-flash:generateContent "HTTP/1.1 429 Too Many Requests"
2026-09-07 21:51:19,832 WARNING crawler.llm.vertex_provider: Vertex AI lỗi tạm thời (lần 4/6), đợi 17.0s rồi thử lại: 429 RESOURCE_EXHAUSTED. {'error': {'code': 429, 'message': 'Resource exhausted. Please try again later. Please refer to 
2026-09-07 21:51:21,242 INFO google_genai.models: AFC is enabled with max remote calls: 10.
2026-09-07 21:51:21,599 INFO httpx: HTTP Request: POST https://us-central1-aiplatform.googleapis.com/v1beta1/projects/project-bf21b155-6b73-4230-8ef/locations/us-central1/publishers/google/models/gemini-2.5-flash:generateContent "HTTP/1.1 429 Too Many Requests"
2026-09-07 21:51:21,601 WARNING crawler.llm.vertex_provider: Vertex AI lỗi tạm thời (lần 3/6), đợi 8.7s rồi thử lại: 429 RESOURCE_EXHAUSTED. {'error': {'code': 429, 'message': 'Resource exhausted. Please try again later. Please refer to 
2026-09-07 21:51:27,051 INFO google_genai.models: AFC is enabled with max remote calls: 10.
2026-09-07 21:51:27,723 INFO google_genai.models: AFC is enabled with max remote calls: 10.
2026-09-07 21:51:28,302 INFO httpx: HTTP Request: POST https://us-central1-aiplatform.googleapis.com/v1beta1/projects/project-bf21b155-6b73-4230-8ef/locations/us-central1/publishers/google/models/gemini-2.5-flash:generateContent "HTTP/1.1 429 Too Many Requests"
2026-09-07 21:51:28,304 WARNING crawler.llm.vertex_provider: Vertex AI lỗi tạm thời (lần 4/6), đợi 16.3s rồi thử lại: 429 RESOURCE_EXHAUSTED. {'error': {'code': 429, 'message': 'Resource exhausted. Please try again later. Please refer to 
2026-09-07 21:51:28,955 INFO httpx: HTTP Request: POST https://us-central1-aiplatform.googleapis.com/v1beta1/projects/project-bf21b155-6b73-4230-8ef/locations/us-central1/publishers/google/models/gemini-2.5-flash:generateContent "HTTP/1.1 429 Too Many Requests"
2026-09-07 21:51:28,956 WARNING crawler.llm.fallback: Provider vertex-ai thất bại (Vertex AI lỗi: 429 RESOURCE_EXHAUSTED. {'error': {'code': 429, 'message': 'Resource exhausted. Please try again later. Please refer to https://cloud.google.com/vertex-ai/generative-ai/docs/error-code-429 for more details.', 'status': 'RESOURCE_EXHAUSTED'}}), chuyển sang provider tiếp theo
2026-09-07 21:51:28,956 INFO crawler.llm.fallback: Gọi LLM provider: deepseek
2026-09-07 21:51:29,447 INFO httpx2: HTTP Request: POST https://api.deepseek.com/chat/completions "HTTP/1.1 402 Payment Required"
2026-09-07 21:51:29,449 WARNING crawler.llm.fallback: Provider deepseek thất bại (DeepSeek lỗi: Error code: 402 - {'error': {'message': 'Insufficient Balance', 'type': 'unknown_error', 'param': None, 'code': 'invalid_request_error'}}), chuyển sang provider tiếp theo
2026-09-07 21:51:29,449 WARNING crawler.pipeline: Tầng 2 (LLM) thất bại cho https://duhal.com.vn/den-pha-lsq1000: Tất cả LLM provider đều thất bại: DeepSeek lỗi: Error code: 402 - {'error': {'message': 'Insufficient Balance', 'type': 'unknown_error', 'param': None, 'code': 'invalid_request_error'}}
2026-09-07 21:51:29,623 INFO crawler.llm.fallback: Gọi LLM provider: vertex-ai
2026-09-07 21:51:29,624 INFO google_genai.models: AFC is enabled with max remote calls: 10.
2026-09-07 21:51:29,972 INFO httpx: HTTP Request: POST https://us-central1-aiplatform.googleapis.com/v1beta1/projects/project-bf21b155-6b73-4230-8ef/locations/us-central1/publishers/google/models/gemini-2.5-flash:generateContent "HTTP/1.1 429 Too Many Requests"
2026-09-07 21:51:29,974 WARNING crawler.llm.vertex_provider: Vertex AI lỗi tạm thời (lần 1/6), đợi 3.0s rồi thử lại: 429 RESOURCE_EXHAUSTED. {'error': {'code': 429, 'message': 'Resource exhausted. Please try again later. Please refer to 
2026-09-07 21:51:30,293 INFO google_genai.models: AFC is enabled with max remote calls: 10.
2026-09-07 21:51:30,824 INFO httpx: HTTP Request: POST https://us-central1-aiplatform.googleapis.com/v1beta1/projects/project-bf21b155-6b73-4230-8ef/locations/us-central1/publishers/google/models/gemini-2.5-flash:generateContent "HTTP/1.1 429 Too Many Requests"
2026-09-07 21:51:30,825 WARNING crawler.llm.vertex_provider: Vertex AI lỗi tạm thời (lần 4/6), đợi 16.9s rồi thử lại: 429 RESOURCE_EXHAUSTED. {'error': {'code': 429, 'message': 'Resource exhausted. Please try again later. Please refer to 
2026-09-07 21:51:32,963 INFO google_genai.models: AFC is enabled with max remote calls: 10.
2026-09-07 21:51:33,305 INFO httpx: HTTP Request: POST https://us-central1-aiplatform.googleapis.com/v1beta1/projects/project-bf21b155-6b73-4230-8ef/locations/us-central1/publishers/google/models/gemini-2.5-flash:generateContent "HTTP/1.1 429 Too Many Requests"
2026-09-07 21:51:33,307 WARNING crawler.llm.vertex_provider: Vertex AI lỗi tạm thời (lần 2/6), đợi 4.5s rồi thử lại: 429 RESOURCE_EXHAUSTED. {'error': {'code': 429, 'message': 'Resource exhausted. Please try again later. Please refer to 
2026-09-07 21:51:36,824 INFO google_genai.models: AFC is enabled with max remote calls: 10.
2026-09-07 21:51:37,151 INFO httpx: HTTP Request: POST https://us-central1-aiplatform.googleapis.com/v1beta1/projects/project-bf21b155-6b73-4230-8ef/locations/us-central1/publishers/google/models/gemini-2.5-flash:generateContent "HTTP/1.1 429 Too Many Requests"
2026-09-07 21:51:37,152 WARNING crawler.llm.vertex_provider: Vertex AI lỗi tạm thời (lần 5/6), đợi 32.4s rồi thử lại: 429 RESOURCE_EXHAUSTED. {'error': {'code': 429, 'message': 'Resource exhausted. Please try again later. Please refer to 
2026-09-07 21:51:37,788 INFO google_genai.models: AFC is enabled with max remote calls: 10.
2026-09-07 21:51:38,100 INFO httpx: HTTP Request: POST https://us-central1-aiplatform.googleapis.com/v1beta1/projects/project-bf21b155-6b73-4230-8ef/locations/us-central1/publishers/google/models/gemini-2.5-flash:generateContent "HTTP/1.1 429 Too Many Requests"
2026-09-07 21:51:38,102 WARNING crawler.llm.vertex_provider: Vertex AI lỗi tạm thời (lần 3/6), đợi 8.7s rồi thử lại: 429 RESOURCE_EXHAUSTED. {'error': {'code': 429, 'message': 'Resource exhausted. Please try again later. Please refer to 
2026-09-07 21:51:44,579 INFO google_genai.models: AFC is enabled with max remote calls: 10.
2026-09-07 21:51:45,840 INFO httpx: HTTP Request: POST https://us-central1-aiplatform.googleapis.com/v1beta1/projects/project-bf21b155-6b73-4230-8ef/locations/us-central1/publishers/google/models/gemini-2.5-flash:generateContent "HTTP/1.1 429 Too Many Requests"
2026-09-07 21:51:45,842 WARNING crawler.llm.vertex_provider: Vertex AI lỗi tạm thời (lần 5/6), đợi 32.0s rồi thử lại: 429 RESOURCE_EXHAUSTED. {'error': {'code': 429, 'message': 'Resource exhausted. Please try again later. Please refer to 
2026-09-07 21:51:46,808 INFO google_genai.models: AFC is enabled with max remote calls: 10.
2026-09-07 21:51:47,146 INFO httpx: HTTP Request: POST https://us-central1-aiplatform.googleapis.com/v1beta1/projects/project-bf21b155-6b73-4230-8ef/locations/us-central1/publishers/google/models/gemini-2.5-flash:generateContent "HTTP/1.1 429 Too Many Requests"
2026-09-07 21:51:47,148 WARNING crawler.llm.vertex_provider: Vertex AI lỗi tạm thời (lần 4/6), đợi 16.0s rồi thử lại: 429 RESOURCE_EXHAUSTED. {'error': {'code': 429, 'message': 'Resource exhausted. Please try again later. Please refer to 
2026-09-07 21:51:47,688 INFO google_genai.models: AFC is enabled with max remote calls: 10.
2026-09-07 21:51:48,005 INFO httpx: HTTP Request: POST https://us-central1-aiplatform.googleapis.com/v1beta1/projects/project-bf21b155-6b73-4230-8ef/locations/us-central1/publishers/google/models/gemini-2.5-flash:generateContent "HTTP/1.1 429 Too Many Requests"
2026-09-07 21:51:48,007 WARNING crawler.llm.vertex_provider: Vertex AI lỗi tạm thời (lần 5/6), đợi 32.5s rồi thử lại: 429 RESOURCE_EXHAUSTED. {'error': {'code': 429, 'message': 'Resource exhausted. Please try again later. Please refer to 
2026-09-07 21:52:03,178 INFO google_genai.models: AFC is enabled with max remote calls: 10.
2026-09-07 21:52:04,410 INFO httpx: HTTP Request: POST https://us-central1-aiplatform.googleapis.com/v1beta1/projects/project-bf21b155-6b73-4230-8ef/locations/us-central1/publishers/google/models/gemini-2.5-flash:generateContent "HTTP/1.1 429 Too Many Requests"
2026-09-07 21:52:04,416 WARNING crawler.llm.vertex_provider: Vertex AI lỗi tạm thời (lần 5/6), đợi 32.4s rồi thử lại: 429 RESOURCE_EXHAUSTED. {'error': {'code': 429, 'message': 'Resource exhausted. Please try again later. Please refer to 
2026-09-07 21:52:09,513 INFO google_genai.models: AFC is enabled with max remote calls: 10.
2026-09-07 21:52:11,501 INFO httpx: HTTP Request: POST https://us-central1-aiplatform.googleapis.com/v1beta1/projects/project-bf21b155-6b73-4230-8ef/locations/us-central1/publishers/google/models/gemini-2.5-flash:generateContent "HTTP/1.1 200 OK"
2026-09-07 21:52:11,652 INFO crawler.llm.fallback: Gọi LLM provider: vertex-ai
2026-09-07 21:52:11,652 INFO google_genai.models: AFC is enabled with max remote calls: 10.
2026-09-07 21:52:13,062 INFO httpx: HTTP Request: POST https://us-central1-aiplatform.googleapis.com/v1beta1/projects/project-bf21b155-6b73-4230-8ef/locations/us-central1/publishers/google/models/gemini-2.5-flash:generateContent "HTTP/1.1 200 OK"
2026-09-07 21:52:13,234 INFO crawler.llm.fallback: Gọi LLM provider: vertex-ai
2026-09-07 21:52:13,235 INFO google_genai.models: AFC is enabled with max remote calls: 10.
2026-09-07 21:52:15,448 INFO httpx: HTTP Request: POST https://us-central1-aiplatform.googleapis.com/v1beta1/projects/project-bf21b155-6b73-4230-8ef/locations/us-central1/publishers/google/models/gemini-2.5-flash:generateContent "HTTP/1.1 200 OK"
2026-09-07 21:52:15,586 INFO crawler.llm.fallback: Gọi LLM provider: vertex-ai
2026-09-07 21:52:15,587 INFO google_genai.models: AFC is enabled with max remote calls: 10.
2026-09-07 21:52:16,739 INFO httpx: HTTP Request: POST https://us-central1-aiplatform.googleapis.com/v1beta1/projects/project-bf21b155-6b73-4230-8ef/locations/us-central1/publishers/google/models/gemini-2.5-flash:generateContent "HTTP/1.1 429 Too Many Requests"
2026-09-07 21:52:16,746 WARNING crawler.llm.vertex_provider: Vertex AI lỗi tạm thời (lần 1/6), đợi 2.6s rồi thử lại: 429 RESOURCE_EXHAUSTED. {'error': {'code': 429, 'message': 'Resource exhausted. Please try again later. Please refer to 
2026-09-07 21:52:17,847 INFO google_genai.models: AFC is enabled with max remote calls: 10.
2026-09-07 21:52:19,390 INFO google_genai.models: AFC is enabled with max remote calls: 10.
2026-09-07 21:52:19,437 INFO httpx: HTTP Request: POST https://us-central1-aiplatform.googleapis.com/v1beta1/projects/project-bf21b155-6b73-4230-8ef/locations/us-central1/publishers/google/models/gemini-2.5-flash:generateContent "HTTP/1.1 200 OK"
2026-09-07 21:52:19,565 INFO crawler.llm.fallback: Gọi LLM provider: vertex-ai
2026-09-07 21:52:19,565 INFO google_genai.models: AFC is enabled with max remote calls: 10.
2026-09-07 21:52:20,551 INFO google_genai.models: AFC is enabled with max remote calls: 10.
2026-09-07 21:52:22,061 INFO httpx: HTTP Request: POST https://us-central1-aiplatform.googleapis.com/v1beta1/projects/project-bf21b155-6b73-4230-8ef/locations/us-central1/publishers/google/models/gemini-2.5-flash:generateContent "HTTP/1.1 200 OK"
2026-09-07 21:52:22,176 INFO crawler.llm.fallback: Gọi LLM provider: vertex-ai
2026-09-07 21:52:22,176 INFO google_genai.models: AFC is enabled with max remote calls: 10.
2026-09-07 21:52:22,225 INFO httpx: HTTP Request: POST https://us-central1-aiplatform.googleapis.com/v1beta1/projects/project-bf21b155-6b73-4230-8ef/locations/us-central1/publishers/google/models/gemini-2.5-flash:generateContent "HTTP/1.1 200 OK"
2026-09-07 21:52:22,536 INFO crawler.llm.fallback: Gọi LLM provider: vertex-ai
2026-09-07 21:52:22,536 INFO google_genai.models: AFC is enabled with max remote calls: 10.
2026-09-07 21:52:22,894 INFO httpx: HTTP Request: POST https://us-central1-aiplatform.googleapis.com/v1beta1/projects/project-bf21b155-6b73-4230-8ef/locations/us-central1/publishers/google/models/gemini-2.5-flash:generateContent "HTTP/1.1 200 OK"
2026-09-07 21:52:22,895 INFO httpx: HTTP Request: POST https://us-central1-aiplatform.googleapis.com/v1beta1/projects/project-bf21b155-6b73-4230-8ef/locations/us-central1/publishers/google/models/gemini-2.5-flash:generateContent "HTTP/1.1 429 Too Many Requests"
2026-09-07 21:52:22,899 WARNING crawler.llm.vertex_provider: Vertex AI lỗi tạm thời (lần 1/6), đợi 2.4s rồi thử lại: 429 RESOURCE_EXHAUSTED. {'error': {'code': 429, 'message': 'Resource exhausted. Please try again later. Please refer to 
2026-09-07 21:52:23,001 INFO crawler.llm.fallback: Gọi LLM provider: vertex-ai
2026-09-07 21:52:23,002 INFO google_genai.models: AFC is enabled with max remote calls: 10.
2026-09-07 21:52:23,713 INFO httpx: HTTP Request: POST https://us-central1-aiplatform.googleapis.com/v1beta1/projects/project-bf21b155-6b73-4230-8ef/locations/us-central1/publishers/google/models/gemini-2.5-flash:generateContent "HTTP/1.1 429 Too Many Requests"
2026-09-07 21:52:23,714 WARNING crawler.llm.vertex_provider: Vertex AI lỗi tạm thời (lần 1/6), đợi 2.5s rồi thử lại: 429 RESOURCE_EXHAUSTED. {'error': {'code': 429, 'message': 'Resource exhausted. Please try again later. Please refer to 
2026-09-07 21:52:24,020 INFO httpx: HTTP Request: POST https://us-central1-aiplatform.googleapis.com/v1beta1/projects/project-bf21b155-6b73-4230-8ef/locations/us-central1/publishers/google/models/gemini-2.5-flash:generateContent "HTTP/1.1 200 OK"
2026-09-07 21:52:24,135 INFO crawler.llm.fallback: Gọi LLM provider: vertex-ai
2026-09-07 21:52:24,135 INFO google_genai.models: AFC is enabled with max remote calls: 10.
2026-09-07 21:52:24,455 INFO httpx: HTTP Request: POST https://us-central1-aiplatform.googleapis.com/v1beta1/projects/project-bf21b155-6b73-4230-8ef/locations/us-central1/publishers/google/models/gemini-2.5-flash:generateContent "HTTP/1.1 429 Too Many Requests"
2026-09-07 21:52:24,457 WARNING crawler.llm.vertex_provider: Vertex AI lỗi tạm thời (lần 1/6), đợi 2.6s rồi thử lại: 429 RESOURCE_EXHAUSTED. {'error': {'code': 429, 'message': 'Resource exhausted. Please try again later. Please refer to 
2026-09-07 21:52:25,303 INFO google_genai.models: AFC is enabled with max remote calls: 10.
2026-09-07 21:52:26,196 INFO google_genai.models: AFC is enabled with max remote calls: 10.
2026-09-07 21:52:26,510 INFO httpx: HTTP Request: POST https://us-central1-aiplatform.googleapis.com/v1beta1/projects/project-bf21b155-6b73-4230-8ef/locations/us-central1/publishers/google/models/gemini-2.5-flash:generateContent "HTTP/1.1 429 Too Many Requests"
2026-09-07 21:52:26,512 WARNING crawler.llm.vertex_provider: Vertex AI lỗi tạm thời (lần 2/6), đợi 4.4s rồi thử lại: 429 RESOURCE_EXHAUSTED. {'error': {'code': 429, 'message': 'Resource exhausted. Please try again later. Please refer to 
2026-09-07 21:52:27,085 INFO google_genai.models: AFC is enabled with max remote calls: 10.
2026-09-07 21:52:28,320 INFO httpx: HTTP Request: POST https://us-central1-aiplatform.googleapis.com/v1beta1/projects/project-bf21b155-6b73-4230-8ef/locations/us-central1/publishers/google/models/gemini-2.5-flash:generateContent "HTTP/1.1 200 OK"
2026-09-07 21:52:28,435 INFO crawler.llm.fallback: Gọi LLM provider: vertex-ai
2026-09-07 21:52:28,435 INFO google_genai.models: AFC is enabled with max remote calls: 10.
2026-09-07 21:52:29,857 INFO httpx: HTTP Request: POST https://us-central1-aiplatform.googleapis.com/v1beta1/projects/project-bf21b155-6b73-4230-8ef/locations/us-central1/publishers/google/models/gemini-2.5-flash:generateContent "HTTP/1.1 200 OK"
2026-09-07 21:52:29,905 WARNING crawler.pipeline: Fetch thất bại cho https://duhal.com.vn/den-thoat-hiem-dang-trang-tri-1w-lsb001: None
2026-09-07 21:52:29,905 WARNING crawler.pipeline: Fetch thất bại cho https://duhal.com.vn/den-thoat-hiem-dang-trang-tri-1w-lsb002: None
2026-09-07 21:52:29,967 INFO crawler.llm.fallback: Gọi LLM provider: vertex-ai
2026-09-07 21:52:29,967 INFO google_genai.models: AFC is enabled with max remote calls: 10.
2026-09-07 21:52:30,368 INFO httpx: HTTP Request: POST https://us-central1-aiplatform.googleapis.com/v1beta1/projects/project-bf21b155-6b73-4230-8ef/locations/us-central1/publishers/google/models/gemini-2.5-flash:generateContent "HTTP/1.1 429 Too Many Requests"
2026-09-07 21:52:30,370 WARNING crawler.llm.vertex_provider: Vertex AI lỗi tạm thời (lần 1/6), đợi 2.7s rồi thử lại: 429 RESOURCE_EXHAUSTED. {'error': {'code': 429, 'message': 'Resource exhausted. Please try again later. Please refer to 
2026-09-07 21:52:30,903 INFO google_genai.models: AFC is enabled with max remote calls: 10.
2026-09-07 21:52:32,008 INFO httpx: HTTP Request: POST https://us-central1-aiplatform.googleapis.com/v1beta1/projects/project-bf21b155-6b73-4230-8ef/locations/us-central1/publishers/google/models/gemini-2.5-flash:generateContent "HTTP/1.1 200 OK"
2026-09-07 21:52:32,115 INFO crawler.llm.fallback: Gọi LLM provider: vertex-ai
2026-09-07 21:52:32,115 INFO google_genai.models: AFC is enabled with max remote calls: 10.
2026-09-07 21:52:32,416 INFO httpx: HTTP Request: POST https://us-central1-aiplatform.googleapis.com/v1beta1/projects/project-bf21b155-6b73-4230-8ef/locations/us-central1/publishers/google/models/gemini-2.5-flash:generateContent "HTTP/1.1 429 Too Many Requests"
2026-09-07 21:52:32,418 WARNING crawler.llm.vertex_provider: Vertex AI lỗi tạm thời (lần 1/6), đợi 2.9s rồi thử lại: 429 RESOURCE_EXHAUSTED. {'error': {'code': 429, 'message': 'Resource exhausted. Please try again later. Please refer to 
2026-09-07 21:52:33,057 INFO google_genai.models: AFC is enabled with max remote calls: 10.
2026-09-07 21:52:33,440 INFO httpx: HTTP Request: POST https://us-central1-aiplatform.googleapis.com/v1beta1/projects/project-bf21b155-6b73-4230-8ef/locations/us-central1/publishers/google/models/gemini-2.5-flash:generateContent "HTTP/1.1 429 Too Many Requests"
2026-09-07 21:52:33,442 WARNING crawler.llm.vertex_provider: Vertex AI lỗi tạm thời (lần 2/6), đợi 4.4s rồi thử lại: 429 RESOURCE_EXHAUSTED. {'error': {'code': 429, 'message': 'Resource exhausted. Please try again later. Please refer to 
2026-09-07 21:52:35,287 INFO google_genai.models: AFC is enabled with max remote calls: 10.
2026-09-07 21:52:35,693 INFO httpx: HTTP Request: POST https://us-central1-aiplatform.googleapis.com/v1beta1/projects/project-bf21b155-6b73-4230-8ef/locations/us-central1/publishers/google/models/gemini-2.5-flash:generateContent "HTTP/1.1 429 Too Many Requests"
2026-09-07 21:52:35,695 WARNING crawler.llm.vertex_provider: Vertex AI lỗi tạm thời (lần 2/6), đợi 4.5s rồi thử lại: 429 RESOURCE_EXHAUSTED. {'error': {'code': 429, 'message': 'Resource exhausted. Please try again later. Please refer to 
2026-09-07 21:52:36,775 INFO google_genai.models: AFC is enabled with max remote calls: 10.
2026-09-07 21:52:37,128 INFO httpx: HTTP Request: POST https://us-central1-aiplatform.googleapis.com/v1beta1/projects/project-bf21b155-6b73-4230-8ef/locations/us-central1/publishers/google/models/gemini-2.5-flash:generateContent "HTTP/1.1 429 Too Many Requests"
2026-09-07 21:52:37,129 WARNING crawler.llm.fallback: Provider vertex-ai thất bại (Vertex AI lỗi: 429 RESOURCE_EXHAUSTED. {'error': {'code': 429, 'message': 'Resource exhausted. Please try again later. Please refer to https://cloud.google.com/vertex-ai/generative-ai/docs/error-code-429 for more details.', 'status': 'RESOURCE_EXHAUSTED'}}), chuyển sang provider tiếp theo
2026-09-07 21:52:37,130 INFO crawler.llm.fallback: Gọi LLM provider: deepseek
2026-09-07 21:52:37,741 INFO httpx2: HTTP Request: POST https://api.deepseek.com/chat/completions "HTTP/1.1 402 Payment Required"
2026-09-07 21:52:37,742 WARNING crawler.llm.fallback: Provider deepseek thất bại (DeepSeek lỗi: Error code: 402 - {'error': {'message': 'Insufficient Balance', 'type': 'unknown_error', 'param': None, 'code': 'invalid_request_error'}}), chuyển sang provider tiếp theo
2026-09-07 21:52:37,743 WARNING crawler.pipeline: Tầng 2 (LLM) thất bại cho https://duhal.com.vn/den-thoat-hiem-2w-lsm: Tất cả LLM provider đều thất bại: DeepSeek lỗi: Error code: 402 - {'error': {'message': 'Insufficient Balance', 'type': 'unknown_error', 'param': None, 'code': 'invalid_request_error'}}
2026-09-07 21:52:37,835 INFO google_genai.models: AFC is enabled with max remote calls: 10.
2026-09-07 21:52:37,846 INFO crawler.llm.fallback: Gọi LLM provider: vertex-ai
2026-09-07 21:52:37,847 INFO google_genai.models: AFC is enabled with max remote calls: 10.
2026-09-07 21:52:38,152 INFO httpx: HTTP Request: POST https://us-central1-aiplatform.googleapis.com/v1beta1/projects/project-bf21b155-6b73-4230-8ef/locations/us-central1/publishers/google/models/gemini-2.5-flash:generateContent "HTTP/1.1 429 Too Many Requests"
2026-09-07 21:52:38,154 WARNING crawler.llm.vertex_provider: Vertex AI lỗi tạm thời (lần 3/6), đợi 8.3s rồi thử lại: 429 RESOURCE_EXHAUSTED. {'error': {'code': 429, 'message': 'Resource exhausted. Please try again later. Please refer to 
2026-09-07 21:52:39,176 INFO httpx: HTTP Request: POST https://us-central1-aiplatform.googleapis.com/v1beta1/projects/project-bf21b155-6b73-4230-8ef/locations/us-central1/publishers/google/models/gemini-2.5-flash:generateContent "HTTP/1.1 429 Too Many Requests"
2026-09-07 21:52:39,178 WARNING crawler.llm.vertex_provider: Vertex AI lỗi tạm thời (lần 1/6), đợi 2.7s rồi thử lại: 429 RESOURCE_EXHAUSTED. {'error': {'code': 429, 'message': 'Resource exhausted. Please try again later. Please refer to 
2026-09-07 21:52:40,154 INFO google_genai.models: AFC is enabled with max remote calls: 10.
2026-09-07 21:52:40,492 INFO httpx: HTTP Request: POST https://us-central1-aiplatform.googleapis.com/v1beta1/projects/project-bf21b155-6b73-4230-8ef/locations/us-central1/publishers/google/models/gemini-2.5-flash:generateContent "HTTP/1.1 429 Too Many Requests"
2026-09-07 21:52:40,493 WARNING crawler.llm.vertex_provider: Vertex AI lỗi tạm thời (lần 3/6), đợi 8.3s rồi thử lại: 429 RESOURCE_EXHAUSTED. {'error': {'code': 429, 'message': 'Resource exhausted. Please try again later. Please refer to 
2026-09-07 21:52:41,854 INFO google_genai.models: AFC is enabled with max remote calls: 10.
2026-09-07 21:52:42,149 INFO httpx: HTTP Request: POST https://us-central1-aiplatform.googleapis.com/v1beta1/projects/project-bf21b155-6b73-4230-8ef/locations/us-central1/publishers/google/models/gemini-2.5-flash:generateContent "HTTP/1.1 429 Too Many Requests"
2026-09-07 21:52:42,151 WARNING crawler.llm.vertex_provider: Vertex AI lỗi tạm thời (lần 2/6), đợi 4.5s rồi thử lại: 429 RESOURCE_EXHAUSTED. {'error': {'code': 429, 'message': 'Resource exhausted. Please try again later. Please refer to 
2026-09-07 21:52:46,503 INFO google_genai.models: AFC is enabled with max remote calls: 10.
2026-09-07 21:52:46,660 INFO google_genai.models: AFC is enabled with max remote calls: 10.
2026-09-07 21:52:46,792 INFO httpx: HTTP Request: POST https://us-central1-aiplatform.googleapis.com/v1beta1/projects/project-bf21b155-6b73-4230-8ef/locations/us-central1/publishers/google/models/gemini-2.5-flash:generateContent "HTTP/1.1 429 Too Many Requests"
2026-09-07 21:52:46,797 WARNING crawler.llm.vertex_provider: Vertex AI lỗi tạm thời (lần 4/6), đợi 16.7s rồi thử lại: 429 RESOURCE_EXHAUSTED. {'error': {'code': 429, 'message': 'Resource exhausted. Please try again later. Please refer to 
2026-09-07 21:52:47,878 INFO httpx: HTTP Request: POST https://us-central1-aiplatform.googleapis.com/v1beta1/projects/project-bf21b155-6b73-4230-8ef/locations/us-central1/publishers/google/models/gemini-2.5-flash:generateContent "HTTP/1.1 429 Too Many Requests"
2026-09-07 21:52:47,879 WARNING crawler.llm.vertex_provider: Vertex AI lỗi tạm thời (lần 3/6), đợi 8.7s rồi thử lại: 429 RESOURCE_EXHAUSTED. {'error': {'code': 429, 'message': 'Resource exhausted. Please try again later. Please refer to 
2026-09-07 21:52:48,784 INFO google_genai.models: AFC is enabled with max remote calls: 10.
2026-09-07 21:52:49,071 INFO httpx: HTTP Request: POST https://us-central1-aiplatform.googleapis.com/v1beta1/projects/project-bf21b155-6b73-4230-8ef/locations/us-central1/publishers/google/models/gemini-2.5-flash:generateContent "HTTP/1.1 429 Too Many Requests"
2026-09-07 21:52:49,076 WARNING crawler.llm.vertex_provider: Vertex AI lỗi tạm thời (lần 4/6), đợi 16.1s rồi thử lại: 429 RESOURCE_EXHAUSTED. {'error': {'code': 429, 'message': 'Resource exhausted. Please try again later. Please refer to 
2026-09-07 21:52:49,733 INFO httpx: HTTP Request: POST https://us-central1-aiplatform.googleapis.com/v1beta1/projects/project-bf21b155-6b73-4230-8ef/locations/us-central1/publishers/google/models/gemini-2.5-flash:generateContent "HTTP/1.1 200 OK"
2026-09-07 21:52:49,901 INFO crawler.llm.fallback: Gọi LLM provider: vertex-ai
2026-09-07 21:52:49,902 INFO google_genai.models: AFC is enabled with max remote calls: 10.
2026-09-07 21:52:50,818 INFO httpx: HTTP Request: POST https://us-central1-aiplatform.googleapis.com/v1beta1/projects/project-bf21b155-6b73-4230-8ef/locations/us-central1/publishers/google/models/gemini-2.5-flash:generateContent "HTTP/1.1 200 OK"
2026-09-07 21:52:50,979 INFO crawler.llm.fallback: Gọi LLM provider: vertex-ai
2026-09-07 21:52:50,980 INFO google_genai.models: AFC is enabled with max remote calls: 10.
2026-09-07 21:52:52,168 INFO httpx: HTTP Request: POST https://us-central1-aiplatform.googleapis.com/v1beta1/projects/project-bf21b155-6b73-4230-8ef/locations/us-central1/publishers/google/models/gemini-2.5-flash:generateContent "HTTP/1.1 200 OK"
2026-09-07 21:52:52,307 INFO crawler.llm.fallback: Gọi LLM provider: vertex-ai
2026-09-07 21:52:52,307 INFO google_genai.models: AFC is enabled with max remote calls: 10.
2026-09-07 21:52:52,603 INFO httpx: HTTP Request: POST https://us-central1-aiplatform.googleapis.com/v1beta1/projects/project-bf21b155-6b73-4230-8ef/locations/us-central1/publishers/google/models/gemini-2.5-flash:generateContent "HTTP/1.1 429 Too Many Requests"
2026-09-07 21:52:52,606 WARNING crawler.llm.vertex_provider: Vertex AI lỗi tạm thời (lần 1/6), đợi 2.9s rồi thử lại: 429 RESOURCE_EXHAUSTED. {'error': {'code': 429, 'message': 'Resource exhausted. Please try again later. Please refer to 
2026-09-07 21:52:55,536 INFO google_genai.models: AFC is enabled with max remote calls: 10.
2026-09-07 21:52:56,601 INFO google_genai.models: AFC is enabled with max remote calls: 10.
2026-09-07 21:52:56,730 INFO httpx: HTTP Request: POST https://us-central1-aiplatform.googleapis.com/v1beta1/projects/project-bf21b155-6b73-4230-8ef/locations/us-central1/publishers/google/models/gemini-2.5-flash:generateContent "HTTP/1.1 200 OK"
2026-09-07 21:52:56,856 INFO crawler.llm.fallback: Gọi LLM provider: vertex-ai
2026-09-07 21:52:56,856 INFO google_genai.models: AFC is enabled with max remote calls: 10.
2026-09-07 21:52:57,904 INFO httpx: HTTP Request: POST https://us-central1-aiplatform.googleapis.com/v1beta1/projects/project-bf21b155-6b73-4230-8ef/locations/us-central1/publishers/google/models/gemini-2.5-flash:generateContent "HTTP/1.1 200 OK"
2026-09-07 21:52:58,226 INFO crawler.llm.fallback: Gọi LLM provider: vertex-ai
2026-09-07 21:52:58,226 INFO google_genai.models: AFC is enabled with max remote calls: 10.
2026-09-07 21:52:59,034 INFO httpx: HTTP Request: POST https://us-central1-aiplatform.googleapis.com/v1beta1/projects/project-bf21b155-6b73-4230-8ef/locations/us-central1/publishers/google/models/gemini-2.5-flash:generateContent "HTTP/1.1 200 OK"
2026-09-07 21:52:59,209 INFO crawler.llm.fallback: Gọi LLM provider: vertex-ai
2026-09-07 21:52:59,209 INFO google_genai.models: AFC is enabled with max remote calls: 10.
2026-09-07 21:52:59,385 INFO httpx: HTTP Request: POST https://us-central1-aiplatform.googleapis.com/v1beta1/projects/project-bf21b155-6b73-4230-8ef/locations/us-central1/publishers/google/models/gemini-2.5-flash:generateContent "HTTP/1.1 200 OK"
2026-09-07 21:52:59,531 INFO crawler.llm.fallback: Gọi LLM provider: vertex-ai
2026-09-07 21:52:59,531 INFO google_genai.models: AFC is enabled with max remote calls: 10.
2026-09-07 21:53:00,576 INFO httpx: HTTP Request: POST https://us-central1-aiplatform.googleapis.com/v1beta1/projects/project-bf21b155-6b73-4230-8ef/locations/us-central1/publishers/google/models/gemini-2.5-flash:generateContent "HTTP/1.1 200 OK"
2026-09-07 21:53:00,713 INFO crawler.llm.fallback: Gọi LLM provider: vertex-ai
2026-09-07 21:53:00,713 INFO google_genai.models: AFC is enabled with max remote calls: 10.
2026-09-07 21:53:00,818 INFO httpx: HTTP Request: POST https://us-central1-aiplatform.googleapis.com/v1beta1/projects/project-bf21b155-6b73-4230-8ef/locations/us-central1/publishers/google/models/gemini-2.5-flash:generateContent "HTTP/1.1 200 OK"
2026-09-07 21:53:01,041 INFO crawler.llm.fallback: Gọi LLM provider: vertex-ai
2026-09-07 21:53:01,041 INFO google_genai.models: AFC is enabled with max remote calls: 10.
2026-09-07 21:53:02,182 INFO httpx: HTTP Request: POST https://us-central1-aiplatform.googleapis.com/v1beta1/projects/project-bf21b155-6b73-4230-8ef/locations/us-central1/publishers/google/models/gemini-2.5-flash:generateContent "HTTP/1.1 200 OK"
2026-09-07 21:53:02,192 INFO httpx: HTTP Request: POST https://us-central1-aiplatform.googleapis.com/v1beta1/projects/project-bf21b155-6b73-4230-8ef/locations/us-central1/publishers/google/models/gemini-2.5-flash:generateContent "HTTP/1.1 200 OK"
2026-09-07 21:53:02,427 INFO crawler.llm.fallback: Gọi LLM provider: vertex-ai
2026-09-07 21:53:02,427 INFO google_genai.models: AFC is enabled with max remote calls: 10.
2026-09-07 21:53:02,433 INFO crawler.llm.fallback: Gọi LLM provider: vertex-ai
2026-09-07 21:53:02,434 INFO google_genai.models: AFC is enabled with max remote calls: 10.
2026-09-07 21:53:03,498 INFO google_genai.models: AFC is enabled with max remote calls: 10.
2026-09-07 21:53:03,557 INFO httpx: HTTP Request: POST https://us-central1-aiplatform.googleapis.com/v1beta1/projects/project-bf21b155-6b73-4230-8ef/locations/us-central1/publishers/google/models/gemini-2.5-flash:generateContent "HTTP/1.1 200 OK"
2026-09-07 21:53:03,669 INFO crawler.llm.fallback: Gọi LLM provider: vertex-ai
2026-09-07 21:53:03,669 INFO google_genai.models: AFC is enabled with max remote calls: 10.
2026-09-07 21:53:03,716 INFO httpx: HTTP Request: POST https://us-central1-aiplatform.googleapis.com/v1beta1/projects/project-bf21b155-6b73-4230-8ef/locations/us-central1/publishers/google/models/gemini-2.5-flash:generateContent "HTTP/1.1 200 OK"
2026-09-07 21:53:03,825 INFO crawler.llm.fallback: Gọi LLM provider: vertex-ai
2026-09-07 21:53:03,825 INFO google_genai.models: AFC is enabled with max remote calls: 10.
2026-09-07 21:53:04,878 INFO httpx: HTTP Request: POST https://us-central1-aiplatform.googleapis.com/v1beta1/projects/project-bf21b155-6b73-4230-8ef/locations/us-central1/publishers/google/models/gemini-2.5-flash:generateContent "HTTP/1.1 429 Too Many Requests"
2026-09-07 21:53:04,880 WARNING crawler.llm.vertex_provider: Vertex AI lỗi tạm thời (lần 5/6), đợi 33.0s rồi thử lại: 429 RESOURCE_EXHAUSTED. {'error': {'code': 429, 'message': 'Resource exhausted. Please try again later. Please refer to 
2026-09-07 21:53:04,923 INFO httpx: HTTP Request: POST https://us-central1-aiplatform.googleapis.com/v1beta1/projects/project-bf21b155-6b73-4230-8ef/locations/us-central1/publishers/google/models/gemini-2.5-flash:generateContent "HTTP/1.1 200 OK"
2026-09-07 21:53:05,213 INFO google_genai.models: AFC is enabled with max remote calls: 10.
2026-09-07 21:53:05,214 INFO httpx: HTTP Request: POST https://us-central1-aiplatform.googleapis.com/v1beta1/projects/project-bf21b155-6b73-4230-8ef/locations/us-central1/publishers/google/models/gemini-2.5-flash:generateContent "HTTP/1.1 200 OK"
2026-09-07 21:53:05,288 INFO crawler.llm.fallback: Gọi LLM provider: vertex-ai
2026-09-07 21:53:05,289 INFO google_genai.models: AFC is enabled with max remote calls: 10.
2026-09-07 21:53:05,360 INFO crawler.llm.fallback: Gọi LLM provider: vertex-ai
2026-09-07 21:53:05,360 INFO google_genai.models: AFC is enabled with max remote calls: 10.
2026-09-07 21:53:05,595 INFO httpx: HTTP Request: POST https://us-central1-aiplatform.googleapis.com/v1beta1/projects/project-bf21b155-6b73-4230-8ef/locations/us-central1/publishers/google/models/gemini-2.5-flash:generateContent "HTTP/1.1 429 Too Many Requests"
2026-09-07 21:53:05,597 WARNING crawler.llm.vertex_provider: Vertex AI lỗi tạm thời (lần 1/6), đợi 2.3s rồi thử lại: 429 RESOURCE_EXHAUSTED. {'error': {'code': 429, 'message': 'Resource exhausted. Please try again later. Please refer to 
2026-09-07 21:53:05,650 INFO httpx: HTTP Request: POST https://us-central1-aiplatform.googleapis.com/v1beta1/projects/project-bf21b155-6b73-4230-8ef/locations/us-central1/publishers/google/models/gemini-2.5-flash:generateContent "HTTP/1.1 429 Too Many Requests"
2026-09-07 21:53:05,655 WARNING crawler.llm.vertex_provider: Vertex AI lỗi tạm thời (lần 1/6), đợi 3.0s rồi thử lại: 429 RESOURCE_EXHAUSTED. {'error': {'code': 429, 'message': 'Resource exhausted. Please try again later. Please refer to 
2026-09-07 21:53:06,476 INFO httpx: HTTP Request: POST https://us-central1-aiplatform.googleapis.com/v1beta1/projects/project-bf21b155-6b73-4230-8ef/locations/us-central1/publishers/google/models/gemini-2.5-flash:generateContent "HTTP/1.1 200 OK"
2026-09-07 21:53:06,589 INFO crawler.llm.fallback: Gọi LLM provider: vertex-ai
2026-09-07 21:53:06,589 INFO google_genai.models: AFC is enabled with max remote calls: 10.
2026-09-07 21:53:07,883 INFO google_genai.models: AFC is enabled with max remote calls: 10.
2026-09-07 21:53:08,141 INFO httpx: HTTP Request: POST https://us-central1-aiplatform.googleapis.com/v1beta1/projects/project-bf21b155-6b73-4230-8ef/locations/us-central1/publishers/google/models/gemini-2.5-flash:generateContent "HTTP/1.1 200 OK"
2026-09-07 21:53:08,220 INFO httpx: HTTP Request: POST https://us-central1-aiplatform.googleapis.com/v1beta1/projects/project-bf21b155-6b73-4230-8ef/locations/us-central1/publishers/google/models/gemini-2.5-flash:generateContent "HTTP/1.1 429 Too Many Requests"
2026-09-07 21:53:08,221 WARNING crawler.llm.vertex_provider: Vertex AI lỗi tạm thời (lần 2/6), đợi 4.9s rồi thử lại: 429 RESOURCE_EXHAUSTED. {'error': {'code': 429, 'message': 'Resource exhausted. Please try again later. Please refer to 
2026-09-07 21:53:08,246 INFO crawler.llm.fallback: Gọi LLM provider: vertex-ai
2026-09-07 21:53:08,246 INFO google_genai.models: AFC is enabled with max remote calls: 10.
2026-09-07 21:53:08,620 INFO google_genai.models: AFC is enabled with max remote calls: 10.
2026-09-07 21:53:09,486 INFO httpx: HTTP Request: POST https://us-central1-aiplatform.googleapis.com/v1beta1/projects/project-bf21b155-6b73-4230-8ef/locations/us-central1/publishers/google/models/gemini-2.5-flash:generateContent "HTTP/1.1 200 OK"
2026-09-07 21:53:09,593 INFO crawler.llm.fallback: Gọi LLM provider: vertex-ai
2026-09-07 21:53:09,593 INFO google_genai.models: AFC is enabled with max remote calls: 10.
2026-09-07 21:53:10,190 INFO httpx: HTTP Request: POST https://us-central1-aiplatform.googleapis.com/v1beta1/projects/project-bf21b155-6b73-4230-8ef/locations/us-central1/publishers/google/models/gemini-2.5-flash:generateContent "HTTP/1.1 200 OK"
2026-09-07 21:53:10,309 INFO crawler.llm.fallback: Gọi LLM provider: vertex-ai
2026-09-07 21:53:10,309 INFO google_genai.models: AFC is enabled with max remote calls: 10.
2026-09-07 21:53:10,644 INFO httpx: HTTP Request: POST https://us-central1-aiplatform.googleapis.com/v1beta1/projects/project-bf21b155-6b73-4230-8ef/locations/us-central1/publishers/google/models/gemini-2.5-flash:generateContent "HTTP/1.1 429 Too Many Requests"
2026-09-07 21:53:10,645 WARNING crawler.llm.vertex_provider: Vertex AI lỗi tạm thời (lần 1/6), đợi 2.1s rồi thử lại: 429 RESOURCE_EXHAUSTED. {'error': {'code': 429, 'message': 'Resource exhausted. Please try again later. Please refer to 
2026-09-07 21:53:11,432 INFO httpx: HTTP Request: POST https://us-central1-aiplatform.googleapis.com/v1beta1/projects/project-bf21b155-6b73-4230-8ef/locations/us-central1/publishers/google/models/gemini-2.5-flash:generateContent "HTTP/1.1 200 OK"
2026-09-07 21:53:11,543 INFO crawler.llm.fallback: Gọi LLM provider: vertex-ai
2026-09-07 21:53:11,544 INFO google_genai.models: AFC is enabled with max remote calls: 10.
2026-09-07 21:53:11,943 INFO httpx: HTTP Request: POST https://us-central1-aiplatform.googleapis.com/v1beta1/projects/project-bf21b155-6b73-4230-8ef/locations/us-central1/publishers/google/models/gemini-2.5-flash:generateContent "HTTP/1.1 429 Too Many Requests"
2026-09-07 21:53:11,945 WARNING crawler.llm.vertex_provider: Vertex AI lỗi tạm thời (lần 1/6), đợi 2.0s rồi thử lại: 429 RESOURCE_EXHAUSTED. {'error': {'code': 429, 'message': 'Resource exhausted. Please try again later. Please refer to 
2026-09-07 21:53:12,761 INFO google_genai.models: AFC is enabled with max remote calls: 10.
2026-09-07 21:53:13,053 INFO httpx: HTTP Request: POST https://us-central1-aiplatform.googleapis.com/v1beta1/projects/project-bf21b155-6b73-4230-8ef/locations/us-central1/publishers/google/models/gemini-2.5-flash:generateContent "HTTP/1.1 429 Too Many Requests"
2026-09-07 21:53:13,057 WARNING crawler.llm.vertex_provider: Vertex AI lỗi tạm thời (lần 2/6), đợi 4.2s rồi thử lại: 429 RESOURCE_EXHAUSTED. {'error': {'code': 429, 'message': 'Resource exhausted. Please try again later. Please refer to 
2026-09-07 21:53:13,143 INFO google_genai.models: AFC is enabled with max remote calls: 10.
2026-09-07 21:53:13,443 INFO httpx: HTTP Request: POST https://us-central1-aiplatform.googleapis.com/v1beta1/projects/project-bf21b155-6b73-4230-8ef/locations/us-central1/publishers/google/models/gemini-2.5-flash:generateContent "HTTP/1.1 429 Too Many Requests"
2026-09-07 21:53:13,446 WARNING crawler.llm.vertex_provider: Vertex AI lỗi tạm thời (lần 3/6), đợi 8.3s rồi thử lại: 429 RESOURCE_EXHAUSTED. {'error': {'code': 429, 'message': 'Resource exhausted. Please try again later. Please refer to 
2026-09-07 21:53:13,951 INFO google_genai.models: AFC is enabled with max remote calls: 10.
2026-09-07 21:53:14,284 INFO httpx: HTTP Request: POST https://us-central1-aiplatform.googleapis.com/v1beta1/projects/project-bf21b155-6b73-4230-8ef/locations/us-central1/publishers/google/models/gemini-2.5-flash:generateContent "HTTP/1.1 429 Too Many Requests"
2026-09-07 21:53:14,285 WARNING crawler.llm.vertex_provider: Vertex AI lỗi tạm thời (lần 2/6), đợi 4.7s rồi thử lại: 429 RESOURCE_EXHAUSTED. {'error': {'code': 429, 'message': 'Resource exhausted. Please try again later. Please refer to 
2026-09-07 21:53:17,282 INFO google_genai.models: AFC is enabled with max remote calls: 10.
2026-09-07 21:53:17,580 INFO httpx: HTTP Request: POST https://us-central1-aiplatform.googleapis.com/v1beta1/projects/project-bf21b155-6b73-4230-8ef/locations/us-central1/publishers/google/models/gemini-2.5-flash:generateContent "HTTP/1.1 429 Too Many Requests"
2026-09-07 21:53:17,585 WARNING crawler.llm.vertex_provider: Vertex AI lỗi tạm thời (lần 3/6), đợi 8.5s rồi thử lại: 429 RESOURCE_EXHAUSTED. {'error': {'code': 429, 'message': 'Resource exhausted. Please try again later. Please refer to 
2026-09-07 21:53:19,002 INFO google_genai.models: AFC is enabled with max remote calls: 10.
2026-09-07 21:53:19,316 INFO httpx: HTTP Request: POST https://us-central1-aiplatform.googleapis.com/v1beta1/projects/project-bf21b155-6b73-4230-8ef/locations/us-central1/publishers/google/models/gemini-2.5-flash:generateContent "HTTP/1.1 429 Too Many Requests"
2026-09-07 21:53:19,318 WARNING crawler.llm.vertex_provider: Vertex AI lỗi tạm thời (lần 3/6), đợi 8.8s rồi thử lại: 429 RESOURCE_EXHAUSTED. {'error': {'code': 429, 'message': 'Resource exhausted. Please try again later. Please refer to 
2026-09-07 21:53:21,699 INFO google_genai.models: AFC is enabled with max remote calls: 10.
2026-09-07 21:53:22,081 INFO httpx: HTTP Request: POST https://us-central1-aiplatform.googleapis.com/v1beta1/projects/project-bf21b155-6b73-4230-8ef/locations/us-central1/publishers/google/models/gemini-2.5-flash:generateContent "HTTP/1.1 429 Too Many Requests"
2026-09-07 21:53:22,083 WARNING crawler.llm.vertex_provider: Vertex AI lỗi tạm thời (lần 4/6), đợi 16.2s rồi thử lại: 429 RESOURCE_EXHAUSTED. {'error': {'code': 429, 'message': 'Resource exhausted. Please try again later. Please refer to 
2026-09-07 21:53:26,065 INFO google_genai.models: AFC is enabled with max remote calls: 10.
2026-09-07 21:53:26,363 INFO httpx: HTTP Request: POST https://us-central1-aiplatform.googleapis.com/v1beta1/projects/project-bf21b155-6b73-4230-8ef/locations/us-central1/publishers/google/models/gemini-2.5-flash:generateContent "HTTP/1.1 429 Too Many Requests"
2026-09-07 21:53:26,368 WARNING crawler.llm.vertex_provider: Vertex AI lỗi tạm thời (lần 4/6), đợi 16.2s rồi thử lại: 429 RESOURCE_EXHAUSTED. {'error': {'code': 429, 'message': 'Resource exhausted. Please try again later. Please refer to 
2026-09-07 21:53:28,159 INFO google_genai.models: AFC is enabled with max remote calls: 10.
2026-09-07 21:53:28,461 INFO httpx: HTTP Request: POST https://us-central1-aiplatform.googleapis.com/v1beta1/projects/project-bf21b155-6b73-4230-8ef/locations/us-central1/publishers/google/models/gemini-2.5-flash:generateContent "HTTP/1.1 429 Too Many Requests"
2026-09-07 21:53:28,466 WARNING crawler.llm.vertex_provider: Vertex AI lỗi tạm thời (lần 4/6), đợi 16.6s rồi thử lại: 429 RESOURCE_EXHAUSTED. {'error': {'code': 429, 'message': 'Resource exhausted. Please try again later. Please refer to 
2026-09-07 21:53:37,875 INFO google_genai.models: AFC is enabled with max remote calls: 10.
2026-09-07 21:53:38,277 INFO google_genai.models: AFC is enabled with max remote calls: 10.
2026-09-07 21:53:39,181 INFO httpx: HTTP Request: POST https://us-central1-aiplatform.googleapis.com/v1beta1/projects/project-bf21b155-6b73-4230-8ef/locations/us-central1/publishers/google/models/gemini-2.5-flash:generateContent "HTTP/1.1 429 Too Many Requests"
2026-09-07 21:53:39,182 WARNING crawler.llm.fallback: Provider vertex-ai thất bại (Vertex AI lỗi: 429 RESOURCE_EXHAUSTED. {'error': {'code': 429, 'message': 'Resource exhausted. Please try again later. Please refer to https://cloud.google.com/vertex-ai/generative-ai/docs/error-code-429 for more details.', 'status': 'RESOURCE_EXHAUSTED'}}), chuyển sang provider tiếp theo
2026-09-07 21:53:39,182 INFO crawler.llm.fallback: Gọi LLM provider: deepseek
2026-09-07 21:53:39,592 INFO httpx: HTTP Request: POST https://us-central1-aiplatform.googleapis.com/v1beta1/projects/project-bf21b155-6b73-4230-8ef/locations/us-central1/publishers/google/models/gemini-2.5-flash:generateContent "HTTP/1.1 429 Too Many Requests"
2026-09-07 21:53:39,594 WARNING crawler.llm.vertex_provider: Vertex AI lỗi tạm thời (lần 5/6), đợi 32.6s rồi thử lại: 429 RESOURCE_EXHAUSTED. {'error': {'code': 429, 'message': 'Resource exhausted. Please try again later. Please refer to 
2026-09-07 21:53:39,676 INFO httpx2: HTTP Request: POST https://api.deepseek.com/chat/completions "HTTP/1.1 402 Payment Required"
2026-09-07 21:53:39,677 WARNING crawler.llm.fallback: Provider deepseek thất bại (DeepSeek lỗi: Error code: 402 - {'error': {'message': 'Insufficient Balance', 'type': 'unknown_error', 'param': None, 'code': 'invalid_request_error'}}), chuyển sang provider tiếp theo
2026-09-07 21:53:39,677 WARNING crawler.pipeline: Tầng 2 (LLM) thất bại cho https://duhal.com.vn/den-thoat-hiem-dang-trang-tri-3w-lsb001: Tất cả LLM provider đều thất bại: DeepSeek lỗi: Error code: 402 - {'error': {'message': 'Insufficient Balance', 'type': 'unknown_error', 'param': None, 'code': 'invalid_request_error'}}
2026-09-07 21:53:39,785 INFO crawler.llm.fallback: Gọi LLM provider: vertex-ai
2026-09-07 21:53:39,786 INFO google_genai.models: AFC is enabled with max remote calls: 10.
2026-09-07 21:53:40,104 INFO httpx: HTTP Request: POST https://us-central1-aiplatform.googleapis.com/v1beta1/projects/project-bf21b155-6b73-4230-8ef/locations/us-central1/publishers/google/models/gemini-2.5-flash:generateContent "HTTP/1.1 429 Too Many Requests"
2026-09-07 21:53:40,106 WARNING crawler.llm.vertex_provider: Vertex AI lỗi tạm thời (lần 1/6), đợi 2.7s rồi thử lại: 429 RESOURCE_EXHAUSTED. {'error': {'code': 429, 'message': 'Resource exhausted. Please try again later. Please refer to 
2026-09-07 21:53:42,542 INFO google_genai.models: AFC is enabled with max remote calls: 10.
2026-09-07 21:53:42,782 INFO google_genai.models: AFC is enabled with max remote calls: 10.
2026-09-07 21:53:42,851 INFO httpx: HTTP Request: POST https://us-central1-aiplatform.googleapis.com/v1beta1/projects/project-bf21b155-6b73-4230-8ef/locations/us-central1/publishers/google/models/gemini-2.5-flash:generateContent "HTTP/1.1 429 Too Many Requests"
2026-09-07 21:53:42,853 WARNING crawler.llm.vertex_provider: Vertex AI lỗi tạm thời (lần 5/6), đợi 32.7s rồi thử lại: 429 RESOURCE_EXHAUSTED. {'error': {'code': 429, 'message': 'Resource exhausted. Please try again later. Please refer to 
2026-09-07 21:53:43,088 INFO httpx: HTTP Request: POST https://us-central1-aiplatform.googleapis.com/v1beta1/projects/project-bf21b155-6b73-4230-8ef/locations/us-central1/publishers/google/models/gemini-2.5-flash:generateContent "HTTP/1.1 429 Too Many Requests"
2026-09-07 21:53:43,092 WARNING crawler.llm.vertex_provider: Vertex AI lỗi tạm thời (lần 2/6), đợi 4.1s rồi thử lại: 429 RESOURCE_EXHAUSTED. {'error': {'code': 429, 'message': 'Resource exhausted. Please try again later. Please refer to 
2026-09-07 21:53:45,096 INFO google_genai.models: AFC is enabled with max remote calls: 10.
2026-09-07 21:53:45,400 INFO httpx: HTTP Request: POST https://us-central1-aiplatform.googleapis.com/v1beta1/projects/project-bf21b155-6b73-4230-8ef/locations/us-central1/publishers/google/models/gemini-2.5-flash:generateContent "HTTP/1.1 429 Too Many Requests"
2026-09-07 21:53:45,401 WARNING crawler.llm.vertex_provider: Vertex AI lỗi tạm thời (lần 5/6), đợi 32.0s rồi thử lại: 429 RESOURCE_EXHAUSTED. {'error': {'code': 429, 'message': 'Resource exhausted. Please try again later. Please refer to 
2026-09-07 21:53:47,158 INFO google_genai.models: AFC is enabled with max remote calls: 10.
2026-09-07 21:53:47,457 INFO httpx: HTTP Request: POST https://us-central1-aiplatform.googleapis.com/v1beta1/projects/project-bf21b155-6b73-4230-8ef/locations/us-central1/publishers/google/models/gemini-2.5-flash:generateContent "HTTP/1.1 429 Too Many Requests"
2026-09-07 21:53:47,459 WARNING crawler.llm.vertex_provider: Vertex AI lỗi tạm thời (lần 3/6), đợi 9.0s rồi thử lại: 429 RESOURCE_EXHAUSTED. {'error': {'code': 429, 'message': 'Resource exhausted. Please try again later. Please refer to 
2026-09-07 21:53:56,418 INFO google_genai.models: AFC is enabled with max remote calls: 10.
2026-09-07 21:53:58,636 INFO httpx: HTTP Request: POST https://us-central1-aiplatform.googleapis.com/v1beta1/projects/project-bf21b155-6b73-4230-8ef/locations/us-central1/publishers/google/models/gemini-2.5-flash:generateContent "HTTP/1.1 200 OK"
2026-09-07 21:53:58,740 INFO crawler.llm.fallback: Gọi LLM provider: vertex-ai
2026-09-07 21:53:58,740 INFO google_genai.models: AFC is enabled with max remote calls: 10.
2026-09-07 21:54:00,499 INFO httpx: HTTP Request: POST https://us-central1-aiplatform.googleapis.com/v1beta1/projects/project-bf21b155-6b73-4230-8ef/locations/us-central1/publishers/google/models/gemini-2.5-flash:generateContent "HTTP/1.1 200 OK"
2026-09-07 21:54:00,811 INFO crawler.llm.fallback: Gọi LLM provider: vertex-ai
2026-09-07 21:54:00,811 INFO google_genai.models: AFC is enabled with max remote calls: 10.
2026-09-07 21:54:02,326 INFO httpx: HTTP Request: POST https://us-central1-aiplatform.googleapis.com/v1beta1/projects/project-bf21b155-6b73-4230-8ef/locations/us-central1/publishers/google/models/gemini-2.5-flash:generateContent "HTTP/1.1 200 OK"
2026-09-07 21:54:02,460 INFO crawler.llm.fallback: Gọi LLM provider: vertex-ai
2026-09-07 21:54:02,460 INFO google_genai.models: AFC is enabled with max remote calls: 10.
2026-09-07 21:54:03,963 INFO httpx: HTTP Request: POST https://us-central1-aiplatform.googleapis.com/v1beta1/projects/project-bf21b155-6b73-4230-8ef/locations/us-central1/publishers/google/models/gemini-2.5-flash:generateContent "HTTP/1.1 200 OK"
2026-09-07 21:54:04,124 INFO crawler.llm.fallback: Gọi LLM provider: vertex-ai
2026-09-07 21:54:04,124 INFO google_genai.models: AFC is enabled with max remote calls: 10.
2026-09-07 21:54:06,494 INFO httpx: HTTP Request: POST https://us-central1-aiplatform.googleapis.com/v1beta1/projects/project-bf21b155-6b73-4230-8ef/locations/us-central1/publishers/google/models/gemini-2.5-flash:generateContent "HTTP/1.1 200 OK"
2026-09-07 21:54:06,610 INFO crawler.llm.fallback: Gọi LLM provider: vertex-ai
2026-09-07 21:54:06,610 INFO google_genai.models: AFC is enabled with max remote calls: 10.
2026-09-07 21:54:07,913 INFO httpx: HTTP Request: POST https://us-central1-aiplatform.googleapis.com/v1beta1/projects/project-bf21b155-6b73-4230-8ef/locations/us-central1/publishers/google/models/gemini-2.5-flash:generateContent "HTTP/1.1 200 OK"
2026-09-07 21:54:08,038 INFO crawler.llm.fallback: Gọi LLM provider: vertex-ai
2026-09-07 21:54:08,039 INFO google_genai.models: AFC is enabled with max remote calls: 10.
2026-09-07 21:54:12,176 INFO google_genai.models: AFC is enabled with max remote calls: 10.
2026-09-07 21:54:12,499 INFO httpx: HTTP Request: POST https://us-central1-aiplatform.googleapis.com/v1beta1/projects/project-bf21b155-6b73-4230-8ef/locations/us-central1/publishers/google/models/gemini-2.5-flash:generateContent "HTTP/1.1 200 OK"
2026-09-07 21:54:12,613 INFO crawler.llm.fallback: Gọi LLM provider: vertex-ai
2026-09-07 21:54:12,613 INFO google_genai.models: AFC is enabled with max remote calls: 10.
2026-09-07 21:54:13,870 INFO httpx: HTTP Request: POST https://us-central1-aiplatform.googleapis.com/v1beta1/projects/project-bf21b155-6b73-4230-8ef/locations/us-central1/publishers/google/models/gemini-2.5-flash:generateContent "HTTP/1.1 200 OK"
2026-09-07 21:54:13,983 INFO crawler.llm.fallback: Gọi LLM provider: vertex-ai
2026-09-07 21:54:13,983 INFO google_genai.models: AFC is enabled with max remote calls: 10.
2026-09-07 21:54:14,512 INFO httpx: HTTP Request: POST https://us-central1-aiplatform.googleapis.com/v1beta1/projects/project-bf21b155-6b73-4230-8ef/locations/us-central1/publishers/google/models/gemini-2.5-flash:generateContent "HTTP/1.1 200 OK"
2026-09-07 21:54:14,623 INFO crawler.llm.fallback: Gọi LLM provider: vertex-ai
2026-09-07 21:54:14,623 INFO google_genai.models: AFC is enabled with max remote calls: 10.
2026-09-07 21:54:15,340 INFO httpx: HTTP Request: POST https://us-central1-aiplatform.googleapis.com/v1beta1/projects/project-bf21b155-6b73-4230-8ef/locations/us-central1/publishers/google/models/gemini-2.5-flash:generateContent "HTTP/1.1 200 OK"
2026-09-07 21:54:15,443 INFO crawler.llm.fallback: Gọi LLM provider: vertex-ai
2026-09-07 21:54:15,444 INFO google_genai.models: AFC is enabled with max remote calls: 10.
2026-09-07 21:54:15,573 INFO google_genai.models: AFC is enabled with max remote calls: 10.
2026-09-07 21:54:16,044 INFO httpx: HTTP Request: POST https://us-central1-aiplatform.googleapis.com/v1beta1/projects/project-bf21b155-6b73-4230-8ef/locations/us-central1/publishers/google/models/gemini-2.5-flash:generateContent "HTTP/1.1 200 OK"
2026-09-07 21:54:16,150 INFO crawler.llm.fallback: Gọi LLM provider: vertex-ai
2026-09-07 21:54:16,150 INFO google_genai.models: AFC is enabled with max remote calls: 10.
2026-09-07 21:54:16,473 INFO httpx: HTTP Request: POST https://us-central1-aiplatform.googleapis.com/v1beta1/projects/project-bf21b155-6b73-4230-8ef/locations/us-central1/publishers/google/models/gemini-2.5-flash:generateContent "HTTP/1.1 429 Too Many Requests"
2026-09-07 21:54:16,475 WARNING crawler.llm.vertex_provider: Vertex AI lỗi tạm thời (lần 1/6), đợi 2.4s rồi thử lại: 429 RESOURCE_EXHAUSTED. {'error': {'code': 429, 'message': 'Resource exhausted. Please try again later. Please refer to 
2026-09-07 21:54:17,068 INFO httpx: HTTP Request: POST https://us-central1-aiplatform.googleapis.com/v1beta1/projects/project-bf21b155-6b73-4230-8ef/locations/us-central1/publishers/google/models/gemini-2.5-flash:generateContent "HTTP/1.1 200 OK"
2026-09-07 21:54:17,071 INFO crawler.llm.validate: Bỏ tag không có căn cứ trong nguồn: quy_cach='null'
2026-09-07 21:54:17,310 WARNING crawler.pipeline: Fetch thất bại cho https://duhal.com.vn/mang-den-phan-quang-lap-noi-2x9w-tdn6209: None
2026-09-07 21:54:17,372 INFO crawler.llm.fallback: Gọi LLM provider: vertex-ai
2026-09-07 21:54:17,373 INFO google_genai.models: AFC is enabled with max remote calls: 10.
2026-09-07 21:54:17,427 INFO google_genai.models: AFC is enabled with max remote calls: 10.
2026-09-07 21:54:17,686 INFO httpx: HTTP Request: POST https://us-central1-aiplatform.googleapis.com/v1beta1/projects/project-bf21b155-6b73-4230-8ef/locations/us-central1/publishers/google/models/gemini-2.5-flash:generateContent "HTTP/1.1 200 OK"
2026-09-07 21:54:17,705 INFO httpx: HTTP Request: POST https://us-central1-aiplatform.googleapis.com/v1beta1/projects/project-bf21b155-6b73-4230-8ef/locations/us-central1/publishers/google/models/gemini-2.5-flash:generateContent "HTTP/1.1 429 Too Many Requests"
2026-09-07 21:54:17,706 WARNING crawler.llm.vertex_provider: Vertex AI lỗi tạm thời (lần 1/6), đợi 2.4s rồi thử lại: 429 RESOURCE_EXHAUSTED. {'error': {'code': 429, 'message': 'Resource exhausted. Please try again later. Please refer to 
2026-09-07 21:54:17,755 INFO httpx: HTTP Request: POST https://us-central1-aiplatform.googleapis.com/v1beta1/projects/project-bf21b155-6b73-4230-8ef/locations/us-central1/publishers/google/models/gemini-2.5-flash:generateContent "HTTP/1.1 429 Too Many Requests"
2026-09-07 21:54:17,761 WARNING crawler.llm.fallback: Provider vertex-ai thất bại (Vertex AI lỗi: 429 RESOURCE_EXHAUSTED. {'error': {'code': 429, 'message': 'Resource exhausted. Please try again later. Please refer to https://cloud.google.com/vertex-ai/generative-ai/docs/error-code-429 for more details.', 'status': 'RESOURCE_EXHAUSTED'}}), chuyển sang provider tiếp theo
2026-09-07 21:54:17,761 INFO crawler.llm.fallback: Gọi LLM provider: deepseek
2026-09-07 21:54:17,805 INFO crawler.llm.fallback: Gọi LLM provider: vertex-ai
2026-09-07 21:54:17,805 INFO google_genai.models: AFC is enabled with max remote calls: 10.
2026-09-07 21:54:18,300 INFO httpx2: HTTP Request: POST https://api.deepseek.com/chat/completions "HTTP/1.1 402 Payment Required"
2026-09-07 21:54:18,301 WARNING crawler.llm.fallback: Provider deepseek thất bại (DeepSeek lỗi: Error code: 402 - {'error': {'message': 'Insufficient Balance', 'type': 'unknown_error', 'param': None, 'code': 'invalid_request_error'}}), chuyển sang provider tiếp theo
2026-09-07 21:54:18,301 WARNING crawler.pipeline: Tầng 2 (LLM) thất bại cho https://duhal.com.vn/led-day-kieu-neon-be-goc-hai-chieu-doi-mau-6wm-nergb01: Tất cả LLM provider đều thất bại: DeepSeek lỗi: Error code: 402 - {'error': {'message': 'Insufficient Balance', 'type': 'unknown_error', 'param': None, 'code': 'invalid_request_error'}}
2026-09-07 21:54:18,413 INFO crawler.llm.fallback: Gọi LLM provider: vertex-ai
2026-09-07 21:54:18,414 INFO google_genai.models: AFC is enabled with max remote calls: 10.
2026-09-07 21:54:18,524 INFO httpx: HTTP Request: POST https://us-central1-aiplatform.googleapis.com/v1beta1/projects/project-bf21b155-6b73-4230-8ef/locations/us-central1/publishers/google/models/gemini-2.5-flash:generateContent "HTTP/1.1 429 Too Many Requests"
2026-09-07 21:54:18,525 WARNING crawler.llm.vertex_provider: Vertex AI lỗi tạm thời (lần 1/6), đợi 2.7s rồi thử lại: 429 RESOURCE_EXHAUSTED. {'error': {'code': 429, 'message': 'Resource exhausted. Please try again later. Please refer to 
2026-09-07 21:54:18,812 INFO httpx: HTTP Request: POST https://us-central1-aiplatform.googleapis.com/v1beta1/projects/project-bf21b155-6b73-4230-8ef/locations/us-central1/publishers/google/models/gemini-2.5-flash:generateContent "HTTP/1.1 429 Too Many Requests"
2026-09-07 21:54:18,813 WARNING crawler.llm.vertex_provider: Vertex AI lỗi tạm thời (lần 1/6), đợi 2.3s rồi thử lại: 429 RESOURCE_EXHAUSTED. {'error': {'code': 429, 'message': 'Resource exhausted. Please try again later. Please refer to 
2026-09-07 21:54:18,897 INFO google_genai.models: AFC is enabled with max remote calls: 10.
2026-09-07 21:54:19,209 INFO httpx: HTTP Request: POST https://us-central1-aiplatform.googleapis.com/v1beta1/projects/project-bf21b155-6b73-4230-8ef/locations/us-central1/publishers/google/models/gemini-2.5-flash:generateContent "HTTP/1.1 429 Too Many Requests"
2026-09-07 21:54:19,211 WARNING crawler.llm.vertex_provider: Vertex AI lỗi tạm thời (lần 2/6), đợi 4.1s rồi thử lại: 429 RESOURCE_EXHAUSTED. {'error': {'code': 429, 'message': 'Resource exhausted. Please try again later. Please refer to 
2026-09-07 21:54:20,084 INFO google_genai.models: AFC is enabled with max remote calls: 10.
2026-09-07 21:54:21,090 INFO google_genai.models: AFC is enabled with max remote calls: 10.
2026-09-07 21:54:21,273 INFO google_genai.models: AFC is enabled with max remote calls: 10.
2026-09-07 21:54:21,426 INFO httpx: HTTP Request: POST https://us-central1-aiplatform.googleapis.com/v1beta1/projects/project-bf21b155-6b73-4230-8ef/locations/us-central1/publishers/google/models/gemini-2.5-flash:generateContent "HTTP/1.1 429 Too Many Requests"
2026-09-07 21:54:21,427 WARNING crawler.llm.vertex_provider: Vertex AI lỗi tạm thời (lần 2/6), đợi 4.9s rồi thử lại: 429 RESOURCE_EXHAUSTED. {'error': {'code': 429, 'message': 'Resource exhausted. Please try again later. Please refer to 
2026-09-07 21:54:21,592 INFO httpx: HTTP Request: POST https://us-central1-aiplatform.googleapis.com/v1beta1/projects/project-bf21b155-6b73-4230-8ef/locations/us-central1/publishers/google/models/gemini-2.5-flash:generateContent "HTTP/1.1 429 Too Many Requests"
2026-09-07 21:54:21,594 WARNING crawler.llm.vertex_provider: Vertex AI lỗi tạm thời (lần 2/6), đợi 4.1s rồi thử lại: 429 RESOURCE_EXHAUSTED. {'error': {'code': 429, 'message': 'Resource exhausted. Please try again later. Please refer to 
2026-09-07 21:54:23,271 INFO google_genai.models: AFC is enabled with max remote calls: 10.
2026-09-07 21:54:24,752 INFO httpx: HTTP Request: POST https://us-central1-aiplatform.googleapis.com/v1beta1/projects/project-bf21b155-6b73-4230-8ef/locations/us-central1/publishers/google/models/gemini-2.5-flash:generateContent "HTTP/1.1 200 OK"
2026-09-07 21:54:24,859 INFO crawler.llm.fallback: Gọi LLM provider: vertex-ai
2026-09-07 21:54:24,859 INFO google_genai.models: AFC is enabled with max remote calls: 10.
2026-09-07 21:54:25,147 INFO httpx: HTTP Request: POST https://us-central1-aiplatform.googleapis.com/v1beta1/projects/project-bf21b155-6b73-4230-8ef/locations/us-central1/publishers/google/models/gemini-2.5-flash:generateContent "HTTP/1.1 429 Too Many Requests"
2026-09-07 21:54:25,148 WARNING crawler.llm.vertex_provider: Vertex AI lỗi tạm thời (lần 1/6), đợi 2.3s rồi thử lại: 429 RESOURCE_EXHAUSTED. {'error': {'code': 429, 'message': 'Resource exhausted. Please try again later. Please refer to 
2026-09-07 21:54:25,669 INFO google_genai.models: AFC is enabled with max remote calls: 10.
2026-09-07 21:54:26,083 INFO httpx: HTTP Request: POST https://us-central1-aiplatform.googleapis.com/v1beta1/projects/project-bf21b155-6b73-4230-8ef/locations/us-central1/publishers/google/models/gemini-2.5-flash:generateContent "HTTP/1.1 429 Too Many Requests"
2026-09-07 21:54:26,084 WARNING crawler.llm.vertex_provider: Vertex AI lỗi tạm thời (lần 3/6), đợi 8.8s rồi thử lại: 429 RESOURCE_EXHAUSTED. {'error': {'code': 429, 'message': 'Resource exhausted. Please try again later. Please refer to 
2026-09-07 21:54:26,280 INFO google_genai.models: AFC is enabled with max remote calls: 10.
2026-09-07 21:54:27,424 INFO google_genai.models: AFC is enabled with max remote calls: 10.
2026-09-07 21:54:27,926 INFO httpx: HTTP Request: POST https://us-central1-aiplatform.googleapis.com/v1beta1/projects/project-bf21b155-6b73-4230-8ef/locations/us-central1/publishers/google/models/gemini-2.5-flash:generateContent "HTTP/1.1 200 OK"
2026-09-07 21:54:27,963 INFO httpx: HTTP Request: POST https://us-central1-aiplatform.googleapis.com/v1beta1/projects/project-bf21b155-6b73-4230-8ef/locations/us-central1/publishers/google/models/gemini-2.5-flash:generateContent "HTTP/1.1 200 OK"
2026-09-07 21:54:27,966 INFO crawler.llm.validate: Bỏ tag không có căn cứ trong nguồn: quy_cach='null'
2026-09-07 21:54:28,102 INFO crawler.llm.fallback: Gọi LLM provider: vertex-ai
2026-09-07 21:54:28,102 INFO google_genai.models: AFC is enabled with max remote calls: 10.
2026-09-07 21:54:28,165 INFO crawler.llm.fallback: Gọi LLM provider: vertex-ai
2026-09-07 21:54:28,165 INFO google_genai.models: AFC is enabled with max remote calls: 10.
2026-09-07 21:54:28,524 INFO httpx: HTTP Request: POST https://us-central1-aiplatform.googleapis.com/v1beta1/projects/project-bf21b155-6b73-4230-8ef/locations/us-central1/publishers/google/models/gemini-2.5-flash:generateContent "HTTP/1.1 429 Too Many Requests"
2026-09-07 21:54:28,526 WARNING crawler.llm.vertex_provider: Vertex AI lỗi tạm thời (lần 1/6), đợi 3.0s rồi thử lại: 429 RESOURCE_EXHAUSTED. {'error': {'code': 429, 'message': 'Resource exhausted. Please try again later. Please refer to 
2026-09-07 21:54:28,682 INFO httpx: HTTP Request: POST https://us-central1-aiplatform.googleapis.com/v1beta1/projects/project-bf21b155-6b73-4230-8ef/locations/us-central1/publishers/google/models/gemini-2.5-flash:generateContent "HTTP/1.1 429 Too Many Requests"
2026-09-07 21:54:28,684 WARNING crawler.llm.vertex_provider: Vertex AI lỗi tạm thời (lần 2/6), đợi 4.0s rồi thử lại: 429 RESOURCE_EXHAUSTED. {'error': {'code': 429, 'message': 'Resource exhausted. Please try again later. Please refer to 
2026-09-07 21:54:29,548 INFO httpx: HTTP Request: POST https://us-central1-aiplatform.googleapis.com/v1beta1/projects/project-bf21b155-6b73-4230-8ef/locations/us-central1/publishers/google/models/gemini-2.5-flash:generateContent "HTTP/1.1 200 OK"
2026-09-07 21:54:29,657 INFO crawler.llm.fallback: Gọi LLM provider: vertex-ai
2026-09-07 21:54:29,657 INFO google_genai.models: AFC is enabled with max remote calls: 10.
2026-09-07 21:54:29,974 INFO httpx: HTTP Request: POST https://us-central1-aiplatform.googleapis.com/v1beta1/projects/project-bf21b155-6b73-4230-8ef/locations/us-central1/publishers/google/models/gemini-2.5-flash:generateContent "HTTP/1.1 429 Too Many Requests"
2026-09-07 21:54:29,975 WARNING crawler.llm.vertex_provider: Vertex AI lỗi tạm thời (lần 1/6), đợi 2.7s rồi thử lại: 429 RESOURCE_EXHAUSTED. {'error': {'code': 429, 'message': 'Resource exhausted. Please try again later. Please refer to 
2026-09-07 21:54:31,492 INFO google_genai.models: AFC is enabled with max remote calls: 10.
2026-09-07 21:54:31,799 INFO httpx: HTTP Request: POST https://us-central1-aiplatform.googleapis.com/v1beta1/projects/project-bf21b155-6b73-4230-8ef/locations/us-central1/publishers/google/models/gemini-2.5-flash:generateContent "HTTP/1.1 429 Too Many Requests"
2026-09-07 21:54:31,803 WARNING crawler.llm.vertex_provider: Vertex AI lỗi tạm thời (lần 2/6), đợi 4.8s rồi thử lại: 429 RESOURCE_EXHAUSTED. {'error': {'code': 429, 'message': 'Resource exhausted. Please try again later. Please refer to 
2026-09-07 21:54:32,662 INFO google_genai.models: AFC is enabled with max remote calls: 10.
2026-09-07 21:54:32,692 INFO google_genai.models: AFC is enabled with max remote calls: 10.
2026-09-07 21:54:33,046 INFO httpx: HTTP Request: POST https://us-central1-aiplatform.googleapis.com/v1beta1/projects/project-bf21b155-6b73-4230-8ef/locations/us-central1/publishers/google/models/gemini-2.5-flash:generateContent "HTTP/1.1 429 Too Many Requests"
2026-09-07 21:54:33,048 INFO httpx: HTTP Request: POST https://us-central1-aiplatform.googleapis.com/v1beta1/projects/project-bf21b155-6b73-4230-8ef/locations/us-central1/publishers/google/models/gemini-2.5-flash:generateContent "HTTP/1.1 429 Too Many Requests"
2026-09-07 21:54:33,050 WARNING crawler.llm.vertex_provider: Vertex AI lỗi tạm thời (lần 2/6), đợi 4.6s rồi thử lại: 429 RESOURCE_EXHAUSTED. {'error': {'code': 429, 'message': 'Resource exhausted. Please try again later. Please refer to 
2026-09-07 21:54:33,051 WARNING crawler.llm.vertex_provider: Vertex AI lỗi tạm thời (lần 3/6), đợi 8.9s rồi thử lại: 429 RESOURCE_EXHAUSTED. {'error': {'code': 429, 'message': 'Resource exhausted. Please try again later. Please refer to 
2026-09-07 21:54:34,882 INFO google_genai.models: AFC is enabled with max remote calls: 10.
2026-09-07 21:54:35,227 INFO httpx: HTTP Request: POST https://us-central1-aiplatform.googleapis.com/v1beta1/projects/project-bf21b155-6b73-4230-8ef/locations/us-central1/publishers/google/models/gemini-2.5-flash:generateContent "HTTP/1.1 429 Too Many Requests"
2026-09-07 21:54:35,228 WARNING crawler.llm.vertex_provider: Vertex AI lỗi tạm thời (lần 4/6), đợi 16.7s rồi thử lại: 429 RESOURCE_EXHAUSTED. {'error': {'code': 429, 'message': 'Resource exhausted. Please try again later. Please refer to 
2026-09-07 21:54:36,626 INFO google_genai.models: AFC is enabled with max remote calls: 10.
2026-09-07 21:54:37,039 INFO httpx: HTTP Request: POST https://us-central1-aiplatform.googleapis.com/v1beta1/projects/project-bf21b155-6b73-4230-8ef/locations/us-central1/publishers/google/models/gemini-2.5-flash:generateContent "HTTP/1.1 429 Too Many Requests"
2026-09-07 21:54:37,041 WARNING crawler.llm.vertex_provider: Vertex AI lỗi tạm thời (lần 3/6), đợi 8.6s rồi thử lại: 429 RESOURCE_EXHAUSTED. {'error': {'code': 429, 'message': 'Resource exhausted. Please try again later. Please refer to 
2026-09-07 21:54:37,622 INFO google_genai.models: AFC is enabled with max remote calls: 10.
2026-09-07 21:54:37,962 INFO httpx: HTTP Request: POST https://us-central1-aiplatform.googleapis.com/v1beta1/projects/project-bf21b155-6b73-4230-8ef/locations/us-central1/publishers/google/models/gemini-2.5-flash:generateContent "HTTP/1.1 429 Too Many Requests"
2026-09-07 21:54:37,963 WARNING crawler.llm.vertex_provider: Vertex AI lỗi tạm thời (lần 3/6), đợi 9.0s rồi thử lại: 429 RESOURCE_EXHAUSTED. {'error': {'code': 429, 'message': 'Resource exhausted. Please try again later. Please refer to 
2026-09-07 21:54:41,934 INFO google_genai.models: AFC is enabled with max remote calls: 10.
2026-09-07 21:54:42,228 INFO httpx: HTTP Request: POST https://us-central1-aiplatform.googleapis.com/v1beta1/projects/project-bf21b155-6b73-4230-8ef/locations/us-central1/publishers/google/models/gemini-2.5-flash:generateContent "HTTP/1.1 429 Too Many Requests"
2026-09-07 21:54:42,229 WARNING crawler.llm.vertex_provider: Vertex AI lỗi tạm thời (lần 4/6), đợi 16.1s rồi thử lại: 429 RESOURCE_EXHAUSTED. {'error': {'code': 429, 'message': 'Resource exhausted. Please try again later. Please refer to 
2026-09-07 21:54:45,599 INFO google_genai.models: AFC is enabled with max remote calls: 10.
2026-09-07 21:54:45,932 INFO httpx: HTTP Request: POST https://us-central1-aiplatform.googleapis.com/v1beta1/projects/project-bf21b155-6b73-4230-8ef/locations/us-central1/publishers/google/models/gemini-2.5-flash:generateContent "HTTP/1.1 429 Too Many Requests"
2026-09-07 21:54:45,933 WARNING crawler.llm.vertex_provider: Vertex AI lỗi tạm thời (lần 4/6), đợi 16.5s rồi thử lại: 429 RESOURCE_EXHAUSTED. {'error': {'code': 429, 'message': 'Resource exhausted. Please try again later. Please refer to 
2026-09-07 21:54:46,925 INFO google_genai.models: AFC is enabled with max remote calls: 10.
2026-09-07 21:54:47,260 INFO httpx: HTTP Request: POST https://us-central1-aiplatform.googleapis.com/v1beta1/projects/project-bf21b155-6b73-4230-8ef/locations/us-central1/publishers/google/models/gemini-2.5-flash:generateContent "HTTP/1.1 429 Too Many Requests"
2026-09-07 21:54:47,262 WARNING crawler.llm.vertex_provider: Vertex AI lỗi tạm thời (lần 4/6), đợi 16.9s rồi thử lại: 429 RESOURCE_EXHAUSTED. {'error': {'code': 429, 'message': 'Resource exhausted. Please try again later. Please refer to 
2026-09-07 21:54:51,975 INFO google_genai.models: AFC is enabled with max remote calls: 10.
2026-09-07 21:54:53,321 INFO httpx: HTTP Request: POST https://us-central1-aiplatform.googleapis.com/v1beta1/projects/project-bf21b155-6b73-4230-8ef/locations/us-central1/publishers/google/models/gemini-2.5-flash:generateContent "HTTP/1.1 200 OK"
2026-09-07 21:54:53,427 INFO crawler.llm.fallback: Gọi LLM provider: vertex-ai
2026-09-07 21:54:53,427 INFO google_genai.models: AFC is enabled with max remote calls: 10.
2026-09-07 21:54:53,763 INFO httpx: HTTP Request: POST https://us-central1-aiplatform.googleapis.com/v1beta1/projects/project-bf21b155-6b73-4230-8ef/locations/us-central1/publishers/google/models/gemini-2.5-flash:generateContent "HTTP/1.1 429 Too Many Requests"
2026-09-07 21:54:53,765 WARNING crawler.llm.vertex_provider: Vertex AI lỗi tạm thời (lần 1/6), đợi 2.1s rồi thử lại: 429 RESOURCE_EXHAUSTED. {'error': {'code': 429, 'message': 'Resource exhausted. Please try again later. Please refer to 
2026-09-07 21:54:55,874 INFO google_genai.models: AFC is enabled with max remote calls: 10.
2026-09-07 21:54:56,172 INFO httpx: HTTP Request: POST https://us-central1-aiplatform.googleapis.com/v1beta1/projects/project-bf21b155-6b73-4230-8ef/locations/us-central1/publishers/google/models/gemini-2.5-flash:generateContent "HTTP/1.1 429 Too Many Requests"
2026-09-07 21:54:56,174 WARNING crawler.llm.vertex_provider: Vertex AI lỗi tạm thời (lần 2/6), đợi 4.8s rồi thử lại: 429 RESOURCE_EXHAUSTED. {'error': {'code': 429, 'message': 'Resource exhausted. Please try again later. Please refer to 
2026-09-07 21:54:58,353 INFO google_genai.models: AFC is enabled with max remote calls: 10.
2026-09-07 21:54:58,748 INFO httpx: HTTP Request: POST https://us-central1-aiplatform.googleapis.com/v1beta1/projects/project-bf21b155-6b73-4230-8ef/locations/us-central1/publishers/google/models/gemini-2.5-flash:generateContent "HTTP/1.1 429 Too Many Requests"
2026-09-07 21:54:58,757 WARNING crawler.llm.vertex_provider: Vertex AI lỗi tạm thời (lần 5/6), đợi 33.0s rồi thử lại: 429 RESOURCE_EXHAUSTED. {'error': {'code': 429, 'message': 'Resource exhausted. Please try again later. Please refer to 
2026-09-07 21:55:00,946 INFO google_genai.models: AFC is enabled with max remote calls: 10.
2026-09-07 21:55:01,292 INFO httpx: HTTP Request: POST https://us-central1-aiplatform.googleapis.com/v1beta1/projects/project-bf21b155-6b73-4230-8ef/locations/us-central1/publishers/google/models/gemini-2.5-flash:generateContent "HTTP/1.1 429 Too Many Requests"
2026-09-07 21:55:01,294 WARNING crawler.llm.vertex_provider: Vertex AI lỗi tạm thời (lần 3/6), đợi 8.8s rồi thử lại: 429 RESOURCE_EXHAUSTED. {'error': {'code': 429, 'message': 'Resource exhausted. Please try again later. Please refer to 
2026-09-07 21:55:02,384 INFO google_genai.models: AFC is enabled with max remote calls: 10.
2026-09-07 21:55:04,140 INFO httpx: HTTP Request: POST https://us-central1-aiplatform.googleapis.com/v1beta1/projects/project-bf21b155-6b73-4230-8ef/locations/us-central1/publishers/google/models/gemini-2.5-flash:generateContent "HTTP/1.1 200 OK"
2026-09-07 21:55:04,162 INFO google_genai.models: AFC is enabled with max remote calls: 10.
2026-09-07 21:55:04,457 INFO crawler.llm.fallback: Gọi LLM provider: vertex-ai
2026-09-07 21:55:04,457 INFO google_genai.models: AFC is enabled with max remote calls: 10.
2026-09-07 21:55:04,471 INFO httpx: HTTP Request: POST https://us-central1-aiplatform.googleapis.com/v1beta1/projects/project-bf21b155-6b73-4230-8ef/locations/us-central1/publishers/google/models/gemini-2.5-flash:generateContent "HTTP/1.1 429 Too Many Requests"
2026-09-07 21:55:04,476 WARNING crawler.llm.vertex_provider: Vertex AI lỗi tạm thời (lần 5/6), đợi 32.1s rồi thử lại: 429 RESOURCE_EXHAUSTED. {'error': {'code': 429, 'message': 'Resource exhausted. Please try again later. Please refer to 
2026-09-07 21:55:07,119 INFO httpx: HTTP Request: POST https://us-central1-aiplatform.googleapis.com/v1beta1/projects/project-bf21b155-6b73-4230-8ef/locations/us-central1/publishers/google/models/gemini-2.5-flash:generateContent "HTTP/1.1 200 OK"
2026-09-07 21:55:07,286 INFO crawler.llm.fallback: Gọi LLM provider: vertex-ai
2026-09-07 21:55:07,286 INFO google_genai.models: AFC is enabled with max remote calls: 10.
2026-09-07 21:55:08,784 INFO httpx: HTTP Request: POST https://us-central1-aiplatform.googleapis.com/v1beta1/projects/project-bf21b155-6b73-4230-8ef/locations/us-central1/publishers/google/models/gemini-2.5-flash:generateContent "HTTP/1.1 200 OK"
2026-09-07 21:55:08,890 INFO crawler.llm.fallback: Gọi LLM provider: vertex-ai
2026-09-07 21:55:08,890 INFO google_genai.models: AFC is enabled with max remote calls: 10.
2026-09-07 21:55:10,047 INFO google_genai.models: AFC is enabled with max remote calls: 10.
2026-09-07 21:55:10,260 INFO httpx: HTTP Request: POST https://us-central1-aiplatform.googleapis.com/v1beta1/projects/project-bf21b155-6b73-4230-8ef/locations/us-central1/publishers/google/models/gemini-2.5-flash:generateContent "HTTP/1.1 200 OK"
2026-09-07 21:55:10,370 INFO crawler.llm.fallback: Gọi LLM provider: vertex-ai
2026-09-07 21:55:10,370 INFO google_genai.models: AFC is enabled with max remote calls: 10.
2026-09-07 21:55:11,958 INFO httpx: HTTP Request: POST https://us-central1-aiplatform.googleapis.com/v1beta1/projects/project-bf21b155-6b73-4230-8ef/locations/us-central1/publishers/google/models/gemini-2.5-flash:generateContent "HTTP/1.1 200 OK"
2026-09-07 21:55:12,025 INFO httpx: HTTP Request: POST https://us-central1-aiplatform.googleapis.com/v1beta1/projects/project-bf21b155-6b73-4230-8ef/locations/us-central1/publishers/google/models/gemini-2.5-flash:generateContent "HTTP/1.1 200 OK"
2026-09-07 21:55:12,097 INFO crawler.llm.fallback: Gọi LLM provider: vertex-ai
2026-09-07 21:55:12,098 INFO google_genai.models: AFC is enabled with max remote calls: 10.
2026-09-07 21:55:12,173 INFO crawler.llm.fallback: Gọi LLM provider: vertex-ai
2026-09-07 21:55:12,173 INFO google_genai.models: AFC is enabled with max remote calls: 10.
2026-09-07 21:55:13,633 INFO httpx: HTTP Request: POST https://us-central1-aiplatform.googleapis.com/v1beta1/projects/project-bf21b155-6b73-4230-8ef/locations/us-central1/publishers/google/models/gemini-2.5-flash:generateContent "HTTP/1.1 200 OK"
2026-09-07 21:55:13,743 INFO crawler.llm.fallback: Gọi LLM provider: vertex-ai
2026-09-07 21:55:13,744 INFO google_genai.models: AFC is enabled with max remote calls: 10.
2026-09-07 21:55:14,108 INFO httpx: HTTP Request: POST https://us-central1-aiplatform.googleapis.com/v1beta1/projects/project-bf21b155-6b73-4230-8ef/locations/us-central1/publishers/google/models/gemini-2.5-flash:generateContent "HTTP/1.1 200 OK"
2026-09-07 21:55:14,109 INFO httpx: HTTP Request: POST https://us-central1-aiplatform.googleapis.com/v1beta1/projects/project-bf21b155-6b73-4230-8ef/locations/us-central1/publishers/google/models/gemini-2.5-flash:generateContent "HTTP/1.1 429 Too Many Requests"
2026-09-07 21:55:14,111 WARNING crawler.llm.vertex_provider: Vertex AI lỗi tạm thời (lần 1/6), đợi 2.3s rồi thử lại: 429 RESOURCE_EXHAUSTED. {'error': {'code': 429, 'message': 'Resource exhausted. Please try again later. Please refer to 
2026-09-07 21:55:14,217 INFO crawler.llm.fallback: Gọi LLM provider: vertex-ai
2026-09-07 21:55:14,218 INFO google_genai.models: AFC is enabled with max remote calls: 10.
2026-09-07 21:55:14,608 INFO httpx: HTTP Request: POST https://us-central1-aiplatform.googleapis.com/v1beta1/projects/project-bf21b155-6b73-4230-8ef/locations/us-central1/publishers/google/models/gemini-2.5-flash:generateContent "HTTP/1.1 429 Too Many Requests"
2026-09-07 21:55:14,609 WARNING crawler.llm.vertex_provider: Vertex AI lỗi tạm thời (lần 1/6), đợi 2.1s rồi thử lại: 429 RESOURCE_EXHAUSTED. {'error': {'code': 429, 'message': 'Resource exhausted. Please try again later. Please refer to 
2026-09-07 21:55:16,423 INFO google_genai.models: AFC is enabled with max remote calls: 10.
2026-09-07 21:55:16,739 INFO google_genai.models: AFC is enabled with max remote calls: 10.
2026-09-07 21:55:16,748 INFO httpx: HTTP Request: POST https://us-central1-aiplatform.googleapis.com/v1beta1/projects/project-bf21b155-6b73-4230-8ef/locations/us-central1/publishers/google/models/gemini-2.5-flash:generateContent "HTTP/1.1 429 Too Many Requests"
2026-09-07 21:55:16,753 WARNING crawler.llm.vertex_provider: Vertex AI lỗi tạm thời (lần 2/6), đợi 4.4s rồi thử lại: 429 RESOURCE_EXHAUSTED. {'error': {'code': 429, 'message': 'Resource exhausted. Please try again later. Please refer to 
2026-09-07 21:55:17,180 INFO httpx: HTTP Request: POST https://us-central1-aiplatform.googleapis.com/v1beta1/projects/project-bf21b155-6b73-4230-8ef/locations/us-central1/publishers/google/models/gemini-2.5-flash:generateContent "HTTP/1.1 429 Too Many Requests"
2026-09-07 21:55:17,181 WARNING crawler.llm.vertex_provider: Vertex AI lỗi tạm thời (lần 2/6), đợi 4.6s rồi thử lại: 429 RESOURCE_EXHAUSTED. {'error': {'code': 429, 'message': 'Resource exhausted. Please try again later. Please refer to 
2026-09-07 21:55:21,151 INFO google_genai.models: AFC is enabled with max remote calls: 10.
2026-09-07 21:55:21,528 INFO httpx: HTTP Request: POST https://us-central1-aiplatform.googleapis.com/v1beta1/projects/project-bf21b155-6b73-4230-8ef/locations/us-central1/publishers/google/models/gemini-2.5-flash:generateContent "HTTP/1.1 429 Too Many Requests"
2026-09-07 21:55:21,532 WARNING crawler.llm.vertex_provider: Vertex AI lỗi tạm thời (lần 3/6), đợi 8.3s rồi thử lại: 429 RESOURCE_EXHAUSTED. {'error': {'code': 429, 'message': 'Resource exhausted. Please try again later. Please refer to 
2026-09-07 21:55:21,797 INFO google_genai.models: AFC is enabled with max remote calls: 10.
2026-09-07 21:55:22,198 INFO httpx: HTTP Request: POST https://us-central1-aiplatform.googleapis.com/v1beta1/projects/project-bf21b155-6b73-4230-8ef/locations/us-central1/publishers/google/models/gemini-2.5-flash:generateContent "HTTP/1.1 429 Too Many Requests"
2026-09-07 21:55:22,200 WARNING crawler.llm.vertex_provider: Vertex AI lỗi tạm thời (lần 3/6), đợi 8.4s rồi thử lại: 429 RESOURCE_EXHAUSTED. {'error': {'code': 429, 'message': 'Resource exhausted. Please try again later. Please refer to 
2026-09-07 21:55:29,858 INFO google_genai.models: AFC is enabled with max remote calls: 10.
2026-09-07 21:55:30,642 INFO google_genai.models: AFC is enabled with max remote calls: 10.
2026-09-07 21:55:31,210 INFO httpx: HTTP Request: POST https://us-central1-aiplatform.googleapis.com/v1beta1/projects/project-bf21b155-6b73-4230-8ef/locations/us-central1/publishers/google/models/gemini-2.5-flash:generateContent "HTTP/1.1 429 Too Many Requests"
2026-09-07 21:55:31,211 WARNING crawler.llm.vertex_provider: Vertex AI lỗi tạm thời (lần 4/6), đợi 17.0s rồi thử lại: 429 RESOURCE_EXHAUSTED. {'error': {'code': 429, 'message': 'Resource exhausted. Please try again later. Please refer to 
2026-09-07 21:55:31,727 INFO google_genai.models: AFC is enabled with max remote calls: 10.
2026-09-07 21:55:32,131 INFO httpx: HTTP Request: POST https://us-central1-aiplatform.googleapis.com/v1beta1/projects/project-bf21b155-6b73-4230-8ef/locations/us-central1/publishers/google/models/gemini-2.5-flash:generateContent "HTTP/1.1 429 Too Many Requests"
2026-09-07 21:55:32,132 WARNING crawler.llm.fallback: Provider vertex-ai thất bại (Vertex AI lỗi: 429 RESOURCE_EXHAUSTED. {'error': {'code': 429, 'message': 'Resource exhausted. Please try again later. Please refer to https://cloud.google.com/vertex-ai/generative-ai/docs/error-code-429 for more details.', 'status': 'RESOURCE_EXHAUSTED'}}), chuyển sang provider tiếp theo
2026-09-07 21:55:32,132 INFO crawler.llm.fallback: Gọi LLM provider: deepseek
2026-09-07 21:55:32,643 INFO httpx2: HTTP Request: POST https://api.deepseek.com/chat/completions "HTTP/1.1 402 Payment Required"
2026-09-07 21:55:32,644 WARNING crawler.llm.fallback: Provider deepseek thất bại (DeepSeek lỗi: Error code: 402 - {'error': {'message': 'Insufficient Balance', 'type': 'unknown_error', 'param': None, 'code': 'invalid_request_error'}}), chuyển sang provider tiếp theo
2026-09-07 21:55:32,644 WARNING crawler.pipeline: Tầng 2 (LLM) thất bại cho https://duhal.com.vn/mang-den-phan-quang-lap-noi-4x9w-tdn409: Tất cả LLM provider đều thất bại: DeepSeek lỗi: Error code: 402 - {'error': {'message': 'Insufficient Balance', 'type': 'unknown_error', 'param': None, 'code': 'invalid_request_error'}}
2026-09-07 21:55:32,749 INFO crawler.llm.fallback: Gọi LLM provider: vertex-ai
2026-09-07 21:55:32,749 INFO google_genai.models: AFC is enabled with max remote calls: 10.
2026-09-07 21:55:33,258 INFO httpx: HTTP Request: POST https://us-central1-aiplatform.googleapis.com/v1beta1/projects/project-bf21b155-6b73-4230-8ef/locations/us-central1/publishers/google/models/gemini-2.5-flash:generateContent "HTTP/1.1 200 OK"
2026-09-07 21:55:33,582 INFO crawler.llm.fallback: Gọi LLM provider: vertex-ai
2026-09-07 21:55:33,583 INFO google_genai.models: AFC is enabled with max remote calls: 10.
2026-09-07 21:55:34,490 INFO httpx: HTTP Request: POST https://us-central1-aiplatform.googleapis.com/v1beta1/projects/project-bf21b155-6b73-4230-8ef/locations/us-central1/publishers/google/models/gemini-2.5-flash:generateContent "HTTP/1.1 200 OK"
2026-09-07 21:55:34,599 INFO crawler.llm.fallback: Gọi LLM provider: vertex-ai
2026-09-07 21:55:34,599 INFO google_genai.models: AFC is enabled with max remote calls: 10.
2026-09-07 21:55:34,929 INFO httpx: HTTP Request: POST https://us-central1-aiplatform.googleapis.com/v1beta1/projects/project-bf21b155-6b73-4230-8ef/locations/us-central1/publishers/google/models/gemini-2.5-flash:generateContent "HTTP/1.1 429 Too Many Requests"
2026-09-07 21:55:34,931 WARNING crawler.llm.vertex_provider: Vertex AI lỗi tạm thời (lần 1/6), đợi 2.4s rồi thử lại: 429 RESOURCE_EXHAUSTED. {'error': {'code': 429, 'message': 'Resource exhausted. Please try again later. Please refer to 
2026-09-07 21:55:35,408 INFO httpx: HTTP Request: POST https://us-central1-aiplatform.googleapis.com/v1beta1/projects/project-bf21b155-6b73-4230-8ef/locations/us-central1/publishers/google/models/gemini-2.5-flash:generateContent "HTTP/1.1 200 OK"
2026-09-07 21:55:35,411 INFO crawler.llm.validate: Bỏ tag không có căn cứ trong nguồn: chup='trong suot (.../T), Van cat (.../P), Chup duc (.../O)'
2026-09-07 21:55:35,522 INFO crawler.llm.fallback: Gọi LLM provider: vertex-ai
2026-09-07 21:55:35,522 INFO google_genai.models: AFC is enabled with max remote calls: 10.
2026-09-07 21:55:36,554 INFO google_genai.models: AFC is enabled with max remote calls: 10.
2026-09-07 21:55:36,864 INFO httpx: HTTP Request: POST https://us-central1-aiplatform.googleapis.com/v1beta1/projects/project-bf21b155-6b73-4230-8ef/locations/us-central1/publishers/google/models/gemini-2.5-flash:generateContent "HTTP/1.1 429 Too Many Requests"
2026-09-07 21:55:36,865 WARNING crawler.llm.fallback: Provider vertex-ai thất bại (Vertex AI lỗi: 429 RESOURCE_EXHAUSTED. {'error': {'code': 429, 'message': 'Resource exhausted. Please try again later. Please refer to https://cloud.google.com/vertex-ai/generative-ai/docs/error-code-429 for more details.', 'status': 'RESOURCE_EXHAUSTED'}}), chuyển sang provider tiếp theo
2026-09-07 21:55:36,865 INFO crawler.llm.fallback: Gọi LLM provider: deepseek
2026-09-07 21:55:36,895 INFO httpx: HTTP Request: POST https://us-central1-aiplatform.googleapis.com/v1beta1/projects/project-bf21b155-6b73-4230-8ef/locations/us-central1/publishers/google/models/gemini-2.5-flash:generateContent "HTTP/1.1 200 OK"
2026-09-07 21:55:36,904 INFO crawler.llm.validate: Bỏ tag không có căn cứ trong nguồn: chup='trong suot (.../T), Vân cát (.../P), đục (.../O)'
2026-09-07 21:55:36,953 WARNING crawler.pipeline: Fetch thất bại cho https://duhal.com.vn/mang-den-tan-quang-lap-noi-chup-mica-3x9w-lln309: None
2026-09-07 21:55:36,953 WARNING crawler.pipeline: Fetch thất bại cho https://duhal.com.vn/mang-den-tan-quang-lap-noi-chup-mica-4x18w-lln418: None
2026-09-07 21:55:37,014 INFO crawler.llm.fallback: Gọi LLM provider: vertex-ai
2026-09-07 21:55:37,015 INFO google_genai.models: AFC is enabled with max remote calls: 10.
2026-09-07 21:55:37,294 INFO google_genai.models: AFC is enabled with max remote calls: 10.
2026-09-07 21:55:37,323 INFO httpx2: HTTP Request: POST https://api.deepseek.com/chat/completions "HTTP/1.1 402 Payment Required"
2026-09-07 21:55:37,324 WARNING crawler.llm.fallback: Provider deepseek thất bại (DeepSeek lỗi: Error code: 402 - {'error': {'message': 'Insufficient Balance', 'type': 'unknown_error', 'param': None, 'code': 'invalid_request_error'}}), chuyển sang provider tiếp theo
2026-09-07 21:55:37,324 WARNING crawler.pipeline: Tầng 2 (LLM) thất bại cho https://duhal.com.vn/mang-den-tan-quang-am-tran-chup-mica-2x18w-lla218: Tất cả LLM provider đều thất bại: DeepSeek lỗi: Error code: 402 - {'error': {'message': 'Insufficient Balance', 'type': 'unknown_error', 'param': None, 'code': 'invalid_request_error'}}
2026-09-07 21:55:37,482 INFO crawler.llm.fallback: Gọi LLM provider: vertex-ai
2026-09-07 21:55:37,483 INFO google_genai.models: AFC is enabled with max remote calls: 10.
2026-09-07 21:55:37,763 INFO httpx: HTTP Request: POST https://us-central1-aiplatform.googleapis.com/v1beta1/projects/project-bf21b155-6b73-4230-8ef/locations/us-central1/publishers/google/models/gemini-2.5-flash:generateContent "HTTP/1.1 429 Too Many Requests"
2026-09-07 21:55:37,765 WARNING crawler.llm.vertex_provider: Vertex AI lỗi tạm thời (lần 2/6), đợi 4.4s rồi thử lại: 429 RESOURCE_EXHAUSTED. {'error': {'code': 429, 'message': 'Resource exhausted. Please try again later. Please refer to 
2026-09-07 21:55:38,788 INFO httpx: HTTP Request: POST https://us-central1-aiplatform.googleapis.com/v1beta1/projects/project-bf21b155-6b73-4230-8ef/locations/us-central1/publishers/google/models/gemini-2.5-flash:generateContent "HTTP/1.1 200 OK"
2026-09-07 21:55:38,789 INFO httpx: HTTP Request: POST https://us-central1-aiplatform.googleapis.com/v1beta1/projects/project-bf21b155-6b73-4230-8ef/locations/us-central1/publishers/google/models/gemini-2.5-flash:generateContent "HTTP/1.1 429 Too Many Requests"
2026-09-07 21:55:38,791 WARNING crawler.llm.vertex_provider: Vertex AI lỗi tạm thời (lần 1/6), đợi 2.2s rồi thử lại: 429 RESOURCE_EXHAUSTED. {'error': {'code': 429, 'message': 'Resource exhausted. Please try again later. Please refer to 
2026-09-07 21:55:38,890 INFO crawler.llm.fallback: Gọi LLM provider: vertex-ai
2026-09-07 21:55:38,890 INFO google_genai.models: AFC is enabled with max remote calls: 10.
2026-09-07 21:55:39,401 INFO httpx: HTTP Request: POST https://us-central1-aiplatform.googleapis.com/v1beta1/projects/project-bf21b155-6b73-4230-8ef/locations/us-central1/publishers/google/models/gemini-2.5-flash:generateContent "HTTP/1.1 429 Too Many Requests"
2026-09-07 21:55:39,402 WARNING crawler.llm.vertex_provider: Vertex AI lỗi tạm thời (lần 1/6), đợi 2.1s rồi thử lại: 429 RESOURCE_EXHAUSTED. {'error': {'code': 429, 'message': 'Resource exhausted. Please try again later. Please refer to 
2026-09-07 21:55:40,947 INFO google_genai.models: AFC is enabled with max remote calls: 10.
2026-09-07 21:55:41,493 INFO google_genai.models: AFC is enabled with max remote calls: 10.
2026-09-07 21:55:41,953 INFO httpx: HTTP Request: POST https://us-central1-aiplatform.googleapis.com/v1beta1/projects/project-bf21b155-6b73-4230-8ef/locations/us-central1/publishers/google/models/gemini-2.5-flash:generateContent "HTTP/1.1 429 Too Many Requests"
2026-09-07 21:55:41,955 WARNING crawler.llm.vertex_provider: Vertex AI lỗi tạm thời (lần 2/6), đợi 4.8s rồi thử lại: 429 RESOURCE_EXHAUSTED. {'error': {'code': 429, 'message': 'Resource exhausted. Please try again later. Please refer to 
2026-09-07 21:55:42,166 INFO httpx: HTTP Request: POST https://us-central1-aiplatform.googleapis.com/v1beta1/projects/project-bf21b155-6b73-4230-8ef/locations/us-central1/publishers/google/models/gemini-2.5-flash:generateContent "HTTP/1.1 429 Too Many Requests"
2026-09-07 21:55:42,168 WARNING crawler.llm.vertex_provider: Vertex AI lỗi tạm thời (lần 2/6), đợi 4.1s rồi thử lại: 429 RESOURCE_EXHAUSTED. {'error': {'code': 429, 'message': 'Resource exhausted. Please try again later. Please refer to 
2026-09-07 21:55:42,186 INFO google_genai.models: AFC is enabled with max remote calls: 10.
2026-09-07 21:55:42,576 INFO httpx: HTTP Request: POST https://us-central1-aiplatform.googleapis.com/v1beta1/projects/project-bf21b155-6b73-4230-8ef/locations/us-central1/publishers/google/models/gemini-2.5-flash:generateContent "HTTP/1.1 429 Too Many Requests"
2026-09-07 21:55:42,577 WARNING crawler.llm.vertex_provider: Vertex AI lỗi tạm thời (lần 3/6), đợi 8.9s rồi thử lại: 429 RESOURCE_EXHAUSTED. {'error': {'code': 429, 'message': 'Resource exhausted. Please try again later. Please refer to 
2026-09-07 21:55:46,226 INFO google_genai.models: AFC is enabled with max remote calls: 10.
2026-09-07 21:55:46,555 INFO httpx: HTTP Request: POST https://us-central1-aiplatform.googleapis.com/v1beta1/projects/project-bf21b155-6b73-4230-8ef/locations/us-central1/publishers/google/models/gemini-2.5-flash:generateContent "HTTP/1.1 429 Too Many Requests"
2026-09-07 21:55:46,557 WARNING crawler.llm.vertex_provider: Vertex AI lỗi tạm thời (lần 3/6), đợi 8.3s rồi thử lại: 429 RESOURCE_EXHAUSTED. {'error': {'code': 429, 'message': 'Resource exhausted. Please try again later. Please refer to 
2026-09-07 21:55:46,714 INFO google_genai.models: AFC is enabled with max remote calls: 10.
2026-09-07 21:55:47,593 INFO httpx: HTTP Request: POST https://us-central1-aiplatform.googleapis.com/v1beta1/projects/project-bf21b155-6b73-4230-8ef/locations/us-central1/publishers/google/models/gemini-2.5-flash:generateContent "HTTP/1.1 429 Too Many Requests"
2026-09-07 21:55:47,595 WARNING crawler.llm.vertex_provider: Vertex AI lỗi tạm thời (lần 3/6), đợi 8.9s rồi thử lại: 429 RESOURCE_EXHAUSTED. {'error': {'code': 429, 'message': 'Resource exhausted. Please try again later. Please refer to 
2026-09-07 21:55:48,165 INFO google_genai.models: AFC is enabled with max remote calls: 10.
2026-09-07 21:55:48,618 INFO httpx: HTTP Request: POST https://us-central1-aiplatform.googleapis.com/v1beta1/projects/project-bf21b155-6b73-4230-8ef/locations/us-central1/publishers/google/models/gemini-2.5-flash:generateContent "HTTP/1.1 429 Too Many Requests"
2026-09-07 21:55:48,619 WARNING crawler.llm.vertex_provider: Vertex AI lỗi tạm thời (lần 5/6), đợi 32.3s rồi thử lại: 429 RESOURCE_EXHAUSTED. {'error': {'code': 429, 'message': 'Resource exhausted. Please try again later. Please refer to 
2026-09-07 21:55:51,435 INFO google_genai.models: AFC is enabled with max remote calls: 10.
2026-09-07 21:55:51,714 INFO httpx: HTTP Request: POST https://us-central1-aiplatform.googleapis.com/v1beta1/projects/project-bf21b155-6b73-4230-8ef/locations/us-central1/publishers/google/models/gemini-2.5-flash:generateContent "HTTP/1.1 429 Too Many Requests"
2026-09-07 21:55:51,718 WARNING crawler.llm.vertex_provider: Vertex AI lỗi tạm thời (lần 4/6), đợi 16.9s rồi thử lại: 429 RESOURCE_EXHAUSTED. {'error': {'code': 429, 'message': 'Resource exhausted. Please try again later. Please refer to 
2026-09-07 21:55:54,811 INFO google_genai.models: AFC is enabled with max remote calls: 10.
2026-09-07 21:55:56,345 INFO httpx: HTTP Request: POST https://us-central1-aiplatform.googleapis.com/v1beta1/projects/project-bf21b155-6b73-4230-8ef/locations/us-central1/publishers/google/models/gemini-2.5-flash:generateContent "HTTP/1.1 200 OK"
2026-09-07 21:55:56,356 INFO crawler.llm.validate: Bỏ tag không có căn cứ trong nguồn: chup='trong suot (.../T), Vân cát (.../P), đục (.../O)'
2026-09-07 21:55:56,454 INFO crawler.llm.fallback: Gọi LLM provider: vertex-ai
2026-09-07 21:55:56,454 INFO google_genai.models: AFC is enabled with max remote calls: 10.
2026-09-07 21:55:56,454 INFO google_genai.models: AFC is enabled with max remote calls: 10.
2026-09-07 21:55:57,834 INFO httpx: HTTP Request: POST https://us-central1-aiplatform.googleapis.com/v1beta1/projects/project-bf21b155-6b73-4230-8ef/locations/us-central1/publishers/google/models/gemini-2.5-flash:generateContent "HTTP/1.1 429 Too Many Requests"
2026-09-07 21:55:57,835 WARNING crawler.llm.vertex_provider: Vertex AI lỗi tạm thời (lần 1/6), đợi 2.9s rồi thử lại: 429 RESOURCE_EXHAUSTED. {'error': {'code': 429, 'message': 'Resource exhausted. Please try again later. Please refer to 
2026-09-07 21:55:58,552 INFO httpx: HTTP Request: POST https://us-central1-aiplatform.googleapis.com/v1beta1/projects/project-bf21b155-6b73-4230-8ef/locations/us-central1/publishers/google/models/gemini-2.5-flash:generateContent "HTTP/1.1 200 OK"
2026-09-07 21:55:58,654 INFO crawler.llm.fallback: Gọi LLM provider: vertex-ai
2026-09-07 21:55:58,655 INFO google_genai.models: AFC is enabled with max remote calls: 10.
2026-09-07 21:56:00,439 INFO httpx: HTTP Request: POST https://us-central1-aiplatform.googleapis.com/v1beta1/projects/project-bf21b155-6b73-4230-8ef/locations/us-central1/publishers/google/models/gemini-2.5-flash:generateContent "HTTP/1.1 200 OK"
2026-09-07 21:56:00,550 INFO crawler.llm.fallback: Gọi LLM provider: vertex-ai
2026-09-07 21:56:00,550 INFO google_genai.models: AFC is enabled with max remote calls: 10.
2026-09-07 21:56:00,732 INFO google_genai.models: AFC is enabled with max remote calls: 10.
2026-09-07 21:56:01,213 INFO httpx: HTTP Request: POST https://us-central1-aiplatform.googleapis.com/v1beta1/projects/project-bf21b155-6b73-4230-8ef/locations/us-central1/publishers/google/models/gemini-2.5-flash:generateContent "HTTP/1.1 429 Too Many Requests"
2026-09-07 21:56:01,215 WARNING crawler.llm.vertex_provider: Vertex AI lỗi tạm thời (lần 2/6), đợi 4.1s rồi thử lại: 429 RESOURCE_EXHAUSTED. {'error': {'code': 429, 'message': 'Resource exhausted. Please try again later. Please refer to 
2026-09-07 21:56:01,828 INFO httpx: HTTP Request: POST https://us-central1-aiplatform.googleapis.com/v1beta1/projects/project-bf21b155-6b73-4230-8ef/locations/us-central1/publishers/google/models/gemini-2.5-flash:generateContent "HTTP/1.1 200 OK"
2026-09-07 21:56:01,931 INFO crawler.llm.fallback: Gọi LLM provider: vertex-ai
2026-09-07 21:56:01,931 INFO google_genai.models: AFC is enabled with max remote calls: 10.
2026-09-07 21:56:03,261 INFO httpx: HTTP Request: POST https://us-central1-aiplatform.googleapis.com/v1beta1/projects/project-bf21b155-6b73-4230-8ef/locations/us-central1/publishers/google/models/gemini-2.5-flash:generateContent "HTTP/1.1 200 OK"
2026-09-07 21:56:03,369 INFO crawler.llm.fallback: Gọi LLM provider: vertex-ai
2026-09-07 21:56:03,369 INFO google_genai.models: AFC is enabled with max remote calls: 10.
2026-09-07 21:56:04,797 INFO httpx: HTTP Request: POST https://us-central1-aiplatform.googleapis.com/v1beta1/projects/project-bf21b155-6b73-4230-8ef/locations/us-central1/publishers/google/models/gemini-2.5-flash:generateContent "HTTP/1.1 200 OK"
2026-09-07 21:56:05,364 INFO google_genai.models: AFC is enabled with max remote calls: 10.
2026-09-07 21:56:07,152 INFO httpx: HTTP Request: POST https://us-central1-aiplatform.googleapis.com/v1beta1/projects/project-bf21b155-6b73-4230-8ef/locations/us-central1/publishers/google/models/gemini-2.5-flash:generateContent "HTTP/1.1 200 OK"
2026-09-07 21:56:08,653 INFO google_genai.models: AFC is enabled with max remote calls: 10.
2026-09-07 21:56:10,430 INFO httpx: HTTP Request: POST https://us-central1-aiplatform.googleapis.com/v1beta1/projects/project-bf21b155-6b73-4230-8ef/locations/us-central1/publishers/google/models/gemini-2.5-flash:generateContent "HTTP/1.1 200 OK"
2026-09-07 21:56:10,433 INFO crawler.llm.validate: Bỏ tag không có căn cứ trong nguồn: quy_cach='null'
2026-09-07 21:56:20,916 INFO google_genai.models: AFC is enabled with max remote calls: 10.
2026-09-07 21:56:23,537 INFO httpx: HTTP Request: POST https://us-central1-aiplatform.googleapis.com/v1beta1/projects/project-bf21b155-6b73-4230-8ef/locations/us-central1/publishers/google/models/gemini-2.5-flash:generateContent "HTTP/1.1 200 OK"
2026-09-07 21:56:23,830 INFO crawl_site: Đã ghi 615 bản ghi vào output/duhal.com.vn.xlsx (0 OK, 615 cần review)
2026-09-07 21:56:23,830 INFO crawl_site: Chia thành 1 sheet theo loại sản phẩm:
2026-09-07 21:56:23,830 INFO crawl_site:   Chưa phân loại                                615 sản phẩm
2026-09-07 21:56:23,830 INFO crawl_site: THỜI GIAN: 42.6 phút cho 615 sản phẩm (4 luồng, 4.16 s/sản phẩm)
